phase,frame_ms,character_update_ms
idle,5.6372,0.078000
idle,7.3653,0.084600
idle,5.3963,0.075100
idle,5.6477,0.114200
idle,5.9152,0.074100
idle,5.6060,0.108900
idle,6.0900,0.135800
idle,5.7808,0.092700
idle,6.1133,0.071200
idle,5.9929,0.100900
idle,5.6967,0.079500
idle,5.7797,0.094900
idle,6.0199,0.090200
idle,5.6183,0.075800
idle,6.1200,0.082400
idle,6.3332,0.091300
idle,6.5495,0.070900
idle,5.2319,0.130300
idle,5.7518,0.077300
idle,5.6141,0.094600
idle,7.7054,0.083800
idle,6.5575,0.082000
idle,5.1205,0.078400
idle,5.7241,0.092900
idle,5.7956,0.082000
idle,5.8946,0.074000
idle,5.6420,0.077000
idle,5.6775,0.079600
idle,6.2808,0.079500
idle,6.3800,0.089100
idle,5.7359,0.074900
idle,5.9689,0.122400
idle,5.7701,0.085300
idle,5.6487,0.084300
idle,6.5266,0.081900
idle,5.9244,0.079000
idle,5.6321,0.077500
idle,6.0575,0.097700
idle,5.9492,0.109000
idle,6.6319,0.138700
idle,6.1832,0.123000
idle,5.5862,0.100400
idle,5.7417,0.168500
idle,6.0326,0.080100
idle,5.7787,0.117100
idle,5.5706,0.090500
idle,5.9956,0.082100
idle,6.2127,0.084000
idle,6.6648,0.106800
idle,5.6167,0.160200
idle,6.3232,0.075400
idle,5.6874,0.074900
idle,6.0333,0.163800
idle,5.8609,0.087100
idle,6.7209,0.084500
idle,8.2215,0.135700
idle,5.5838,0.093100
idle,5.7275,0.085100
idle,5.5564,0.082300
idle,6.0387,0.090800
idle,5.7922,0.110500
idle,6.0320,0.078000
idle,6.1633,0.075900
idle,5.7640,0.069800
idle,5.7102,0.068700
idle,5.8302,0.101400
idle,6.2047,0.081800
idle,5.5277,0.091700
idle,6.3011,0.081000
idle,5.7728,0.070000
idle,5.6727,0.070700
idle,6.2539,0.082800
idle,5.8409,0.094600
idle,5.9526,0.106700
idle,6.3885,0.114600
idle,5.8264,0.112200
idle,9.2492,0.079100
idle,4.5279,0.094200
idle,5.8798,0.069200
idle,6.5512,0.074700
idle,5.3452,0.079600
idle,6.4105,0.080700
idle,5.9479,0.073600
idle,5.7371,0.098500
idle,5.7882,0.082700
idle,5.8019,0.083500
idle,5.6205,0.076000
idle,6.5708,0.079400
idle,5.8027,0.075900
idle,5.6813,0.146000
idle,5.8572,0.080000
idle,5.8339,0.113400
idle,5.9615,0.096200
idle,5.9803,0.073400
idle,6.0722,0.081100
idle,5.8219,0.115700
idle,5.5645,0.075900
idle,5.6791,0.086500
idle,5.8042,0.089300
idle,5.5739,0.083700
idle,5.7144,0.079900
idle,6.6669,0.085800
idle,5.7963,0.073400
idle,5.6692,0.114500
idle,6.6538,0.080200
idle,5.2580,0.069800
idle,5.6630,0.076500
idle,6.0336,0.100000
idle,6.2755,0.090200
idle,5.9218,0.088500
idle,5.7008,0.077600
idle,5.5865,0.075600
idle,5.7090,0.076100
idle,5.9243,0.086900
idle,5.6696,0.086500
idle,6.1574,0.088700
idle,5.9007,0.091800
idle,5.6731,0.080200
idle,5.8415,0.076500
idle,5.8639,0.089700
idle,5.6721,0.077500
idle,5.8801,0.088700
idle,6.2644,0.069600
idle,6.7951,0.100600
idle,5.4938,0.103700
idle,5.6309,0.064300
idle,5.6788,0.073400
idle,5.6827,0.081400
idle,6.2781,0.082400
idle,5.8433,0.091800
idle,5.6802,0.085500
idle,5.6245,0.070700
idle,5.8494,0.068900
idle,5.7753,0.107100
idle,5.8621,0.080400
idle,6.1282,0.068500
idle,5.8136,0.075300
idle,5.8941,0.075100
idle,5.6252,0.066900
idle,5.6498,0.074500
idle,5.8687,0.082000
idle,5.7267,0.079300
idle,6.0760,0.100100
idle,5.8648,0.079100
idle,5.6727,0.077100
idle,5.7654,0.102700
idle,5.7752,0.081700
idle,5.7357,0.132300
idle,6.2111,0.086600
idle,6.2478,0.132400
idle,5.8405,0.072800
idle,5.7682,0.075200
idle,5.6655,0.072900
idle,5.6127,0.086700
idle,7.5857,0.087900
idle,5.1150,0.085300
idle,6.0298,0.078700
idle,6.0281,0.084800
idle,5.8129,0.080500
idle,5.9158,0.075300
idle,5.6798,0.072800
idle,6.1425,0.091200
idle,6.2401,0.085600
idle,6.0405,0.085700
idle,5.7290,0.071400
idle,5.6170,0.077900
idle,5.6652,0.081400
idle,5.8264,0.096900
idle,5.6893,0.078400
idle,6.0430,0.089600
idle,5.7746,0.067900
idle,5.6114,0.066300
idle,5.7164,0.072100
idle,5.6598,0.068800
idle,6.0621,0.092900
idle,5.6776,0.087600
idle,6.1503,0.085800
idle,6.0468,0.073700
idle,5.4042,0.070100
idle,5.9497,0.082700
idle,5.7221,0.075300
idle,5.6238,0.128000
idle,5.6913,0.065100
idle,6.0284,0.068800
idle,5.8033,0.097300
idle,5.5350,0.066800
idle,5.6634,0.084100
idle,5.6152,0.071900
idle,5.8632,0.078000
idle,5.5941,0.092200
idle,6.3132,0.080500
idle,5.8997,0.107700
idle,5.7947,0.083000
idle,5.6383,0.120700
idle,5.7478,0.071600
idle,5.6137,0.093100
idle,6.1766,0.179100
idle,7.1778,0.097200
idle,5.7388,0.088400
idle,6.2495,0.145600
idle,5.6612,0.123500
idle,5.4484,0.097800
idle,7.9155,0.136700
idle,5.6906,0.113200
idle,5.9753,0.091600
idle,6.8176,0.086400
idle,5.1270,0.087700
idle,5.7575,0.114200
idle,5.7985,0.080900
idle,5.6404,0.076300
idle,7.3560,0.082500
idle,5.5068,0.093100
idle,6.1774,0.094800
idle,5.2951,0.125300
idle,5.8249,0.125000
idle,5.7063,0.109800
idle,5.8908,0.096900
idle,6.1385,0.086000
idle,5.8471,0.083400
idle,5.9714,0.091100
idle,5.9854,0.086500
idle,5.7787,0.112000
idle,5.7976,0.103700
idle,6.2745,0.080400
idle,5.8433,0.083000
idle,7.6111,0.086300
idle,5.5537,0.086800
idle,5.6183,0.094000
idle,6.2647,0.111000
idle,5.9401,0.086500
idle,6.1015,0.111300
idle,6.1203,0.116600
idle,5.7806,0.074600
idle,5.6003,0.084900
idle,5.7827,0.079600
idle,5.8613,0.084700
idle,5.6596,0.112700
idle,6.2769,0.093300
idle,5.9723,0.085300
idle,5.6919,0.071700
idle,6.0132,0.086600
idle,5.8958,0.138100
idle,5.7786,0.091500
idle,6.6258,0.077000
idle,5.9100,0.110200
idle,5.7141,0.086900
idle,5.7227,0.074300
idle,5.7305,0.076400
idle,5.8266,0.085800
idle,5.9086,0.077600
idle,6.0799,0.113900
idle,5.8167,0.065300
idle,5.7273,0.068300
idle,5.8362,0.075800
idle,5.7853,0.075400
idle,5.7049,0.087800
idle,6.1302,0.090200
idle,6.0937,0.090400
idle,5.8252,0.080300
idle,5.7836,0.106600
idle,6.1325,0.078500
idle,5.6589,0.078300
idle,7.6215,0.250300
idle,5.4118,0.086100
idle,6.1690,0.096700
idle,5.7776,0.108400
idle,5.7143,0.111900
idle,5.8520,0.105800
idle,5.7227,0.079900
idle,5.7559,0.107900
idle,6.4084,0.113800
idle,5.9411,0.080800
idle,5.7139,0.083300
idle,5.9893,0.094900
idle,5.8049,0.071900
idle,5.6678,0.081100
idle,5.8404,0.087600
idle,6.0219,0.090100
idle,6.5163,0.134300
idle,5.0357,0.079500
idle,5.8678,0.089600
idle,5.7898,0.070100
idle,5.7739,0.081200
idle,5.7446,0.081100
idle,6.0409,0.078000
idle,5.8518,0.083600
idle,5.6631,0.076900
idle,5.9450,0.076600
idle,6.0582,0.105500
idle,5.6139,0.088800
idle,5.8242,0.095400
idle,6.1630,0.067800
idle,6.0004,0.075800
idle,5.6731,0.077500
idle,6.2122,0.096500
idle,5.8150,0.074300
idle,5.8830,0.085400
idle,6.3378,0.134700
idle,5.5685,0.074600
idle,5.7678,0.083500
idle,5.8905,0.080800
idle,5.7934,0.079900
idle,7.3047,0.085900
idle,4.6540,0.078300
idle,5.7730,0.069900
idle,6.0863,0.093800
idle,6.1102,0.080500
idle,5.6983,0.122700
idle,6.2173,0.095100
idle,6.3198,0.077600
idle,5.7545,0.073600
idle,6.3425,0.081200
idle,5.7652,0.075700
idle,5.7707,0.077100
idle,5.9305,0.076700
idle,6.1097,0.086600
idle,5.6080,0.085700
idle,5.6325,0.081800
idle,6.2726,0.075300
idle,5.8761,0.077500
idle,5.8398,0.072600
idle,5.7551,0.075200
idle,5.5768,0.088700
idle,5.7617,0.122600
idle,6.4047,0.141800
idle,5.8639,0.095900
idle,6.0776,0.113400
idle,5.7063,0.079300
idle,5.7427,0.084800
idle,6.0424,0.076600
idle,5.6060,0.071500
idle,6.1295,0.099400
idle,5.9184,0.073300
idle,5.7088,0.084700
idle,5.8972,0.078100
idle,6.0810,0.088300
idle,5.7806,0.076900
idle,5.6372,0.069400
idle,6.0460,0.065300
idle,5.7553,0.072900
idle,5.8963,0.072300
idle,5.6611,0.068400
idle,5.6938,0.104000
idle,5.6137,0.068200
idle,5.6592,0.062200
idle,6.3796,0.123500
idle,5.9389,0.097000
idle,6.7615,0.089400
idle,5.6182,0.068200
idle,5.7362,0.076200
idle,5.5732,0.069300
idle,5.8145,0.060200
idle,6.0141,0.067800
idle,5.8515,0.077000
idle,6.0314,0.095400
idle,5.6745,0.070400
idle,5.5987,0.078500
idle,5.8768,0.071100
idle,5.7176,0.072500
idle,6.0625,0.072400
idle,5.8417,0.098600
idle,5.7208,0.082900
idle,5.8999,0.074300
idle,5.6489,0.071300
idle,5.5990,0.068700
idle,5.6836,0.094700
idle,6.1553,0.069600
idle,5.8588,0.076800
idle,5.8572,0.085200
idle,5.6364,0.069500
idle,5.7161,0.067300
idle,5.8812,0.076400
idle,5.7433,0.107700
idle,6.0455,0.097400
idle,6.3838,0.102300
idle,5.6350,0.085400
idle,5.8503,0.072000
idle,5.7587,0.073800
idle,5.7337,0.080200
idle,6.2495,0.073000
idle,5.8903,0.073000
idle,5.6290,0.080700
idle,6.0468,0.214900
idle,5.7291,0.076800
idle,5.6800,0.075200
idle,5.6082,0.068900
idle,6.3612,0.083300
idle,5.8639,0.144700
idle,5.6652,0.099100
idle,15.7450,0.084800
idle,4.7914,0.065300
idle,4.0170,0.065100
idle,3.0194,0.054500
idle,2.9888,0.058000
idle,2.6922,0.058400
idle,3.2400,0.055500
idle,2.7020,0.051500
idle,2.7697,0.069700
idle,2.9330,0.051600
idle,2.6267,0.052500
idle,2.7719,0.055000
idle,2.7287,0.053200
idle,2.5758,0.096300
idle,3.0779,0.060300
idle,3.3731,0.059000
idle,2.7393,0.052600
idle,2.7082,0.084000
idle,4.0396,0.105500
idle,4.4042,0.068500
idle,3.5595,0.065800
idle,3.2200,0.090300
idle,3.6281,0.060200
idle,2.9389,0.053900
idle,2.6116,0.050100
idle,2.5161,0.062300
idle,3.4011,0.059100
idle,2.9758,0.057200
idle,3.1668,0.052900
idle,2.9696,0.056900
idle,2.8071,0.051300
idle,3.4806,0.085000
idle,3.5279,0.076800
idle,2.8798,0.059700
idle,3.3120,0.075300
idle,2.8857,0.055300
idle,2.8437,0.054400
idle,2.9764,0.076400
idle,3.9673,0.068000
idle,2.6940,0.052900
idle,2.7960,0.053400
idle,2.6012,0.049100
idle,3.7015,0.068300
idle,3.7268,0.068400
idle,3.0191,0.080900
idle,3.5259,0.071800
idle,2.9320,0.080900
idle,2.9827,0.056300
idle,2.8975,0.057400
idle,3.2366,0.054900
idle,2.6916,0.049400
idle,2.6485,0.052800
idle,3.1266,0.072100
idle,2.9475,0.058600
idle,3.0958,0.055300
idle,2.8924,0.058100
idle,2.8549,0.053500
idle,2.8372,0.047800
idle,2.5292,0.069900
idle,3.1729,0.053400
idle,2.6572,0.051700
idle,3.1006,0.060800
idle,3.0960,0.061300
idle,2.7712,0.060800
idle,2.7152,0.056000
idle,2.6344,0.092700
idle,2.9367,0.055700
idle,2.4056,0.066600
idle,2.3646,0.065600
idle,2.5808,0.052200
idle,2.3082,0.048500
idle,2.4882,0.078500
idle,3.3197,0.057100
idle,2.8438,0.073700
idle,3.5550,0.053800
idle,2.6871,0.046800
idle,3.1040,0.129300
idle,3.1472,0.057000
idle,2.9088,0.052500
idle,3.5715,0.070100
idle,2.9250,0.053400
idle,2.9029,0.065700
idle,2.8710,0.055500
idle,2.8830,0.052700
idle,2.5124,0.077100
idle,2.8942,0.050800
idle,2.8957,0.066900
idle,2.9700,0.105800
idle,3.0508,0.052000
idle,2.4423,0.047100
idle,2.7085,0.081900
idle,2.6347,0.052000
idle,2.3533,0.045500
idle,2.9100,0.057400
idle,4.3843,0.123300
idle,6.1161,0.073800
idle,4.9161,0.091900
idle,11.1429,0.163000
idle,7.2091,0.139900
idle,4.7765,0.150500
idle,3.9332,0.072700
idle,3.4045,0.059100
idle,3.2214,0.095400
idle,3.5840,0.066000
idle,3.4580,0.068900
idle,3.3149,0.063400
idle,3.7180,0.070800
idle,3.0879,0.058100
idle,4.2009,0.119300
idle,3.9540,0.098000
idle,3.2962,0.070300
idle,3.4467,0.105000
idle,3.9188,0.070100
idle,3.8209,0.115300
idle,4.3967,0.068800
idle,3.2647,0.068400
idle,3.0350,0.064600
idle,4.7966,0.098800
idle,3.7703,0.090500
idle,5.0714,0.074700
idle,4.7758,0.078400
idle,4.4434,0.104500
idle,4.3498,0.079000
idle,4.6645,0.114800
idle,7.3337,0.149200
idle,7.3523,0.276600
idle,10.5604,0.145200
idle,8.5677,0.150000
idle,8.5865,0.138500
idle,7.8229,0.121700
idle,5.9488,0.123300
idle,8.2250,0.112300
idle,9.3744,0.230600
idle,6.3989,0.124100
idle,6.5515,0.201200
idle,9.4864,0.151500
idle,9.7757,0.364100
idle,8.5628,0.138700
idle,11.1823,0.124500
idle,12.1805,0.196600
idle,8.3541,0.143900
idle,7.5677,0.137300
idle,6.7812,0.082900
idle,5.3623,0.127400
idle,5.1328,0.105300
idle,4.2193,0.104900
idle,3.6991,0.073700
idle,3.4239,0.065000
idle,3.2039,0.075900
idle,3.7679,0.065900
idle,2.9406,0.064700
idle,3.5405,0.066800
idle,3.7587,0.082100
idle,3.6173,0.068000
idle,3.0263,0.091600
idle,3.4438,0.064000
idle,3.0869,0.076700
idle,3.9167,0.089200
idle,3.6097,0.068200
idle,3.4052,0.061000
idle,2.8975,0.066600
idle,3.5873,0.099800
idle,3.7847,0.077200
idle,3.3756,0.093900
idle,3.1557,0.058000
idle,3.8931,0.134300
idle,3.5247,0.076800
idle,4.0249,0.123100
idle,3.4956,0.086600
idle,3.6780,0.085900
idle,3.7032,0.079700
idle,3.8194,0.064200
idle,3.4622,0.094900
idle,3.5383,0.061800
idle,4.0712,0.068700
idle,3.3836,0.063100
idle,3.6379,0.109000
idle,4.0646,0.119600
idle,3.6223,0.082400
idle,3.0095,0.082300
idle,3.6129,0.093200
idle,3.1390,0.074600
idle,4.1499,0.069000
idle,3.6251,0.174100
idle,4.4306,0.079900
idle,3.9244,0.143600
idle,4.8597,0.067800
idle,5.3573,0.094100
idle,4.8545,0.122700
idle,4.0293,0.077100
idle,3.9670,0.072300
idle,5.0223,0.120200
idle,5.2835,0.123600
idle,5.3000,0.089500
idle,5.4936,0.094400
idle,5.1408,0.099900
idle,5.3339,0.135000
idle,5.2686,0.085500
idle,5.0869,0.088400
idle,4.3557,0.089000
idle,4.5403,0.069200
idle,4.7166,0.067900
idle,4.9659,0.087000
idle,5.3161,0.079900
idle,4.7451,0.072600
idle,7.0416,0.127400
idle,6.5268,0.093700
idle,5.9995,0.122400
idle,6.6346,0.106500
idle,7.1476,0.111900
idle,6.3570,0.104600
idle,6.5323,0.124800
idle,8.4256,0.109100
idle,8.5946,0.110000
idle,7.8169,0.102200
idle,7.9453,0.112900
idle,6.0069,0.127600
idle,6.2057,0.097400
idle,6.1333,0.109100
idle,6.6100,0.106600
idle,6.8416,0.147500
idle,8.2384,0.079700
idle,5.6271,0.105400
idle,7.0946,0.079300
idle,5.8795,0.115600
idle,5.6126,0.102100
idle,6.7774,0.086700
idle,5.4429,0.110200
idle,5.0158,0.085800
idle,5.1758,0.093800
idle,6.0772,0.093300
idle,6.6619,0.116900
idle,7.6453,0.101400
idle,8.2720,0.221400
idle,6.6690,0.076900
idle,4.9065,0.074400
idle,5.1430,0.107700
idle,6.0908,0.110400
idle,4.6958,0.069800
idle,3.9113,0.083100
idle,3.8903,0.070400
idle,4.6542,0.085900
idle,4.8254,0.077700
idle,3.8865,0.071600
idle,3.3145,0.067200
idle,4.2493,0.080300
idle,4.1993,0.074300
idle,3.8386,0.078000
idle,4.3354,0.086200
idle,3.9524,0.106700
idle,3.7387,0.074500
idle,4.3053,0.073000
idle,3.9545,0.068900
idle,4.8999,0.138700
idle,5.9461,0.083600
idle,5.8570,0.102100
idle,6.3056,0.111400
idle,4.9087,0.112800
idle,5.8705,0.107100
idle,5.5965,0.083200
idle,6.3949,0.084800
idle,7.1260,0.119400
idle,7.1347,0.122200
idle,7.5091,0.116200
idle,36.1092,0.144700
idle,7.6791,0.095300
idle,6.5003,0.106200
idle,6.0715,0.091200
idle,6.1085,0.123400
idle,6.2617,0.103200
idle,6.6880,0.117000
idle,7.0903,0.129000
idle,6.5802,0.090900
idle,6.4148,0.125300
idle,5.9477,0.118500
idle,6.5678,0.107200
idle,5.8891,0.085300
idle,6.7849,0.111600
idle,6.3367,0.083800
idle,6.0333,0.078700
idle,6.0228,0.082900
idle,6.3481,0.092800
idle,6.2252,0.116600
idle,6.4609,0.083700
idle,7.1704,0.099100
idle,7.1813,0.102300
idle,6.3214,0.103500
idle,6.1171,0.086000
idle,5.6635,0.115600
idle,5.9120,0.081600
idle,6.6698,0.088000
idle,6.3056,0.073700
idle,5.5539,0.088800
idle,6.2819,0.083800
idle,6.0241,0.088600
idle,5.7022,0.086000
idle,5.8096,0.077700
idle,6.1208,0.081600
idle,5.8271,0.087800
idle,5.7235,0.103700
idle,6.0329,0.097300
idle,6.4662,0.088600
idle,6.3913,0.127100
idle,6.0905,0.108600
idle,5.9358,0.092500
idle,6.1243,0.091600
idle,5.7932,0.080700
idle,5.8895,0.083900
idle,6.5616,0.119800
idle,5.7146,0.078600
idle,6.0898,0.107700
idle,5.8385,0.109600
idle,6.2077,0.088100
idle,6.5471,0.081000
idle,5.2992,0.081300
idle,6.1351,0.109000
idle,6.1098,0.080700
idle,6.0285,0.117100
idle,6.4923,0.115400
idle,5.8177,0.107500
idle,6.3098,0.093100
idle,5.6662,0.087800
idle,5.7492,0.098800
idle,6.2483,0.086200
idle,5.9213,0.084800
idle,5.7546,0.084500
idle,5.8001,0.078600
idle,5.7503,0.083800
idle,5.7011,0.120200
idle,6.9654,0.109200
idle,5.7751,0.092200
idle,6.1190,0.117700
idle,5.8158,0.106900
idle,5.8349,0.095700
idle,5.6261,0.109100
idle,6.7865,0.081900
idle,6.0171,0.087600
idle,5.6057,0.105500
idle,7.5388,0.143000
idle,6.0182,0.084700
idle,5.9712,0.090600
idle,6.3835,0.088600
idle,6.6755,0.102500
idle,7.4440,0.138200
idle,5.1366,0.110700
idle,5.6591,0.099200
idle,6.4553,0.154000
idle,7.1880,0.192700
idle,6.8555,0.078500
idle,6.3792,0.111200
idle,5.8817,0.085400
idle,5.9329,0.085500
idle,6.2466,0.096900
idle,5.4523,0.170900
idle,6.3879,0.123600
idle,9.5552,0.136500
idle,6.9607,0.080300
idle,5.6492,0.116100
idle,6.9121,0.101100
idle,4.8649,0.086000
idle,5.8357,0.127500
idle,5.7864,0.089800
idle,6.6209,0.229300
idle,7.1924,0.109200
idle,6.2286,0.081700
idle,6.1978,0.138500
idle,5.3893,0.124800
idle,5.7417,0.119000
idle,6.3814,0.108200
idle,5.3971,0.081900
idle,5.8351,0.114000
idle,6.2205,0.163500
idle,5.5981,0.088300
idle,7.2609,0.097500
idle,7.0981,0.103400
idle,6.2080,0.112700
idle,5.3529,0.089800
idle,8.2269,0.127300
idle,6.5253,0.159200
idle,6.3829,0.108200
idle,6.4000,0.089100
idle,6.1426,0.088000
idle,5.5984,0.145900
idle,7.4930,0.107700
idle,6.7007,0.088300
idle,8.3615,0.106200
idle,7.3770,0.174900
idle,7.2499,0.102400
idle,7.3141,0.086700
idle,7.0202,0.103100
idle,6.7026,0.097800
idle,8.1136,0.139800
idle,6.2566,0.139900
idle,8.4785,0.094500
idle,6.3146,0.129300
idle,7.4427,0.108800
idle,7.4698,0.118900
idle,6.8775,0.109800
idle,6.7256,0.144800
idle,7.9246,0.163900
idle,6.2548,0.123500
idle,5.0968,0.084300
idle,5.9126,0.087600
idle,5.6566,0.077100
idle,6.6236,0.122900
idle,5.6209,0.112900
idle,5.7708,0.096500
idle,5.6141,0.122700
idle,6.1346,0.100800
idle,5.8944,0.080000
idle,5.7332,0.086900
idle,6.6916,0.101300
idle,5.8689,0.089800
idle,7.1331,0.087000
idle,5.5196,0.087900
idle,5.1212,0.075300
idle,5.9270,0.088600
idle,5.8289,0.080200
idle,6.3762,0.087200
idle,5.8986,0.083800
idle,5.6740,0.078300
idle,5.6379,0.129200
idle,6.0614,0.106000
idle,6.4089,0.089000
idle,5.9057,0.085500
idle,5.9860,0.087700
idle,5.7556,0.078900
idle,6.1090,0.145000
idle,5.7725,0.084900
idle,6.0671,0.200400
idle,6.7030,0.187100
idle,6.8663,0.076200
idle,5.2634,0.086300
idle,5.8637,0.094700
idle,5.8477,0.098500
idle,5.7646,0.089100
idle,6.9446,0.086300
idle,5.3311,0.080300
idle,6.1110,0.099700
idle,5.9197,0.084400
idle,5.6962,0.080400
idle,6.0645,0.107900
idle,5.8449,0.100400
idle,6.3130,0.085200
idle,6.0123,0.133800
idle,5.8764,0.068400
idle,5.7953,0.108600
idle,5.6106,0.086200
idle,5.9329,0.112100
idle,5.8697,0.168600
idle,6.2009,0.098000
idle,6.1469,0.106700
idle,6.1050,0.095400
idle,5.7079,0.076800
idle,5.7450,0.084400
idle,6.1744,0.092900
idle,6.1027,0.078200
idle,5.6528,0.078600
idle,6.0988,0.087100
idle,5.8964,0.087500
idle,5.6291,0.084800
idle,5.8224,0.070800
idle,5.6928,0.069000
idle,5.6382,0.077600
idle,5.6534,0.067100
idle,6.2895,0.068800
idle,5.7739,0.072800
idle,6.2339,0.126100
idle,6.1538,0.071300
idle,5.7082,0.065100
idle,5.7692,0.070000
idle,6.0308,0.067200
idle,5.8811,0.065700
idle,5.6416,0.078300
idle,5.7129,0.069900
idle,5.9491,0.071200
idle,5.8215,0.075300
idle,5.6985,0.070600
idle,6.5617,0.075800
idle,5.7766,0.067600
idle,5.7346,0.076000
idle,5.6323,0.077800
idle,5.9697,0.074800
idle,5.7453,0.083000
idle,5.6636,0.063400
idle,6.0243,0.071200
idle,5.7823,0.071200
idle,5.6478,0.069300
idle,5.6874,0.078400
idle,5.7576,0.082100
idle,5.6085,0.081400
idle,5.7647,0.075500
idle,6.0433,0.082800
idle,6.3347,0.096500
idle,5.8387,0.077500
idle,5.8835,0.087100
idle,5.6012,0.100000
idle,7.5077,0.091600
idle,4.9260,0.095000
idle,5.9135,0.081600
idle,5.8543,0.118100
idle,5.8815,0.075800
idle,5.6402,0.081600
idle,5.8321,0.088400
idle,5.7815,0.097600
idle,5.6403,0.123100
idle,6.2073,0.113400
idle,6.0544,0.088400
idle,5.8650,0.084500
idle,5.5878,0.118800
idle,6.7361,0.085200
idle,5.2227,0.112000
idle,6.1948,0.116300
idle,5.8816,0.086800
idle,5.8831,0.084000
idle,6.3815,0.088100
idle,5.1670,0.071600
idle,5.7788,0.076000
idle,5.9326,0.080000
idle,5.9515,0.081000
idle,5.7916,0.079100
idle,5.7950,0.105100
idle,5.9093,0.119100
idle,5.8514,0.068000
idle,6.0493,0.091300
idle,5.7601,0.073200
idle,6.0350,0.076400
idle,6.1287,0.077600
idle,5.7025,0.081100
idle,5.6374,0.071800
idle,5.9379,0.091300
idle,5.6801,0.087500
idle,5.6689,0.074500
idle,6.3365,0.071300
idle,5.9624,0.078200
idle,5.6254,0.072100
idle,5.8052,0.073600
idle,5.5770,0.083800
idle,5.7223,0.078700
idle,6.1074,0.086100
idle,6.4128,0.088600
idle,5.9758,0.092300
idle,5.7219,0.194700
idle,5.8327,0.071800
idle,5.9379,0.131600
idle,5.8038,0.074800
idle,6.0946,0.082600
idle,5.9525,0.106900
idle,5.8627,0.076300
idle,5.8140,0.074500
idle,5.7895,0.068000
idle,5.8211,0.087200
idle,5.8255,0.082600
idle,5.9586,0.076900
idle,6.0704,0.079900
idle,5.7599,0.063500
idle,5.9839,0.111200
idle,5.7360,0.066400
idle,5.8151,0.068100
idle,5.9921,0.068400
idle,6.0581,0.062300
idle,5.7078,0.058800
idle,5.6244,0.080400
idle,5.7843,0.059300
idle,5.6926,0.084600
idle,5.6594,0.166400
idle,6.0572,0.116000
idle,5.7945,0.069600
idle,6.1337,0.076900
idle,5.6933,0.059500
idle,5.7218,0.096200
idle,5.8614,0.063400
idle,5.6567,0.062300
idle,5.6073,0.057600
idle,6.0287,0.074400
idle,5.7846,0.062600
idle,5.5642,0.074900
idle,5.6487,0.065500
idle,5.5409,0.061700
idle,5.5258,0.062800
idle,5.6872,0.066500
idle,5.9736,0.165200
idle,5.7213,0.082200
idle,5.6655,0.064500
idle,5.6618,0.066800
idle,5.5543,0.068500
idle,5.6328,0.071400
idle,5.5866,0.064500
idle,5.9943,0.072700
idle,5.9283,0.071400
idle,5.6244,0.063700
idle,5.5925,0.089300
idle,5.6914,0.064200
idle,5.6370,0.062000
idle,5.8857,0.122600
idle,5.7398,0.082700
idle,5.7969,0.064400
idle,5.6490,0.083300
idle,5.6900,0.068100
idle,5.6690,0.063100
idle,6.1850,0.105400
idle,5.8483,0.071700
idle,6.0225,0.062200
idle,6.0189,0.083200
idle,5.5902,0.067200
idle,5.5975,0.064800
idle,5.8726,0.070900
idle,5.6039,0.070500
idle,5.6720,0.092500
idle,6.0467,0.067900
idle,5.8001,0.063700
idle,5.6597,0.071700
idle,5.9461,0.080800
idle,5.5446,0.082100
idle,7.1559,0.068400
idle,6.6140,0.102000
idle,5.8334,0.094300
idle,5.9135,0.128700
idle,5.9094,0.093500
idle,5.7134,0.069500
idle,5.7749,0.078400
idle,6.3382,0.082300
idle,6.0126,0.112900
idle,5.9568,0.089700
idle,6.0169,0.086900
idle,5.4581,0.075600
idle,5.8363,0.082800
idle,5.6774,0.085400
idle,5.6561,0.074500
idle,6.4409,0.086700
idle,5.9548,0.080200
idle,5.8553,0.146200
idle,7.4715,0.114800
idle,5.5338,0.107300
idle,5.5497,0.080700
idle,6.2603,0.083100
idle,5.7684,0.104500
idle,6.0305,0.105800
idle,5.7205,0.144700
idle,5.8743,0.140000
idle,5.6869,0.091000
idle,5.7913,0.075200
idle,6.0276,0.162200
idle,6.0984,0.089000
idle,5.5945,0.091700
idle,5.7772,0.117600
idle,5.6728,0.068500
idle,6.0208,0.085500
idle,5.7423,0.071100
idle,6.1253,0.151700
idle,6.1060,0.070100
idle,6.0728,0.084500
idle,5.6629,0.061500
idle,5.6495,0.078800
idle,5.6903,0.063800
idle,5.8915,0.083800
idle,6.0174,0.060300
idle,5.8213,0.071200
idle,5.5834,0.061400
idle,5.7002,0.066100
idle,5.6057,0.112200
idle,5.6955,0.065300
idle,5.6899,0.084100
idle,6.1232,0.065600
idle,5.7464,0.070500
idle,5.5601,0.060500
idle,5.5662,0.064500
idle,5.6988,0.056400
idle,5.5998,0.065000
idle,5.5757,0.059300
idle,5.9699,0.090400
idle,6.0084,0.067000
idle,5.8625,0.072100
idle,5.6533,0.057000
idle,5.6020,0.082900
idle,5.5794,0.059300
idle,5.9241,0.074700
idle,6.0638,0.062100
idle,5.8305,0.068200
idle,5.6299,0.073200
idle,5.6975,0.072800
idle,5.5867,0.068300
idle,5.7202,0.067300
idle,5.6012,0.119100
idle,6.0334,0.063700
idle,5.6857,0.073500
idle,5.6868,0.058500
idle,5.6139,0.077000
idle,5.6852,0.063700
idle,5.7702,0.073900
idle,5.6750,0.124900
idle,6.0461,0.071800
idle,5.8485,0.063400
idle,5.8792,0.077500
idle,5.6668,0.057100
idle,5.6073,0.065500
idle,5.5503,0.058400
idle,5.5924,0.083000
idle,6.0018,0.076000
idle,5.8716,0.068100
idle,5.6436,0.105100
idle,5.6971,0.066600
idle,5.6693,0.087600
idle,6.1978,0.081800
idle,6.3340,0.103600
idle,5.8567,0.065300
idle,5.9431,0.095000
idle,5.7400,0.070200
idle,5.8012,0.292600
idle,6.2489,0.088700
idle,5.7324,0.075000
idle,5.9602,0.119800
idle,6.1851,0.086800
idle,5.7441,0.076700
idle,6.0371,0.073500
idle,6.0523,0.095500
idle,5.7988,0.075400
idle,5.7010,0.113500
idle,6.0873,0.099100
idle,5.9799,0.099900
idle,5.9232,0.072100
idle,5.6200,0.077800
idle,5.7460,0.094600
idle,5.6946,0.089700
idle,6.0115,0.109400
idle,6.3491,0.076300
idle,5.8485,0.077600
idle,5.9363,0.097300
idle,5.7461,0.071100
idle,6.2550,0.086000
idle,6.9735,0.104800
idle,6.4663,0.103100
idle,5.5451,0.136900
idle,5.9318,0.196200
idle,6.4888,0.086700
idle,5.3206,0.095800
idle,5.7576,0.087500
idle,5.6232,0.121500
idle,6.5117,0.094400
idle,5.9511,0.077800
idle,5.6260,0.078100
idle,5.8235,0.079600
idle,5.6441,0.076800
idle,5.6819,0.072600
idle,5.4940,0.057800
idle,6.2251,0.079700
idle,5.8173,0.102100
idle,5.6792,0.135100
idle,6.0349,0.066500
idle,5.6799,0.085800
idle,7.3242,0.092300
idle,5.3822,0.077200
idle,6.0633,0.088200
idle,6.0244,0.064700
idle,5.9123,0.083800
idle,5.7518,0.072400
idle,5.6765,0.093900
idle,5.7595,0.074900
idle,6.0413,0.062900
idle,6.0958,0.080700
idle,5.5930,0.062900
idle,5.5758,0.163900
idle,5.7966,0.064100
idle,5.7001,0.063400
idle,5.5578,0.073400
idle,6.1104,0.089300
idle,5.9761,0.076200
idle,5.8264,0.072500
idle,5.6651,0.086500
idle,5.7022,0.069600
idle,5.6621,0.067600
idle,5.6738,0.102500
idle,6.0546,0.069900
idle,5.7108,0.096000
idle,5.6974,0.069000
idle,5.6265,0.063400
idle,5.9165,0.068800
idle,5.7839,0.071300
idle,5.6754,0.070100
idle,6.0165,0.070700
idle,5.7883,0.088700
idle,5.7296,0.069400
idle,5.6420,0.073000
idle,5.8477,0.077300
idle,5.7359,0.061400
idle,5.5639,0.101400
idle,5.9856,0.098500
idle,5.9174,0.059700
idle,5.9329,0.078700
idle,5.7246,0.065400
idle,5.7255,0.086700
idle,5.7843,0.079000
idle,5.6210,0.075400
idle,6.2692,0.088000
idle,5.9028,0.071300
idle,5.6872,0.072400
idle,5.7025,0.065400
idle,5.7686,0.085600
idle,5.7814,0.072500
idle,5.6993,0.076100
idle,6.3894,0.087700
idle,5.8910,0.063500
idle,5.5600,0.073900
idle,5.7948,0.078700
idle,5.7786,0.078900
idle,5.5796,0.078400
idle,5.7042,0.106300
idle,6.0118,0.073000
idle,5.8837,0.063000
idle,5.6894,0.077800
idle,5.6099,0.068500
idle,5.6322,0.086600
idle,5.7975,0.063800
idle,5.4256,0.085700
idle,5.9323,0.064600
idle,5.8018,0.074000
idle,5.7587,0.076600
idle,5.6175,0.068000
idle,6.0136,0.075000
idle,5.6476,0.068800
idle,5.7483,0.101200
idle,6.3431,0.067100
idle,5.8823,0.113300
idle,5.6928,0.062100
idle,5.5963,0.069700
idle,5.7775,0.067400
idle,5.7491,0.093500
idle,6.3772,0.091000
idle,5.9112,0.076900
idle,5.8317,0.064100
idle,5.6088,0.058700
idle,5.4955,0.121000
idle,5.8272,0.062100
idle,5.6038,0.103500
idle,6.0382,0.064400
idle,5.8629,0.072000
idle,5.6805,0.067400
idle,5.5967,0.064900
idle,5.9846,0.065000
idle,5.7075,0.083700
idle,5.6266,0.080700
idle,6.0894,0.061900
idle,5.9115,0.071300
idle,5.6166,0.069200
idle,5.7290,0.161000
idle,5.8850,0.074400
idle,5.6061,0.069700
idle,5.8735,0.074600
idle,5.9751,0.141500
idle,5.8607,0.068000
idle,5.6923,0.062000
idle,6.0864,0.079200
idle,5.6324,0.146900
idle,6.0107,0.083000
idle,5.7508,0.059300
idle,6.0612,0.098700
idle,5.9104,0.062900
idle,5.5778,0.062900
idle,5.7575,0.069100
idle,5.6105,0.055700
idle,5.6341,0.071800
idle,5.6025,0.057300
idle,6.1036,0.111400
idle,5.7836,0.059300
idle,5.8392,0.078600
idle,5.7283,0.063000
idle,5.6717,0.074500
idle,5.9072,0.062200
idle,5.6569,0.087100
idle,5.9985,0.061900
idle,5.7320,0.057900
idle,5.7547,0.070400
idle,5.6715,0.057200
idle,5.8264,0.075900
idle,5.7872,0.059600
idle,5.7662,0.118300
idle,6.2749,0.080800
idle,5.8702,0.068300
idle,5.5803,0.066100
idle,5.6760,0.085500
idle,5.5758,0.064900
idle,5.5611,0.056700
idle,6.0438,0.081500
idle,6.0119,0.063500
idle,6.2014,0.089700
idle,5.6580,0.063500
idle,5.7446,0.072600
idle,5.7717,0.078400
idle,5.6572,0.067900
idle,6.4895,0.088800
idle,5.8197,0.070000
idle,5.6412,0.073600
idle,5.6297,0.061000
idle,5.8005,0.077900
idle,5.6490,0.068800
idle,5.6951,0.068600
idle,6.1074,0.068900
idle,5.7768,0.060800
idle,5.9108,0.078900
idle,5.7661,0.152200
idle,6.0747,0.084500
idle,5.7157,0.063300
idle,5.6371,0.075700
idle,51.3555,0.107900
idle,5.6174,0.062800
idle,5.8640,0.116100
idle,5.7323,0.075100
idle,5.8952,0.081900
idle,5.5127,0.099300
idle,6.0088,0.073500
idle,5.7186,0.071500
idle,5.7132,0.072800
idle,5.5385,0.071300
idle,5.5316,0.059500
idle,16.0138,0.107000
idle,5.4656,0.073900
idle,3.5427,0.066900
idle,3.1718,0.062900
idle,2.6105,0.048600
idle,2.5824,0.049000
idle,2.8712,0.091700
idle,3.0651,0.075100
idle,2.6479,0.048900
idle,2.3564,0.046500
idle,3.1042,0.076700
idle,3.3327,0.053600
idle,2.4672,0.050600
idle,2.9271,0.064000
idle,2.9571,0.054000
idle,2.6606,0.047500
idle,2.5363,0.048400
idle,2.9324,0.066800
idle,2.9403,0.052600
idle,2.3505,0.046700
idle,2.1398,0.046200
idle,2.5667,0.053900
idle,3.4981,0.053000
idle,2.4362,0.048100
idle,2.3998,0.046800
idle,2.6937,0.055700
idle,2.7314,0.053900
idle,2.7042,0.051500
idle,2.4917,0.069800
idle,2.5474,0.061100
idle,2.6778,0.049400
idle,2.2504,0.046700
idle,2.2347,0.046300
idle,2.1727,0.048200
idle,3.3951,0.064900
idle,2.8591,0.064600
idle,2.5022,0.046600
idle,2.4027,0.069900
idle,3.1944,0.057900
idle,2.9915,0.053600
idle,2.4996,0.049700
idle,2.9229,0.057500
idle,3.2045,0.054800
idle,2.7577,0.051000
idle,2.5288,0.048500
idle,4.0828,0.067500
idle,2.8168,0.055300
idle,2.3831,0.048000
idle,2.6090,0.082400
idle,3.1763,0.060100
idle,3.2003,0.052900
idle,2.5539,0.047100
idle,2.9064,0.061800
idle,2.8968,0.050500
idle,2.3230,0.051500
idle,2.3638,0.046300
idle,4.4239,0.062000
idle,2.6660,0.052100
idle,2.3643,0.046900
idle,2.5380,0.074400
idle,2.9580,0.051700
idle,2.8418,0.050600
idle,2.5242,0.046700
idle,2.4143,0.055700
idle,2.9537,0.054700
idle,2.7664,0.052700
idle,2.2722,0.047400
idle,2.5054,0.082800
idle,3.2844,0.056100
idle,2.6471,0.071300
idle,2.5362,0.046600
idle,2.8090,0.094100
idle,4.0868,0.055300
idle,46.6653,0.136600
idle,5.4222,0.059800
idle,2.9860,0.203500
idle,3.4797,0.071200
idle,3.6487,0.058300
idle,2.7811,0.052700
idle,2.7747,0.054700
idle,3.8220,0.065800
idle,2.9306,0.052900
idle,2.7637,0.052500
idle,2.9617,0.064000
idle,2.9864,0.052400
idle,2.7340,0.049200
idle,2.5587,0.062100
idle,3.8680,0.078700
idle,3.5647,0.059900
idle,2.5798,0.053300
idle,3.6887,0.069100
idle,2.9159,0.079300
idle,2.7602,0.052200
idle,3.3573,0.076500
idle,3.0307,0.077300
idle,2.9655,0.077300
idle,3.1931,0.068000
idle,3.5946,0.059400
idle,23.4235,0.098500
idle,6.5382,0.097200
idle,6.5550,0.063700
idle,6.4833,0.070700
idle,6.3110,0.073700
idle,6.1212,0.066300
idle,7.0947,0.087300
idle,5.8028,0.061800
idle,7.1919,0.096400
idle,5.9727,0.090600
idle,5.4572,0.061200
idle,6.1773,0.080200
idle,5.8699,0.060600
idle,6.2936,0.074500
idle,5.7562,0.086900
idle,6.1032,0.065600
idle,6.1113,0.072800
idle,6.1880,0.067800
idle,5.6600,0.069300
idle,47.5807,0.102500
idle,6.6716,0.085800
idle,5.6660,0.068000
idle,5.7652,0.066700
idle,5.6191,0.065200
idle,5.6962,0.063000
idle,5.6279,0.069800
idle,5.5947,0.058900
idle,5.5984,0.063100
idle,6.0227,0.067600
idle,5.6957,0.109500
idle,5.6757,0.060100
idle,5.5820,0.073700
idle,5.6113,0.060900
idle,6.1262,0.091600
idle,5.5616,0.058700
idle,6.0311,0.067000
idle,5.7407,0.076100
idle,5.7410,0.069500
idle,5.6948,0.075500
idle,5.6518,0.069600
idle,5.6356,0.082700
idle,5.7026,0.065900
idle,6.0507,0.080200
idle,5.8198,0.067000
idle,5.9631,0.076900
idle,5.6866,0.066100
idle,5.6301,0.075800
idle,5.6258,0.079400
idle,5.7045,0.069500
idle,5.9560,0.069300
idle,5.7021,0.068000
idle,5.6089,0.069600
idle,5.5918,0.063400
idle,5.5953,0.069000
idle,5.6605,0.062400
idle,6.0859,0.077000
idle,6.0354,0.063100
idle,5.7527,0.072100
idle,5.6595,0.068100
idle,5.7897,0.065000
idle,5.5832,0.142600
idle,5.7299,0.060200
idle,5.6526,0.066900
idle,5.9111,0.061000
idle,5.7426,0.087200
idle,5.6954,0.061800
idle,6.1014,0.076600
idle,5.6568,0.060800
idle,6.8217,0.075200
idle,5.1479,0.098700
idle,5.8913,0.069900
idle,5.8747,0.074100
idle,5.6803,0.062300
idle,5.5404,0.076700
idle,5.6211,0.064300
idle,5.9246,0.078200
idle,5.9664,0.071100
idle,6.1008,0.093000
idle,6.2751,0.066900
idle,5.5056,0.066600
idle,5.5836,0.065800
idle,5.6356,0.065900
idle,5.6147,0.071700
idle,6.0466,0.063900
idle,5.7775,0.092700
idle,6.9288,0.070200
idle,5.5282,0.090400
idle,14.5106,0.073800
idle,4.6562,0.079300
idle,3.9897,0.079300
idle,3.1408,0.067800
idle,3.1622,0.069000
idle,3.1610,0.065500
idle,2.6077,0.048400
idle,2.2313,0.048000
idle,3.0811,0.067500
idle,3.0032,0.050400
idle,2.4519,0.049800
idle,3.8742,0.093800
idle,3.7991,0.055700
idle,2.8377,0.050900
idle,2.4250,0.047100
idle,2.9243,0.057000
idle,2.9928,0.054300
idle,2.3890,0.069200
idle,2.2736,0.045700
idle,2.8757,0.059300
idle,2.6974,0.049900
idle,2.2654,0.047100
idle,2.6455,0.046400
idle,2.9504,0.069500
idle,2.8835,0.049200
idle,2.3525,0.046900
idle,2.4323,0.046700
idle,3.7147,0.079200
idle,3.1431,0.054500
idle,2.4459,0.048500
idle,2.4539,0.079600
idle,3.0079,0.064200
idle,2.7635,0.052700
idle,2.9493,0.049900
idle,2.8132,0.063500
idle,3.0788,0.053300
idle,2.8483,0.054300
idle,2.4671,0.068200
idle,3.8237,0.080800
idle,3.1208,0.056100
idle,2.7991,0.050000
idle,2.8781,0.105100
idle,3.0062,0.063300
idle,2.7784,0.063900
idle,2.5004,0.047600
idle,2.6804,0.054400
idle,3.0773,0.073900
idle,2.9976,0.047200
idle,2.3582,0.045300
idle,3.1139,0.077300
idle,3.0305,0.056300
idle,2.4083,0.049700
idle,2.1783,0.045300
idle,2.6172,0.056200
idle,2.6250,0.067300
idle,2.6952,0.049900
idle,2.2593,0.046300
idle,2.4584,0.053900
idle,2.6704,0.062700
idle,2.5086,0.051700
idle,2.2013,0.046000
idle,3.2221,0.084800
idle,3.5542,0.054500
idle,2.5485,0.052400
idle,2.3337,0.046400
idle,2.9716,0.059200
idle,2.9572,0.073000
idle,2.5437,0.050600
idle,2.4594,0.045300
idle,3.1877,0.068700
idle,3.1480,0.075000
idle,2.9104,0.049200
idle,2.9809,0.082900
idle,3.2829,0.060400
idle,2.5636,0.049800
idle,2.4073,0.047000
idle,2.9218,0.061500
idle,3.1051,0.075700
idle,2.6481,0.053700
idle,2.9728,0.080300
idle,4.0232,0.092300
idle,3.8713,0.065100
idle,4.8330,0.071200
idle,3.9263,0.108800
idle,3.7807,0.066000
idle,4.7905,0.068000
idle,3.6177,0.104700
idle,3.2016,0.079600
idle,3.9767,0.066800
idle,2.9983,0.055700
idle,3.7219,0.086300
idle,3.6148,0.081600
idle,3.6394,0.065600
idle,3.2397,0.102500
idle,3.7450,0.112700
idle,3.5692,0.065100
idle,3.2959,0.074700
idle,3.5775,0.067900
idle,2.9902,0.078800
idle,2.8362,0.052300
idle,3.1920,0.062700
idle,2.7022,0.057800
idle,2.8901,0.054800
idle,2.5416,0.074200
idle,3.4891,0.066600
idle,2.9981,0.060400
idle,2.6800,0.050300
idle,2.6559,0.061000
idle,3.2741,0.059900
idle,2.7021,0.053200
idle,2.6931,0.065700
idle,3.4178,0.086800
idle,3.3888,0.081900
idle,2.9581,0.058100
idle,2.8111,0.061100
idle,3.8754,0.098500
idle,3.0295,0.052700
idle,2.5824,0.074000
idle,3.4773,0.085600
idle,2.9745,0.055600
idle,2.9386,0.055000
idle,3.3063,0.066800
idle,3.4582,0.062900
idle,2.9784,0.053600
idle,2.9706,0.088000
idle,3.9161,0.065800
idle,2.9805,0.056000
idle,2.5656,0.053200
idle,3.4532,0.070200
idle,2.9550,0.055600
idle,2.8169,0.072700
idle,3.5223,0.094900
idle,3.4045,0.064000
idle,3.3919,0.050300
idle,3.1151,0.085000
idle,4.7254,0.098500
idle,3.3784,0.072800
idle,3.4789,0.110300
idle,3.6640,0.059700
idle,2.9794,0.062100
idle,2.9522,0.057800
idle,3.1144,0.065000
idle,2.8445,0.052900
idle,2.8081,0.073400
idle,4.0907,0.070300
idle,3.6008,0.058000
idle,3.0455,0.054900
idle,3.6813,0.071700
idle,3.3018,0.053800
idle,2.6776,0.051400
idle,2.3970,0.047100
idle,2.2316,0.062600
idle,3.2750,0.071700
idle,3.2909,0.082600
idle,3.7562,0.060700
idle,2.9747,0.062900
idle,2.5234,0.051500
idle,2.2358,0.047100
idle,3.1666,0.067900
idle,2.7987,0.055200
idle,2.5709,0.073600
idle,2.4407,0.048000
idle,3.0312,0.070300
idle,3.0240,0.054300
idle,2.3888,0.070200
idle,3.7544,0.110000
idle,3.7432,0.070900
idle,2.8157,0.052000
idle,2.4356,0.046500
idle,3.6084,0.068400
idle,3.3998,0.056600
idle,2.7332,0.051200
idle,2.8937,0.075100
idle,3.4134,0.063100
idle,3.5229,0.060700
idle,2.8661,0.059100
idle,3.3964,0.059000
idle,2.7484,0.051300
idle,2.4126,0.048600
idle,2.8142,0.081300
idle,3.5561,0.060700
idle,2.6344,0.049500
idle,2.2618,0.046400
idle,3.2114,0.087100
idle,2.9398,0.060900
idle,2.5387,0.053200
idle,2.3569,0.048000
idle,3.5825,0.082600
idle,2.7688,0.050300
idle,2.4002,0.046800
idle,2.2795,0.047200
idle,3.7437,0.072400
idle,2.6320,0.053100
idle,2.3249,0.070300
idle,2.2359,0.051800
idle,2.9307,0.066000
idle,3.2240,0.058400
idle,2.3581,0.050800
idle,2.3785,0.067900
idle,2.8656,0.057000
idle,2.8471,0.064900
idle,2.3579,0.052500
idle,3.2468,0.080000
idle,3.4936,0.058700
idle,3.0080,0.073700
idle,2.5074,0.048700
idle,2.8516,0.074500
idle,3.2725,0.056700
idle,2.6913,0.053100
idle,2.4619,0.046800
idle,2.8886,0.061900
idle,2.9251,0.052300
idle,2.4476,0.049300
idle,2.8633,0.050200
idle,2.8522,0.069800
idle,2.8355,0.053700
idle,2.3457,0.048900
idle,2.3205,0.047100
idle,3.3490,0.084300
idle,3.1293,0.055700
idle,2.4405,0.048500
idle,2.2351,0.070100
idle,2.8547,0.080400
idle,2.8058,0.052100
idle,3.1766,0.053800
idle,2.7109,0.079600
idle,3.4483,0.058800
idle,2.8088,0.051000
idle,2.3841,0.045900
idle,2.7555,0.062800
idle,3.3391,0.053500
idle,2.4630,0.050000
idle,2.2159,0.045200
idle,2.5511,0.076800
idle,3.0208,0.054800
idle,3.5484,0.052200
idle,2.3820,0.048900
idle,2.9289,0.086600
idle,2.8463,0.057700
idle,2.3284,0.047000
idle,2.4040,0.047300
idle,3.1915,0.066000
idle,2.6626,0.052600
idle,2.3044,0.047100
idle,2.1922,0.045400
idle,2.6655,0.059600
idle,2.9883,0.061600
idle,2.6448,0.052200
idle,2.7565,0.045500
idle,2.8695,0.065400
idle,2.5986,0.049100
idle,2.2108,0.047000
idle,3.3028,0.058500
idle,3.1898,0.067300
idle,2.8135,0.072400
idle,2.5886,0.051000
idle,2.5172,0.068000
idle,3.3888,0.074200
idle,2.9715,0.055300
idle,3.1227,0.109800
idle,3.0581,0.118700
idle,2.9433,0.057400
idle,2.7846,0.052900
idle,2.4878,0.045800
idle,2.6968,0.080500
idle,3.0879,0.077000
idle,2.7959,0.049400
idle,2.2736,0.048900
idle,3.2510,0.066200
idle,3.0627,0.053800
idle,2.4191,0.048100
idle,2.2926,0.067800
idle,3.2385,0.066200
idle,3.2866,0.060200
idle,2.6488,0.051700
idle,2.8341,0.055300
idle,2.9156,0.059300
idle,2.7308,0.061300
idle,2.5450,0.077900
idle,2.9027,0.082100
idle,3.6997,0.062400
idle,2.5422,0.052700
idle,2.4338,0.052600
idle,3.5283,0.070700
idle,3.1875,0.057600
idle,2.7735,0.072000
idle,2.6913,0.063800
idle,3.2534,0.057000
idle,3.2130,0.073500
idle,2.3312,0.048000
idle,3.1412,0.089300
idle,3.4556,0.083600
idle,2.4648,0.046500
idle,2.4419,0.067100
idle,4.0642,0.093400
idle,3.0664,0.052300
idle,2.7323,0.049700
idle,2.5681,0.057000
idle,2.6523,0.058600
idle,2.7116,0.050800
idle,2.5767,0.072600
idle,2.8980,0.066200
idle,2.8744,0.051900
idle,2.3839,0.048400
idle,2.2760,0.053200
idle,2.6391,0.075500
idle,3.7794,0.059900
idle,2.6453,0.048300
idle,2.4233,0.046400
idle,2.7918,0.056100
idle,2.6752,0.052600
idle,2.8321,0.056200
idle,2.5092,0.050300
idle,2.8807,0.063300
idle,2.8086,0.058200
idle,2.4279,0.052600
idle,2.3449,0.046000
idle,3.1896,0.084800
idle,3.0484,0.059100
idle,2.9707,0.073600
idle,2.5339,0.050400
idle,3.1351,0.065100
idle,3.1669,0.055400
idle,2.6551,0.053100
idle,2.6433,0.062400
idle,3.4539,0.068800
idle,2.8333,0.052700
idle,3.4355,0.089000
idle,3.4296,0.062400
idle,2.9347,0.057800
idle,2.3934,0.050600
idle,2.5167,0.052900
idle,4.0795,0.076700
idle,3.0992,0.057500
idle,2.6845,0.061500
idle,2.9760,0.073900
idle,2.9092,0.051700
idle,2.3339,0.051900
idle,3.6569,0.105100
idle,3.9026,0.069500
idle,2.8236,0.051200
idle,2.3420,0.066000
idle,3.8226,0.078900
idle,3.2803,0.076900
idle,2.5575,0.051500
idle,3.2516,0.068000
idle,2.7230,0.067100
idle,2.4705,0.048500
idle,3.1043,0.087300
idle,3.6172,0.063700
idle,2.7026,0.053200
idle,2.4999,0.049700
idle,2.9976,0.062300
idle,2.9406,0.071700
idle,2.6985,0.054500
idle,3.1130,0.083500
idle,3.8988,0.093500
idle,2.8973,0.056200
idle,2.4941,0.050700
idle,3.8424,0.109400
idle,2.9425,0.054700
idle,2.5679,0.050700
idle,2.7843,0.057300
idle,4.2793,0.061900
idle,3.3364,0.063800
idle,3.2689,0.065000
idle,3.0474,0.062200
idle,2.7344,0.054400
idle,2.6467,0.061400
idle,3.4661,0.075700
idle,3.2099,0.053700
idle,2.7116,0.058100
idle,3.0010,0.057700
idle,4.0112,0.072300
idle,2.8168,0.056000
idle,2.8430,0.057700
idle,2.8161,0.059100
idle,2.6543,0.051200
idle,2.6669,0.053100
idle,3.4009,0.066300
idle,2.8197,0.052300
idle,2.4956,0.056500
idle,2.6066,0.054600
idle,2.8989,0.106700
idle,3.9219,0.058200
idle,2.7633,0.054000
idle,3.0167,0.065300
idle,3.1739,0.058400
idle,2.6646,0.066800
idle,2.7502,0.058700
idle,3.3506,0.058900
idle,2.6459,0.050000
idle,2.6430,0.051600
idle,2.7476,0.058500
idle,3.5914,0.061000
idle,3.1464,0.055300
idle,2.4679,0.076400
idle,3.3442,0.077400
idle,2.8234,0.051600
idle,2.6596,0.096400
idle,2.8721,0.056100
idle,2.6322,0.056800
idle,2.6621,0.054900
idle,2.5114,0.046800
idle,2.8568,0.086800
idle,4.4791,0.071400
idle,2.8154,0.054100
idle,3.2119,0.067700
idle,3.0562,0.062100
idle,2.7153,0.067800
idle,3.3576,0.078400
idle,3.0910,0.068000
idle,2.6777,0.056700
idle,2.3166,0.047100
idle,2.9984,0.064900
idle,3.7569,0.093300
idle,3.0676,0.075700
idle,2.7656,0.070600
idle,3.2106,0.070500
idle,2.9793,0.049400
idle,2.5463,0.061400
idle,3.4163,0.066000
idle,2.9499,0.056600
idle,2.6475,0.056800
idle,2.8255,0.095000
idle,3.3591,0.057400
idle,3.3852,0.055100
idle,2.4529,0.052100
idle,3.1394,0.061700
idle,2.8308,0.053300
idle,2.5221,0.049900
idle,2.3763,0.062500
idle,3.1168,0.062300
idle,2.6744,0.050300
idle,2.4346,0.051200
idle,2.5656,0.081600
idle,3.4947,0.059400
idle,2.9508,0.053300
idle,2.7362,0.054200
idle,3.5803,0.107300
idle,3.0620,0.055900
idle,2.3225,0.047500
idle,2.6542,0.058900
idle,3.2430,0.059000
idle,2.6105,0.051400
idle,2.3957,0.048400
idle,3.0512,0.073700
idle,3.0426,0.054900
idle,2.4906,0.051800
idle,2.2443,0.048000
idle,3.2979,0.074000
idle,3.1821,0.058400
idle,2.5491,0.052100
idle,4.3671,0.071100
idle,3.0488,0.065500
idle,2.4038,0.048700
idle,2.1958,0.068300
idle,3.6556,0.064900
idle,2.6192,0.053700
idle,2.4610,0.047200
idle,2.5013,0.058800
idle,2.8590,0.052800
idle,2.5621,0.047100
idle,2.1903,0.045800
idle,3.9132,0.105600
idle,3.2774,0.123600
idle,2.6400,0.049300
idle,2.8073,0.055700
idle,2.8463,0.056000
idle,2.7799,0.052700
idle,2.3797,0.048600
idle,2.3379,0.072500
idle,2.8218,0.056100
idle,2.7231,0.051500
idle,2.4852,0.049200
idle,3.4379,0.093600
idle,3.1120,0.060700
idle,2.4491,0.050600
idle,2.2724,0.048200
idle,2.7981,0.069200
idle,3.0833,0.053100
idle,2.3977,0.048900
idle,2.3961,0.047700
idle,2.9696,0.062300
idle,2.7923,0.058000
idle,2.4069,0.049500
idle,4.0306,0.197800
idle,3.5766,0.072900
idle,2.8482,0.052500
idle,2.7003,0.055800
idle,2.9880,0.062300
idle,3.2921,0.080100
idle,2.7979,0.053100
idle,3.0156,0.061600
idle,3.2077,0.068800
idle,2.6154,0.054800
idle,2.8446,0.072500
idle,3.2976,0.060300
idle,2.9154,0.056500
idle,2.9578,0.126100
idle,3.3087,0.083100
idle,3.1902,0.111800
idle,2.8235,0.052400
idle,2.5606,0.098600
idle,3.1281,0.056400
idle,2.6851,0.079100
idle,3.4383,0.072500
idle,3.4391,0.064600
idle,2.9576,0.088700
idle,2.6567,0.048800
idle,2.4806,0.050900
idle,2.3813,0.048500
idle,3.4033,0.067700
idle,3.3668,0.058500
idle,3.2330,0.059800
idle,2.5061,0.058500
idle,2.5209,0.049500
idle,4.2342,0.066500
idle,3.9036,0.092500
idle,3.9131,0.070000
idle,2.9611,0.057900
idle,3.9675,0.082300
idle,3.8602,0.065900
idle,3.4001,0.058600
idle,56.2012,0.084200
idle,5.7553,0.063300
idle,3.2254,0.053500
idle,2.7566,0.055600
idle,3.2645,0.075900
idle,3.0063,0.051000
idle,2.3836,0.046600
idle,2.4114,0.058200
idle,3.0801,0.065800
idle,2.3696,0.047400
idle,3.0318,0.056600
idle,3.1497,0.104200
idle,3.5063,0.054000
idle,2.7039,0.049100
idle,2.4379,0.048800
idle,3.5071,0.109300
idle,3.1900,0.054500
idle,2.9106,0.047500
idle,2.4029,0.067700
idle,3.3541,0.061600
idle,2.6363,0.049300
idle,2.7629,0.051400
idle,2.6574,0.072800
idle,3.3054,0.061000
idle,3.1862,0.054300
idle,2.7907,0.057800
idle,3.3522,0.092200
idle,3.1645,0.057200
idle,2.9896,0.062900
idle,2.8350,0.063500
idle,3.2727,0.059900
idle,3.5667,0.075700
idle,2.8298,0.050500
idle,3.1526,0.060700
idle,2.6966,0.051800
idle,2.6787,0.055600
idle,2.5402,0.070600
idle,3.0415,0.058000
idle,2.6461,0.051400
idle,2.4913,0.048500
idle,2.1691,0.046800
idle,2.7088,0.060200
idle,3.2273,0.056300
idle,2.7061,0.049800
idle,2.6127,0.069600
idle,3.1104,0.080100
idle,2.8772,0.051500
idle,2.6181,0.075800
idle,2.3694,0.071700
idle,2.9024,0.057900
idle,2.5928,0.058800
idle,2.2501,0.047800
idle,2.1099,0.044800
idle,2.6063,0.077800
idle,4.0052,0.054000
idle,2.4634,0.048800
idle,2.5225,0.054900
idle,2.6916,0.061300
idle,2.7522,0.054500
idle,2.6808,0.048400
idle,2.1530,0.045600
idle,3.0139,0.066800
idle,2.8797,0.061700
idle,2.2606,0.047000
idle,2.2191,0.046000
idle,3.4653,0.106000
idle,3.3170,0.048900
idle,2.4518,0.048100
idle,2.7883,0.055000
idle,2.9997,0.078700
idle,2.7068,0.050600
idle,2.3583,0.046900
idle,2.8741,0.079600
idle,3.3119,0.077600
idle,3.1742,0.093000
idle,2.6977,0.047000
idle,2.9999,0.073000
idle,3.0075,0.061800
idle,2.4250,0.049500
idle,2.3008,0.047100
idle,2.5103,0.054400
idle,2.7095,0.053300
idle,2.7508,0.053300
idle,2.7970,0.050400
idle,2.8455,0.070100
idle,3.1096,0.055300
idle,2.5213,0.051500
idle,2.4462,0.048000
idle,3.3774,0.070400
idle,3.3118,0.069800
idle,2.9025,0.052600
idle,2.2922,0.046300
idle,2.7437,0.057000
idle,2.9088,0.055100
idle,2.4650,0.047300
idle,2.1607,0.045000
idle,2.6311,0.069800
idle,3.1069,0.053200
idle,2.4658,0.047300
idle,2.5657,0.047600
idle,2.5597,0.063300
idle,2.7737,0.056000
idle,2.5203,0.074400
idle,2.7361,0.052600
idle,3.0690,0.071900
idle,3.5991,0.056100
idle,3.0508,0.065800
idle,2.5513,0.053200
idle,3.3782,0.060500
idle,2.7018,0.048700
idle,2.3991,0.047900
idle,2.6577,0.118100
idle,3.5664,0.062100
idle,2.8209,0.071300
idle,2.5832,0.067300
idle,3.6766,0.072900
idle,3.6230,0.058100
idle,2.7599,0.049400
idle,2.6239,0.085200
idle,3.4783,0.054600
idle,2.4417,0.048700
idle,2.9961,0.059900
idle,2.8579,0.059200
idle,3.2026,0.058800
idle,2.6185,0.048500
idle,2.4029,0.047300
idle,3.8181,0.094100
idle,3.0923,0.054300
idle,2.5433,0.051100
idle,2.6414,0.061100
idle,2.8458,0.056100
idle,2.5178,0.069600
idle,2.6592,0.061000
idle,2.3871,0.071500
idle,2.9324,0.060200
idle,2.8386,0.054200
idle,2.6774,0.050000
idle,3.0638,0.090700
idle,3.3454,0.063200
idle,2.7584,0.050800
idle,2.3278,0.048800
idle,2.4276,0.056100
idle,3.0074,0.111500
idle,3.2675,0.055600
idle,2.6530,0.048700
idle,2.5702,0.075500
idle,3.2939,0.058500
idle,2.4786,0.048800
idle,2.2993,0.046200
idle,3.5242,0.122800
idle,3.3128,0.055600
idle,2.9056,0.048900
idle,2.3531,0.047400
idle,3.2886,0.061000
idle,3.0598,0.056500
idle,2.7351,0.056100
idle,2.8018,0.069700
idle,3.1504,0.058100
idle,2.6589,0.051300
idle,2.8033,0.055900
idle,3.5939,0.112300
idle,3.0861,0.053200
idle,2.7585,0.051700
idle,3.0310,0.061800
idle,3.3964,0.054500
idle,2.4666,0.048500
idle,2.4732,0.047900
idle,2.8914,0.058400
idle,2.7502,0.055700
idle,2.4746,0.047700
idle,2.8305,0.071300
idle,3.2002,0.065200
idle,2.6151,0.050000
idle,2.3634,0.046900
idle,2.5887,0.051200
idle,3.1250,0.057900
idle,2.7950,0.053000
idle,2.5206,0.048100
idle,2.4809,0.077600
idle,3.2553,0.058200
idle,2.5183,0.049000
idle,2.7614,0.050600
idle,2.8766,0.063100
idle,2.8306,0.054400
idle,2.3881,0.048700
idle,2.3531,0.049400
idle,3.1276,0.071400
idle,3.8728,0.057900
idle,2.8544,0.057600
idle,3.8301,0.072900
idle,3.8955,0.067100
idle,3.5046,0.093000
idle,4.0724,0.079700
idle,3.4449,0.144700
idle,3.4143,0.087000
idle,3.9604,0.082900
idle,3.2259,0.067500
idle,2.8034,0.056100
idle,2.9999,0.068100
idle,3.0304,0.056100
idle,3.0976,0.056400
idle,2.9300,0.112500
idle,3.1905,0.062300
idle,3.0903,0.059000
idle,2.7326,0.050700
idle,3.3841,0.120700
idle,4.2909,0.064400
idle,3.5366,0.060300
idle,4.0237,0.102200
idle,4.0866,0.066800
idle,3.5986,0.107800
idle,4.2368,0.095100
idle,3.3507,0.058600
idle,3.4831,0.087100
idle,3.7522,0.074800
idle,3.2180,0.068000
idle,3.2697,0.115200
idle,3.9706,0.067800
idle,3.1003,0.060400
idle,3.0762,0.085500
idle,3.6779,0.066200
idle,3.0326,0.056500
idle,2.9460,0.064000
idle,3.5303,0.057200
idle,4.3899,0.147900
idle,3.9236,0.152700
idle,3.3675,0.070000
idle,2.9729,0.053900
idle,4.2420,0.082500
idle,4.2252,0.065000
idle,3.1086,0.057800
idle,2.9538,0.080400
idle,4.4661,0.070800
idle,3.6163,0.063000
idle,3.1161,0.056700
idle,2.9021,0.057100
idle,3.3708,0.111700
idle,3.8742,0.083200
idle,3.1180,0.066600
idle,2.9996,0.057700
idle,3.7263,0.094900
idle,4.4542,0.069800
idle,5.4951,0.141100
idle,6.8638,0.145900
idle,6.2911,0.071900
idle,4.0510,0.116900
idle,4.7876,0.107900
idle,3.8574,0.059600
idle,3.6768,0.131200
idle,2.8378,0.053000
idle,5.0355,0.070100
idle,4.0759,0.065600
idle,2.9949,0.092000
idle,3.0309,0.096500
idle,4.4151,0.096600
idle,3.3836,0.058300
idle,3.2425,0.059800
idle,2.8640,0.055900
idle,3.7056,0.101000
idle,4.2641,0.098700
idle,3.3310,0.061400
idle,2.8656,0.079500
idle,3.5338,0.097200
idle,3.4753,0.058800
idle,2.6662,0.054100
idle,2.5720,0.051500
idle,2.4630,0.049400
idle,2.8826,0.083400
idle,3.2062,0.052700
idle,2.7193,0.052200
idle,2.6565,0.073900
idle,2.7153,0.061500
idle,2.9303,0.064800
idle,3.5240,0.056400
idle,2.6247,0.054300
idle,2.4625,0.050700
idle,2.4609,0.051500
idle,2.7018,0.067300
idle,3.6332,0.101300
idle,3.2481,0.099600
idle,4.1960,0.065700
idle,3.0489,0.323100
idle,5.7285,0.078600
idle,4.5379,0.075600
idle,3.7785,0.087100
idle,4.8866,0.078800
idle,4.0720,0.092700
idle,3.6830,0.109700
idle,4.3007,0.182800
idle,5.3035,0.066700
idle,3.9572,0.073200
idle,3.3614,0.103600
idle,4.4808,0.070900
idle,3.5425,0.084000
idle,3.5312,0.060200
idle,3.7163,0.085800
idle,4.4737,0.101500
idle,3.4377,0.058100
idle,3.1440,0.057000
idle,3.3447,0.072400
idle,3.6361,0.064100
idle,3.2615,0.058000
idle,3.0576,0.083100
idle,2.6871,0.053600
idle,3.5409,0.082400
idle,3.4999,0.124700
idle,3.3355,0.094400
idle,3.1359,0.063200
idle,3.3056,0.120700
idle,4.2550,0.089900
idle,3.4194,0.060100
idle,3.3988,0.070600
idle,4.4149,0.087200
idle,4.1891,0.085900
idle,4.1622,0.107400
idle,3.7533,0.068600
idle,3.7085,0.096200
idle,4.0458,0.088100
idle,3.4089,0.085500
idle,3.4911,0.083800
idle,5.0790,0.069800
idle,3.5955,0.068700
idle,4.0705,0.082400
idle,3.9652,0.065200
idle,3.3204,0.070600
idle,4.3455,0.078400
idle,4.1195,0.096900
idle,4.3384,0.219000
idle,4.3087,0.102400
idle,3.5969,0.064000
idle,4.5512,0.096200
idle,4.0293,0.071600
idle,4.3256,0.137200
idle,4.0897,0.072000
idle,3.8711,0.072100
idle,4.4768,0.102000
idle,3.6045,0.062600
idle,2.7737,0.058700
idle,3.5681,0.079200
idle,3.4448,0.074100
idle,3.1783,0.064200
idle,3.7967,0.080100
idle,3.7936,0.069200
idle,3.4383,0.074900
idle,3.5526,0.072100
idle,3.2797,0.116800
idle,2.9622,0.073200
idle,2.9732,0.057400
idle,3.6473,0.065200
idle,2.8501,0.054700
idle,2.8227,0.074200
idle,3.5753,0.063200
idle,3.0960,0.054000
idle,2.5207,0.050900
idle,3.4248,0.069800
idle,3.3114,0.053200
idle,2.3278,0.051700
idle,2.2954,0.050700
idle,3.6423,0.074700
idle,2.8102,0.050900
idle,2.5605,0.070200
idle,2.4978,0.086100
idle,3.3301,0.056800
idle,2.7697,0.052900
idle,2.4712,0.049700
idle,3.1168,0.115400
idle,3.0638,0.057300
idle,2.6286,0.049500
idle,2.3547,0.057900
idle,3.2002,0.098800
idle,2.9216,0.075200
idle,2.5417,0.049000
idle,2.3734,0.072700
idle,3.3036,0.068000
idle,2.7816,0.056400
idle,2.6743,0.094200
idle,3.3048,0.081200
idle,3.4231,0.055300
idle,2.8199,0.053200
idle,3.0259,0.076300
idle,3.4590,0.063400
idle,2.8256,0.055000
idle,2.8842,0.050100
idle,3.1054,0.104900
idle,3.2665,0.057600
idle,2.9352,0.051400
idle,2.7233,0.074600
idle,3.7405,0.064400
idle,3.4287,0.087400
idle,2.7044,0.050400
idle,3.3675,0.129500
idle,3.5215,0.137300
idle,2.8669,0.049700
idle,2.6486,0.145400
idle,3.0772,0.050700
idle,2.7194,0.101300
idle,2.3830,0.045600
idle,2.6150,0.052800
idle,2.9122,0.057200
idle,2.5580,0.051200
idle,2.3823,0.045000
idle,3.1358,0.061200
idle,3.2090,0.059800
idle,2.5415,0.048300
idle,2.4049,0.066100
idle,3.3037,0.126900
idle,3.4125,0.056200
idle,2.7786,0.051300
idle,2.5352,0.057400
idle,3.2832,0.062100
idle,2.7657,0.112300
idle,2.6251,0.047700
idle,2.9883,0.070200
idle,2.7742,0.052700
idle,2.5178,0.054100
idle,2.7316,0.070400
idle,2.9093,0.071700
idle,2.8621,0.054100
idle,2.4846,0.054800
idle,2.4220,0.066600
idle,2.9798,0.092300
idle,2.9240,0.053000
idle,2.4471,0.047800
idle,2.5313,0.073100
idle,3.5919,0.054300
idle,2.7182,0.050100
idle,2.2943,0.046400
idle,3.0543,0.055100
idle,2.8618,0.055000
idle,2.7932,0.052100
idle,2.2180,0.045900
idle,2.7614,0.098600
idle,3.2422,0.053700
idle,2.7624,0.051300
idle,2.5161,0.045900
idle,4.7038,0.075500
idle,2.9426,0.056500
idle,2.6227,0.055500
idle,2.9592,0.061000
idle,3.6258,0.094600
idle,2.8421,0.052000
idle,2.7525,0.078700
idle,3.1192,0.067900
idle,2.9064,0.050900
idle,2.9929,0.054100
idle,3.1607,0.071100
idle,3.1868,0.084300
idle,2.7933,0.061800
idle,3.0683,0.085700
idle,3.2115,0.057500
idle,2.7099,0.055400
idle,2.5997,0.050000
idle,2.8367,0.063600
idle,3.0119,0.054300
idle,2.7391,0.057700
idle,2.5465,0.048800
idle,2.8428,0.058400
idle,2.6755,0.053600
idle,2.3674,0.053400
idle,2.3233,0.045400
idle,2.5230,0.057600
idle,3.7153,0.079400
idle,2.7063,0.052400
idle,2.4665,0.049000
idle,3.2450,0.085200
idle,3.0215,0.089300
idle,2.7305,0.047600
idle,2.6658,0.059100
idle,2.8585,0.076600
idle,2.6698,0.049500
idle,2.2611,0.046500
idle,2.6486,0.132700
idle,5.0799,0.065100
idle,3.1699,0.053600
idle,3.2625,0.092000
idle,3.1557,0.056000
idle,2.8646,0.053600
idle,2.6013,0.073300
idle,3.9214,0.066400
idle,3.2075,0.077600
idle,2.5894,0.048500
idle,3.1358,0.067900
idle,3.3659,0.064200
idle,2.7453,0.049300
idle,2.7021,0.055600
idle,3.4259,0.056700
idle,2.8118,0.053100
idle,2.4954,0.047300
idle,3.1079,0.093100
idle,3.5351,0.054200
idle,2.3496,0.050500
idle,2.2226,0.047900
idle,3.8082,0.065700
idle,2.8141,0.053500
idle,2.3586,0.052100
idle,2.6179,0.054400
idle,3.3563,0.061700
idle,2.7527,0.054300
idle,2.5053,0.048400
idle,2.5122,0.057500
idle,2.7836,0.055400
idle,2.3695,0.049000
idle,2.1705,0.046500
idle,2.5826,0.076000
idle,3.5981,0.063000
idle,2.5968,0.048900
idle,2.4246,0.050800
idle,2.7018,0.054300
idle,2.7582,0.052200
idle,2.9707,0.059800
idle,2.4442,0.048200
idle,2.7824,0.071200
idle,2.6756,0.053800
idle,2.3117,0.049800
idle,2.4092,0.070800
idle,3.0292,0.081800
idle,3.0632,0.056900
idle,2.3916,0.048400
idle,2.2600,0.049100
idle,2.5193,0.052000
idle,3.0696,0.055900
idle,2.6167,0.049800
idle,2.5510,0.046300
idle,2.5748,0.063700
idle,2.6412,0.056200
idle,2.3431,0.059700
idle,2.3418,0.047900
idle,2.3853,0.052900
idle,2.6867,0.052200
idle,2.4030,0.050500
idle,2.2637,0.046500
idle,2.0711,0.044500
idle,2.6957,0.126900
idle,3.6467,0.057700
idle,2.6800,0.048200
idle,2.6600,0.052300
idle,2.7927,0.053600
idle,2.5121,0.048900
idle,2.5033,0.051200
idle,2.2763,0.063200
idle,3.0102,0.067400
idle,2.6240,0.052300
idle,2.4889,0.050300
idle,2.2283,0.047700
idle,3.2868,0.098900
idle,3.2230,0.052100
idle,2.4427,0.048700
idle,2.9406,0.093100
idle,3.3224,0.059900
idle,2.9066,0.048900
idle,2.3842,0.046000
idle,2.7758,0.058800
idle,2.8663,0.053600
idle,2.4954,0.047800
idle,2.3731,0.059400
idle,3.4182,0.097900
idle,3.1368,0.051700
idle,2.3588,0.048900
idle,2.8439,0.051900
idle,2.9243,0.058000
idle,2.5588,0.048100
idle,2.3109,0.048500
idle,2.1685,0.049700
idle,3.1304,0.067300
idle,3.0433,0.053700
idle,2.4177,0.048500
idle,2.3148,0.068700
idle,3.7276,0.066100
idle,2.7170,0.054000
idle,2.4831,0.046700
idle,2.7927,0.054600
idle,2.8896,0.054700
idle,2.6363,0.048100
idle,2.4060,0.045100
idle,2.6933,0.084500
idle,2.8260,0.055800
idle,2.5561,0.048700
idle,2.3064,0.049900
idle,3.3939,0.079100
idle,3.1610,0.056200
idle,2.5194,0.048600
idle,2.7609,0.074000
idle,3.2122,0.058200
idle,2.6621,0.073400
idle,2.6104,0.047200
idle,2.5884,0.060300
idle,3.5002,0.063100
idle,2.6214,0.061900
idle,2.4165,0.048300
idle,2.6884,0.082700
idle,2.8035,0.052900
idle,2.3858,0.048200
idle,2.4291,0.050800
idle,2.8013,0.058900
idle,3.1338,0.053600
idle,2.7008,0.051600
idle,2.4511,0.046400
idle,2.6673,0.060200
idle,2.9861,0.052600
idle,2.4986,0.049500
idle,2.3165,0.047100
idle,2.7074,0.054500
idle,2.9811,0.051300
idle,2.8343,0.047900
idle,2.3450,0.045600
idle,3.1136,0.094800
idle,4.4919,0.109700
idle,3.7318,0.066400
idle,3.5544,0.071400
idle,2.9469,0.056500
idle,2.7431,0.050800
idle,2.6651,0.055100
idle,2.7550,0.064500
idle,2.6441,0.050200
idle,2.3761,0.047200
idle,2.7293,0.052500
idle,3.6736,0.073600
idle,2.6995,0.052400
idle,2.4677,0.048900
idle,3.0507,0.059900
idle,3.0569,0.051900
idle,2.4055,0.051500
idle,2.2720,0.046500
idle,2.9839,0.058500
idle,2.8086,0.051100
idle,2.4118,0.047400
idle,2.0830,0.043800
idle,3.2617,0.066900
idle,3.1870,0.053700
idle,2.4860,0.047400
idle,2.6735,0.053500
idle,3.0854,0.058200
idle,2.7246,0.112600
idle,2.6534,0.047400
idle,2.4446,0.078600
idle,3.2212,0.076000
idle,2.5648,0.048500
idle,2.1957,0.047000
idle,2.7368,0.087800
idle,3.0341,0.048000
idle,2.5249,0.045900
idle,2.2839,0.044900
idle,2.7393,0.068200
idle,2.8521,0.052500
idle,3.0016,0.048900
idle,2.3907,0.045600
idle,2.6738,0.056200
idle,2.5554,0.052500
idle,2.2526,0.047400
idle,2.1952,0.046400
idle,2.4405,0.077900
idle,3.3614,0.057600
idle,2.4018,0.048100
idle,2.2449,0.048100
idle,2.2457,0.066500
idle,2.6189,0.063300
idle,2.5605,0.050700
idle,2.9429,0.075500
idle,2.9552,0.070700
idle,3.3599,0.062800
idle,2.6082,0.054000
idle,2.7164,0.051600
idle,2.8808,0.058200
idle,3.0813,0.057500
idle,2.7318,0.052800
idle,2.8807,0.052300
idle,3.2232,0.060800
idle,2.9308,0.109100
idle,3.2428,0.057100
idle,2.9527,0.065200
idle,3.0826,0.058400
idle,2.8402,0.052200
idle,2.3662,0.046500
idle,3.4983,0.090900
idle,3.0301,0.054600
idle,2.4183,0.050400
idle,2.4283,0.050300
idle,3.1546,0.125200
idle,3.0285,0.055200
idle,2.3912,0.048800
idle,2.7608,0.058100
idle,3.0896,0.107400
idle,2.9787,0.075400
idle,3.0205,0.055100
idle,2.7516,0.055200
idle,3.5352,0.085100
idle,3.4977,0.074700
idle,3.4698,0.064100
idle,3.1992,0.081800
idle,3.2391,0.060600
idle,2.8783,0.055400
idle,3.1639,0.090600
idle,3.4140,0.058000
idle,3.2627,0.089000
idle,4.0705,0.058100
idle,3.4675,0.074900
idle,3.3888,0.056400
idle,3.1995,0.059700
idle,3.2730,0.059200
idle,3.5879,0.088300
idle,29.6433,0.114500
idle,6.9575,0.095400
idle,6.1997,0.084000
idle,6.3585,0.092400
idle,6.6650,0.083600
idle,5.7502,0.120100
idle,5.6106,0.069400
idle,6.5670,0.083200
idle,5.8798,0.077700
idle,6.5381,0.073000
idle,6.5421,0.085300
idle,6.2436,0.075700
idle,6.0076,0.079100
idle,6.1522,0.081200
idle,5.8063,0.088900
idle,6.2721,0.073600
idle,6.4008,0.080400
idle,7.3248,0.082400
idle,6.2624,0.081800
idle,6.0240,0.069600
idle,6.0883,0.087200
idle,6.1899,0.081800
idle,6.1152,0.088400
idle,6.4998,0.096700
idle,6.1991,0.110300
idle,6.4635,0.111400
idle,5.7354,0.072600
idle,5.6232,0.072400
idle,5.9667,0.090900
idle,5.7886,0.075600
idle,6.2444,0.094900
idle,5.9767,0.100500
idle,5.5904,0.068500
idle,5.6689,0.071300
idle,5.9857,0.078700
idle,5.5862,0.075800
idle,5.8209,0.093300
idle,6.2929,0.096100
idle,5.8072,0.073300
idle,5.8425,0.072500
idle,5.6879,0.119900
idle,5.6960,0.074200
idle,5.8893,0.076600
idle,6.2521,0.074800
idle,5.8319,0.072400
idle,6.0302,0.072500
idle,5.6699,0.070400
idle,5.6759,0.073900
idle,5.7404,0.100600
idle,5.8474,0.562500
idle,6.2310,0.121700
idle,6.1655,0.144000
idle,5.7266,0.064500
idle,5.6963,0.070600
idle,5.7431,0.068400
idle,5.5983,0.076700
idle,5.7181,0.074600
idle,5.9716,0.068800
idle,5.7214,0.074400
idle,5.9717,0.148900
idle,5.9051,0.071500
idle,5.6894,0.133500
idle,5.8324,0.084800
idle,5.5832,0.063800
idle,6.1582,0.071300
idle,6.1036,0.064400
idle,5.5819,0.072500
idle,5.7671,0.075700
idle,5.6878,0.068300
idle,5.6068,0.160500
idle,5.7045,0.069700
idle,6.2546,0.086400
idle,5.9241,0.070500
idle,5.9843,0.067700
idle,5.9712,0.090300
idle,5.5904,0.081300
idle,5.7089,0.068700
idle,5.7931,0.065200
idle,5.8248,0.070000
idle,6.3228,0.081200
idle,6.0294,0.073000
idle,5.6885,0.073600
idle,5.9256,0.081000
idle,5.7852,0.057900
idle,6.0453,0.067400
idle,6.0461,0.064500
idle,5.6036,0.102000
idle,5.8110,0.072700
idle,6.3196,0.082800
idle,5.5986,0.072800
idle,5.6382,0.069600
idle,6.4324,0.072800
idle,5.7924,0.066600
idle,6.0090,0.068200
idle,5.9370,0.091300
idle,5.7423,0.071900
idle,5.7941,0.075000
idle,5.7363,0.066200
idle,6.0303,0.072900
idle,6.1129,0.097400
idle,5.8045,0.070300
idle,5.8349,0.084600
idle,5.8980,0.074500
idle,5.6401,0.062400
idle,5.6758,0.066500
idle,6.2048,0.065500
idle,5.7712,0.100100
idle,5.8593,0.115600
idle,6.1790,0.068800
idle,5.7216,0.068700
idle,5.6308,0.075200
idle,5.7137,0.071800
idle,6.1953,0.071200
idle,6.1727,0.081600
idle,5.8542,0.127900
idle,5.6803,0.092200
idle,5.9087,0.071900
idle,5.6456,0.062100
idle,6.1333,0.068500
idle,6.1402,0.080400
idle,5.8772,0.072600
idle,5.6730,0.078400
idle,6.0013,0.066300
idle,5.7226,0.064300
idle,5.7100,0.078900
idle,6.1648,0.075300
idle,5.8862,0.070800
idle,5.7617,0.089600
idle,5.7090,0.100600
idle,5.6348,0.064500
idle,5.8729,0.079300
idle,5.7082,0.070300
idle,6.1746,0.075200
idle,5.9588,0.081500
idle,5.8300,0.081200
idle,5.7944,0.068700
idle,5.8575,0.123200
idle,5.7243,0.073900
idle,5.7464,0.069100
idle,6.0635,0.072800
idle,5.9591,0.070000
idle,5.6543,0.065200
idle,5.7814,0.062600
idle,5.6272,0.069400
idle,7.0488,0.138900
idle,5.4140,0.086200
idle,6.0160,0.107700
idle,5.9280,0.089100
idle,5.6846,0.061100
idle,5.6720,0.080000
idle,5.9355,0.075400
idle,5.9565,0.069300
idle,6.2890,0.071400
idle,5.8382,0.069700
idle,5.6447,0.090700
idle,5.6689,0.065800
idle,5.8448,0.065300
idle,55.6017,0.110400
idle,11.1817,0.100700
idle,5.9655,0.137100
idle,8.1523,0.111400
idle,6.0021,0.142300
idle,6.2055,0.179300
idle,6.9993,0.132200
idle,6.1239,0.152100
idle,6.6398,0.088100
idle,7.1689,0.084600
idle,7.0808,0.125100
idle,7.9480,0.124000
idle,5.6811,0.084200
idle,5.8298,0.074400
idle,5.7426,0.077000
idle,5.6282,0.075000
idle,5.6605,0.086400
idle,5.7447,0.071300
idle,5.8050,0.099500
idle,6.1078,0.088600
idle,6.2882,0.078100
idle,5.6638,0.097600
idle,5.8337,0.076000
idle,5.8570,0.079900
idle,5.8022,0.286500
idle,6.1531,0.076300
idle,6.0484,0.087600
idle,5.6895,0.078200
idle,5.7478,0.089500
idle,5.7367,0.077100
idle,6.0808,0.092800
idle,5.7017,0.077700
idle,6.0864,0.077000
idle,6.2727,0.118700
idle,5.6044,0.074600
idle,5.6423,0.074000
idle,5.8852,0.085700
idle,5.8411,0.076500
idle,7.0453,0.084200
idle,6.2022,0.070200
idle,6.0236,0.103000
idle,5.6866,0.083000
idle,5.8583,0.079000
idle,5.8893,0.080300
idle,5.7492,0.123600
idle,5.6712,0.075000
idle,6.2954,0.084400
idle,6.1068,0.081300
idle,5.8499,0.093300
idle,5.9186,0.087600
idle,5.9045,0.091500
idle,5.8166,0.125200
idle,6.2980,0.125600
idle,6.2191,0.096200
idle,5.6883,0.088700
idle,5.6247,0.080000
idle,6.0521,0.080200
idle,5.8786,0.098000
idle,5.7425,0.081600
idle,6.0816,0.086100
idle,6.1500,0.079500
idle,5.7436,0.071300
idle,6.0518,0.081800
idle,5.8728,0.098400
idle,5.7535,0.081900
idle,5.7725,0.077900
idle,6.0372,0.075300
idle,5.9797,0.087400
idle,5.7331,0.068500
idle,5.7706,0.088600
idle,5.8258,0.096700
idle,5.8089,0.079300
idle,5.7935,0.096200
idle,6.0034,0.071000
idle,6.0460,0.068800
idle,5.9339,0.120600
idle,5.7853,0.085300
idle,5.9119,0.113000
idle,6.4112,0.094700
idle,6.3133,0.071600
idle,5.7762,0.087600
idle,7.8820,0.084300
idle,5.5018,0.076200
idle,5.6673,0.081000
idle,5.7239,0.069000
idle,6.1139,0.076800
idle,6.3743,0.107400
idle,5.8231,0.113200
idle,6.0106,0.080700
idle,5.6715,0.079900
idle,5.7652,0.082800
idle,7.4710,0.073200
idle,6.2533,0.083100
idle,5.7751,0.071200
idle,5.9361,0.075600
idle,5.9042,0.067400
idle,6.3621,0.079500
idle,5.9364,0.070700
idle,5.8337,0.074600
idle,6.0855,0.072500
idle,6.1764,0.107300
idle,6.0466,0.080300
idle,5.7404,0.073500
idle,5.5844,0.084300
idle,6.1113,0.081900
idle,6.0538,0.092600
idle,6.3959,0.080300
idle,5.8176,0.079100
idle,5.6907,0.078400
idle,5.7964,0.100100
idle,5.9743,0.094500
idle,5.7862,0.080700
idle,6.3486,0.086200
idle,5.8108,0.063000
idle,5.6612,0.065600
idle,5.6120,0.073300
idle,5.9334,0.098900
idle,6.0377,0.077900
idle,5.6999,0.062500
idle,6.2855,0.068600
idle,6.1288,0.077500
idle,6.8061,0.075600
idle,5.5370,0.070100
idle,5.5845,0.074800
idle,5.8126,0.071400
idle,5.6309,0.077800
idle,6.3847,0.069800
idle,5.7614,0.092100
idle,5.6543,0.073300
idle,5.9025,0.105600
idle,6.0052,0.067700
idle,7.2932,0.076100
idle,5.9131,0.069300
idle,6.2574,0.076500
idle,5.9353,0.106300
idle,5.8201,0.093300
idle,6.5058,0.153500
idle,6.1573,0.107100
idle,5.8298,0.069500
idle,6.0606,0.078400
idle,5.7106,0.070400
idle,5.8156,0.075400
idle,5.7639,0.073900
idle,5.6457,0.084800
idle,5.7420,0.074800
idle,5.8775,0.087600
idle,6.2118,0.076600
idle,5.8277,0.093100
idle,5.8665,0.077400
idle,5.6697,0.077700
idle,5.6861,0.118400
idle,6.0604,0.091200
idle,5.9037,0.106100
idle,6.3219,0.079600
idle,5.7537,0.070400
idle,5.7019,0.082000
idle,5.8038,0.074200
idle,5.6763,0.133100
idle,6.2465,0.090100
idle,5.8697,0.098100
idle,6.4270,0.073900
idle,5.8449,0.074500
idle,5.8812,0.095100
idle,5.7104,0.071800
idle,5.8056,0.096800
idle,5.7099,0.073900
idle,6.0285,0.083400
idle,6.1416,0.082200
idle,5.7724,0.080500
idle,5.8072,0.160500
idle,5.7909,0.074600
idle,5.7106,0.088900
idle,5.7972,0.071700
idle,6.3133,0.085500
idle,5.9522,0.072700
idle,5.7941,0.091100
idle,6.3913,0.081200
idle,5.7183,0.073100
idle,5.6015,0.077900
idle,5.6246,0.070300
idle,6.0607,0.077700
idle,5.8603,0.081100
idle,5.8991,0.084900
idle,5.7421,0.074800
idle,6.1731,0.081400
idle,5.6465,0.094200
idle,5.9080,0.074200
idle,6.0605,0.065200
idle,5.7569,0.087800
idle,5.8181,0.073000
idle,5.8119,0.084200
idle,5.9544,0.089700
idle,5.7219,0.073600
idle,6.0679,0.084900
idle,6.0626,0.075100
idle,5.9142,0.074000
idle,5.6191,0.072900
idle,5.7703,0.148900
idle,5.8016,0.127500
idle,5.7010,0.067300
idle,6.4871,0.084900
idle,11.1818,0.084800
idle,5.2388,0.094800
idle,5.7214,0.067300
idle,5.6871,0.097600
idle,6.0286,0.082500
idle,6.1244,0.076100
idle,5.8848,0.068900
idle,5.9070,0.086100
idle,5.7327,0.080300
idle,5.7116,0.114800
idle,6.7596,0.074800
idle,5.4037,0.071500
idle,5.9255,0.073900
idle,5.9182,0.074200
idle,5.6157,0.073700
idle,5.8812,0.080000
idle,5.8463,0.081100
idle,5.6794,0.084000
idle,6.1101,0.072900
idle,6.2001,0.077300
idle,6.2127,0.080100
idle,5.7002,0.078600
idle,5.7428,0.073800
idle,5.7351,0.080900
idle,5.9793,0.070900
idle,5.9115,0.112800
idle,5.9776,0.073500
idle,5.8233,0.099400
idle,5.7866,0.077300
idle,5.9701,0.067100
idle,5.7188,0.067900
idle,5.6324,0.066600
idle,5.8705,0.077100
idle,6.4224,0.079900
idle,5.9132,0.075500
idle,5.6929,0.081700
idle,5.7980,0.113700
idle,5.6075,0.076700
idle,5.7335,0.131400
idle,6.4006,0.100700
idle,5.8530,0.072200
idle,5.6575,0.088900
idle,5.8017,0.085200
idle,5.6974,0.080300
idle,5.7037,0.075600
idle,6.0907,0.078300
idle,6.0917,0.070400
idle,5.7646,0.079800
idle,5.6836,0.068700
idle,5.7000,0.068200
idle,5.8885,0.083500
idle,5.6720,0.070000
idle,5.7109,0.083500
idle,6.0536,0.093400
idle,5.9565,0.067600
idle,5.7086,0.067500
idle,5.8696,0.097700
idle,5.6786,0.066000
idle,6.0448,0.079600
idle,5.8064,0.116700
idle,6.0147,0.077800
idle,6.2694,0.073400
idle,5.7606,0.066800
idle,5.5833,0.076100
idle,6.1990,0.103900
idle,5.7683,0.071900
idle,5.6498,0.135700
idle,6.5343,0.076500
idle,6.0244,0.080800
idle,5.7244,0.069300
idle,5.9588,0.085400
idle,5.6780,0.089000
idle,5.7366,0.078900
idle,6.3036,0.120900
idle,5.7864,0.071100
idle,5.8145,0.068900
idle,6.0907,0.075200
idle,5.6494,0.094700
idle,5.8742,0.139200
idle,5.8609,0.072700
idle,5.9532,0.100800
idle,6.2760,0.089900
idle,5.8161,0.081300
idle,5.8068,0.122100
idle,5.6865,0.089200
idle,5.8432,0.078300
idle,5.6866,0.106600
idle,6.4071,0.074000
idle,5.9154,0.071500
idle,5.6396,0.066300
idle,6.0868,0.146600
idle,6.0663,0.090400
idle,5.8955,0.082600
idle,5.7609,0.104900
idle,6.0665,0.071300
idle,5.8011,0.070700
idle,5.5842,0.088300
idle,5.7584,0.073100
idle,5.7382,0.114000
idle,6.3129,0.132600
idle,6.1162,0.098800
idle,5.7306,0.070400
idle,5.8608,0.090900
idle,5.7368,0.073500
idle,5.6205,0.083200
idle,6.2254,0.079400
idle,5.5311,0.114300
idle,6.0180,0.075700
idle,5.9420,0.073300
idle,5.9233,0.074400
idle,5.7192,0.075100
idle,6.0446,0.070100
idle,5.6494,0.079900
idle,5.7080,0.084600
idle,6.1409,0.074200
idle,5.7295,0.119200
idle,5.7134,0.081700
idle,5.8076,0.129700
idle,5.8068,0.070900
idle,5.7406,0.072000
idle,5.7408,0.070200
idle,5.9836,0.072400
idle,6.1534,0.097200
idle,5.8415,0.068500
idle,5.6162,0.080700
idle,5.8704,0.118200
idle,5.8045,0.074000
idle,5.6928,0.097000
idle,6.1552,0.068300
idle,5.9773,0.073100
idle,5.8119,0.106900
idle,5.9737,0.076900
idle,5.6811,0.060800
idle,5.8856,0.073300
idle,5.6060,0.073700
idle,6.0898,0.073400
idle,6.2876,0.086700
idle,5.8346,0.083400
idle,5.5019,0.078400
idle,5.9448,0.064200
idle,5.7153,0.071200
idle,5.7659,0.075900
idle,6.2595,0.068900
idle,5.8446,0.072300
idle,5.6842,0.105400
idle,6.2457,0.064100
idle,5.6620,0.071700
idle,5.9421,0.077400
idle,6.1341,0.084900
idle,5.7978,0.073600
idle,6.1201,0.073600
idle,5.6963,0.101100
idle,5.6220,0.066800
idle,5.9128,0.073700
idle,5.6545,0.080500
idle,6.0769,0.083300
idle,5.8949,0.073600
idle,5.6826,0.073600
idle,5.8364,0.086000
idle,6.1007,0.064100
idle,5.6743,0.082600
idle,5.9573,0.086500
idle,6.1061,0.075400
idle,5.8638,0.073600
idle,5.7771,0.108600
idle,5.7225,0.064400
idle,5.7157,0.070600
idle,5.8615,0.075700
idle,5.7457,0.085200
idle,6.4672,0.095000
idle,6.0256,0.107600
idle,5.6997,0.061300
idle,5.8577,0.077300
idle,5.9071,0.067000
idle,5.6592,0.069600
idle,6.4425,0.122000
idle,5.9256,0.070800
idle,5.6078,0.079000
idle,5.7376,0.072400
idle,5.8093,0.069600
idle,5.7391,0.082200
idle,5.6917,0.091400
idle,6.0717,0.118600
idle,6.4618,0.135200
idle,6.8305,0.092900
idle,5.4646,0.079100
idle,6.1893,0.088200
idle,5.2155,0.084400
idle,6.5986,0.109600
idle,5.7827,0.076800
idle,5.9422,0.089500
idle,5.6771,0.157000
idle,5.8386,0.098000
idle,6.3449,0.095100
idle,5.6430,0.081500
idle,5.7644,0.093800
idle,6.2213,0.078600
idle,5.8123,0.086700
idle,6.0313,0.086400
idle,5.7270,0.069000
idle,5.6581,0.077400
idle,6.0234,0.094100
idle,6.1831,0.075200
idle,5.8862,0.079800
idle,5.8746,0.113800
idle,5.6792,0.070900
idle,5.7520,0.096700
idle,6.0956,0.078900
idle,6.0359,0.083600
idle,5.7600,0.118400
idle,6.7899,0.133700
idle,5.7819,0.084700
idle,5.6571,0.088400
idle,5.6437,0.088100
idle,5.7512,0.093000
idle,5.6936,0.078200
idle,6.2857,0.146500
idle,6.2447,0.092400
idle,5.6949,0.073600
idle,5.9718,0.084100
idle,5.7967,0.080600
idle,5.7066,0.075500
idle,5.8523,0.145700
idle,6.8222,0.077300
idle,5.7521,0.071700
idle,5.7775,0.111400
idle,5.8572,0.076200
idle,5.5689,0.080400
idle,7.8877,0.098500
idle,5.9446,0.098000
idle,6.5932,0.126100
idle,5.4359,0.094000
idle,5.7367,0.072400
idle,5.6455,0.098300
idle,5.6784,0.084900
idle,5.8015,0.076500
idle,6.0352,0.085600
idle,5.8402,0.092700
idle,5.8744,0.083300
idle,5.9491,0.082100
idle,5.5714,0.076700
idle,5.7152,0.114200
idle,5.7455,0.102800
idle,6.2079,0.073000
idle,5.8317,0.073000
idle,5.6052,0.073000
idle,5.6095,0.112900
idle,5.7024,0.077400
idle,5.7263,0.093700
idle,5.6794,0.147900
idle,6.1842,0.081700
idle,6.0049,0.084100
idle,5.7259,0.070900
idle,5.7161,0.087900
idle,5.6346,0.070500
idle,5.6290,0.065100
idle,5.7702,0.086700
idle,6.2901,0.079200
idle,5.9799,0.130800
idle,6.1929,0.072500
idle,5.6249,0.108000
idle,5.9834,0.078500
idle,5.7435,0.066600
idle,6.0968,0.065200
idle,5.8336,0.071100
idle,5.6146,0.060700
idle,5.7605,0.067100
idle,5.6375,0.069300
idle,5.8325,0.146600
idle,5.8355,0.069300
idle,6.3053,0.091100
idle,5.8346,0.123200
idle,5.7233,0.068300
idle,5.6957,0.067800
idle,5.5662,0.070000
idle,5.7291,0.078700
idle,6.0050,0.076200
idle,6.1725,0.081700
idle,5.8348,0.080400
idle,5.7116,0.084300
idle,5.7385,0.077900
idle,5.7522,0.080400
idle,5.6445,0.075700
idle,5.8265,0.077900
idle,6.0788,0.064000
idle,5.7897,0.072600
idle,5.6868,0.072800
idle,5.7708,0.084600
idle,5.7246,0.089200
idle,5.9086,0.123300
idle,5.9107,0.069000
idle,6.2219,0.068300
idle,5.8001,0.075600
idle,5.6166,0.094000
idle,5.7766,0.073200
idle,5.6936,0.084200
idle,5.6804,0.079100
idle,5.7491,0.069400
idle,6.0400,0.072200
idle,5.7679,0.078100
idle,6.0329,0.075600
idle,5.6883,0.075800
idle,5.6195,0.067100
idle,5.5975,0.068900
idle,5.9157,0.087800
idle,6.2132,0.081200
idle,5.8933,0.083000
idle,6.0915,0.087700
idle,5.7164,0.110900
idle,5.6579,0.062700
idle,5.6955,0.073900
idle,5.6774,0.073600
idle,5.8454,0.078900
idle,6.1552,0.111100
idle,6.3432,0.079400
idle,5.6482,0.095800
idle,5.8033,0.071700
idle,5.6064,0.070800
idle,6.1120,0.075300
idle,5.9187,0.072400
idle,5.6730,0.087900
idle,5.6176,0.075300
idle,5.7766,0.080700
idle,5.8154,0.073900
idle,5.6179,0.075000
idle,6.2477,0.119000
idle,5.8047,0.073800
idle,5.6836,0.079600
idle,6.0478,0.072200
idle,5.6374,0.113500
idle,5.7592,0.077300
idle,5.9046,0.076700
idle,5.9905,0.089500
idle,6.0398,0.117400
idle,5.9126,0.070300
idle,5.8680,0.081900
idle,5.7770,0.074600
idle,5.7666,0.065900
idle,5.7273,0.072200
idle,6.0507,0.083200
idle,5.8521,0.067100
idle,5.9831,0.104400
idle,5.7615,0.065800
idle,5.6764,0.117500
idle,5.6681,0.069600
idle,5.6721,0.066500
idle,5.9710,0.065900
idle,5.9180,0.065600
idle,5.6461,0.068300
idle,5.9785,0.082000
idle,5.7448,0.070100
idle,5.7095,0.081700
idle,5.7012,0.080400
idle,5.9241,0.068100
idle,5.9031,0.095200
idle,6.5088,0.085800
idle,5.6540,0.089500
idle,5.8831,0.128000
idle,5.7759,0.072400
idle,6.9553,0.080400
idle,6.2729,0.073500
idle,5.8096,0.065800
idle,6.3264,0.078500
idle,5.6721,0.070500
idle,6.3844,0.077800
idle,6.0407,0.077400
idle,6.4605,0.070500
idle,6.4521,0.083800
idle,5.8749,0.070400
idle,5.7981,0.076800
idle,6.6435,0.076700
idle,6.0291,0.076100
idle,6.3602,0.067400
idle,6.1235,0.078500
idle,6.4081,0.079400
idle,6.2213,0.080200
idle,6.3160,0.081300
idle,6.2445,0.077100
idle,6.0193,0.102500
idle,6.0273,0.103000
idle,6.0575,0.070200
idle,6.2880,0.067300
idle,6.1595,0.113000
idle,6.1411,0.081600
idle,6.2903,0.082700
idle,6.1327,0.081900
idle,5.7736,0.100100
idle,5.7533,0.066300
idle,5.8804,0.082300
idle,5.6779,0.070000
idle,5.7785,0.084100
idle,5.8114,0.092200
idle,6.0770,0.070200
idle,5.8287,0.060400
idle,5.6655,0.065000
idle,5.7142,0.083800
idle,5.8556,0.077500
idle,5.9482,0.076200
idle,5.6532,0.073900
idle,6.0169,0.061200
idle,5.8516,0.080800
idle,5.6534,0.071000
idle,5.7426,0.080700
idle,5.6240,0.075800
idle,5.7089,0.083600
idle,5.7353,0.106400
idle,6.0109,0.068500
idle,5.7605,0.068200
idle,5.9832,0.108700
idle,5.8782,0.073800
idle,5.7252,0.112800
idle,5.6770,0.064800
idle,5.6158,0.065300
idle,6.2875,0.107900
idle,5.8979,0.077400
idle,5.6723,0.071300
idle,5.5848,0.076500
idle,5.7599,0.111800
idle,5.5876,0.068300
idle,5.9124,0.097200
idle,6.4224,0.075400
idle,5.9983,0.074000
idle,5.6869,0.079200
idle,5.6396,0.109400
idle,5.5598,0.062400
idle,5.9373,0.067700
idle,6.1802,0.066000
idle,6.1018,0.095700
idle,5.8521,0.071700
idle,5.6279,0.065200
idle,5.7064,0.105600
idle,5.9399,0.079900
idle,5.6696,0.071400
idle,6.2995,0.090100
idle,5.9604,0.066500
idle,5.6634,0.070300
idle,5.6425,0.062100
idle,5.7525,0.065600
idle,5.6648,0.070000
idle,6.0706,0.080300
idle,6.1738,0.113900
idle,6.0263,0.087200
idle,5.8452,0.073500
idle,5.6734,0.063000
idle,5.6151,0.063200
idle,5.9394,0.082000
idle,5.7954,0.073300
idle,6.0226,0.080700
idle,5.9882,0.091000
idle,5.6994,0.062400
idle,5.6773,0.063000
idle,6.1661,0.094400
idle,5.7861,0.078000
idle,5.7292,0.084100
idle,6.0149,0.086900
idle,5.8265,0.085600
idle,5.7866,0.066100
idle,5.6511,0.146200
idle,5.5815,0.070100
idle,5.6784,0.071600
idle,5.6398,0.078800
idle,6.0085,0.067500
idle,6.0563,0.066800
idle,5.5802,0.068600
idle,5.6809,0.108900
idle,5.6885,0.081900
idle,5.7455,0.076000
idle,5.6893,0.069700
idle,6.1190,0.065600
idle,5.7551,0.065200
idle,5.9748,0.086000
idle,5.7178,0.074100
idle,5.6868,0.155400
idle,5.6216,0.061400
idle,6.1312,0.068900
idle,5.7917,0.071500
idle,7.0907,0.097200
idle,5.3638,0.123000
idle,5.6265,0.064500
idle,5.6198,0.068900
idle,5.6573,0.064100
idle,5.9973,0.064400
idle,6.1736,0.119400
idle,5.5830,0.068300
idle,5.8224,0.084700
idle,5.7053,0.084000
idle,5.7581,0.064900
idle,5.6006,0.063400
idle,6.3100,0.069900
idle,6.0239,0.070800
idle,5.7457,0.082900
idle,5.7478,0.078200
idle,5.6822,0.062100
idle,5.6123,0.062700
idle,5.8102,0.076000
idle,6.0379,0.104700
idle,5.9910,0.096600
idle,5.9403,0.081400
idle,5.5397,0.067100
idle,5.7507,0.067600
idle,5.6396,0.064900
idle,5.6754,0.072100
idle,6.0383,0.069600
idle,5.8391,0.116600
idle,5.5639,0.066200
idle,5.9393,0.067300
idle,5.5790,0.067300
idle,5.6767,0.073900
idle,5.6014,0.076700
idle,6.0840,0.095600
idle,5.8851,0.093500
idle,6.0216,0.079300
idle,5.7177,0.069500
idle,5.7618,0.075700
idle,5.6805,0.071100
idle,5.7133,0.076400
idle,7.1033,0.075800
idle,5.5730,0.068500
idle,5.6446,0.065300
idle,5.9782,0.069300
idle,5.7666,0.104700
idle,5.6924,0.066300
idle,6.0527,0.074000
idle,5.8006,0.087200
idle,5.6890,0.071200
idle,5.8361,0.078600
idle,5.8117,0.068100
idle,5.9363,0.095500
idle,5.7756,0.070300
idle,6.1618,0.111200
idle,5.8168,0.061300
idle,5.9002,0.070200
idle,5.7709,0.069500
idle,5.8686,0.117200
idle,5.8913,0.068200
idle,5.7287,0.065200
idle,5.9732,0.072800
idle,5.8682,0.065600
idle,5.5242,0.067500
idle,6.1973,0.088400
idle,5.8931,0.079400
idle,5.7018,0.121400
idle,5.6552,0.075700
idle,6.0750,0.070000
idle,5.7976,0.083900
idle,6.0004,0.086600
idle,6.1309,0.077400
idle,5.8907,0.092700
idle,5.8431,0.122000
idle,5.6634,0.079300
idle,6.1215,0.072700
idle,6.1080,0.084300
idle,5.8401,0.087100
idle,5.8136,0.096000
idle,5.7288,0.130200
idle,5.7578,0.103500
idle,6.4804,0.207300
idle,6.0426,0.088100
idle,5.6896,0.073900
idle,5.9374,0.085500
idle,5.9311,0.083700
idle,5.8912,0.094800
idle,5.7358,0.122900
idle,6.0193,0.072500
idle,5.8893,0.067400
idle,6.1408,0.078200
idle,5.8205,0.100000
idle,5.8635,0.091100
idle,7.4771,0.120600
idle,5.6528,0.158800
idle,7.7182,0.153200
idle,7.4474,0.086000
idle,5.3683,0.098300
idle,5.6951,0.079100
idle,6.0784,0.120900
idle,5.7060,0.100900
idle,6.1206,0.085500
idle,5.9876,0.145000
idle,5.8922,0.100900
idle,6.3227,0.137400
idle,5.3340,0.080500
idle,5.8291,0.075000
idle,5.6887,0.087200
idle,6.1612,0.097300
idle,5.9470,0.082500
idle,5.8512,0.076200
idle,5.6749,0.073200
idle,5.7691,0.071700
idle,5.7070,0.077400
idle,5.9898,0.113800
idle,6.2604,0.087800
idle,6.1312,0.133100
idle,5.7172,0.086200
idle,5.6627,0.071700
idle,5.6551,0.081100
idle,6.0090,0.106800
idle,6.0606,0.093400
idle,5.8238,0.081700
idle,5.7441,0.107700
idle,5.6908,0.072700
idle,5.7012,0.077100
idle,6.1084,0.083200
idle,5.6972,0.072000
idle,6.3205,0.098800
idle,6.0909,0.098400
idle,5.4760,0.080200
idle,5.7607,0.100600
idle,5.9423,0.082200
idle,5.6806,0.076300
idle,5.9809,0.088100
idle,6.0922,0.092400
idle,6.0384,0.103800
idle,5.7807,0.091900
idle,5.7056,0.071000
idle,5.6370,0.069100
idle,5.9834,0.120100
idle,5.8142,0.079700
idle,6.1663,0.078700
idle,5.8776,0.071500
idle,5.7355,0.068700
idle,5.6562,0.074700
idle,5.7330,0.081100
idle,5.7150,0.070400
idle,5.9842,0.080200
idle,6.6215,0.111800
idle,5.8351,0.097000
idle,5.6757,0.078400
idle,5.9070,0.078400
idle,5.6389,0.082800
idle,5.6987,0.077500
idle,5.8932,0.086300
idle,6.3139,0.112800
idle,8.2527,0.124600
idle,7.8667,0.144700
idle,8.9588,0.136900
idle,11.7814,0.140800
idle,10.4064,0.145300
idle,11.0325,0.227100
idle,8.8370,0.103400
idle,7.2252,0.138600
idle,5.7882,0.138500
idle,6.9943,0.146200
idle,8.2207,0.172900
idle,18.0379,0.150200
idle,6.9868,0.088200
idle,6.3114,0.143400
idle,9.6659,0.134900
idle,25.3323,0.196700
idle,17.5434,0.162500
idle,11.4397,0.145000
idle,9.1415,0.156500
idle,17.1488,0.151000
idle,15.8788,0.186600
idle,14.6712,0.099000
idle,6.9732,0.087500
idle,5.1412,0.114900
idle,4.9119,0.073600
idle,3.5911,0.063200
idle,3.7976,0.093800
idle,3.2999,0.074800
idle,3.2677,0.087700
idle,3.6067,0.060200
idle,3.0665,0.061000
idle,3.2696,0.056800
idle,2.9401,0.055900
idle,2.7576,0.051200
idle,3.2836,0.053400
idle,2.8074,0.060100
idle,2.7616,0.108900
idle,2.9392,0.053800
idle,2.4741,0.049600
idle,2.2687,0.048600
idle,2.6671,0.062800
idle,3.4102,0.055100
idle,2.7471,0.059700
idle,3.0272,0.056200
idle,2.8690,0.050900
idle,3.1536,0.059200
idle,2.6317,0.053000
idle,2.7403,0.055400
idle,2.6589,0.054700
idle,2.7863,0.050400
idle,2.8139,0.059500
idle,2.6179,0.054100
idle,2.4778,0.052600
idle,2.3720,0.050400
idle,2.2445,0.050200
idle,2.9433,0.066400
idle,2.9830,0.052400
idle,2.5324,0.049100
idle,3.3206,0.067600
idle,3.0000,0.051700
idle,3.0632,0.063600
idle,3.1627,0.066100
idle,2.9878,0.072900
idle,2.7254,0.057500
idle,3.1300,0.082800
idle,3.3155,0.069000
idle,6.2970,0.062500
idle,3.2035,0.056600
idle,3.0184,0.110800
idle,2.8317,0.052200
idle,3.2098,0.069100
idle,3.1162,0.051900
idle,2.4781,0.052000
idle,2.7015,0.052700
idle,2.9405,0.058200
idle,2.6363,0.053600
idle,2.6212,0.056400
idle,2.8080,0.052300
idle,3.8074,0.085900
idle,2.7588,0.147100
idle,2.6777,0.050100
idle,2.7725,0.082800
idle,2.4969,0.055300
idle,2.4930,0.055100
idle,2.8049,0.060900
idle,2.5527,0.057100
idle,2.2707,0.048600
idle,2.7831,0.101500
idle,3.1194,0.055500
idle,2.6302,0.075800
idle,2.8848,0.054300
idle,2.4975,0.049300
idle,2.6708,0.066100
idle,2.7200,0.064100
idle,2.9943,0.052700
idle,2.7974,0.082300
idle,3.3958,0.058800
idle,2.6470,0.057200
idle,3.2777,0.112100
idle,3.1952,0.053300
idle,3.1868,0.059200
idle,2.8858,0.054800
idle,2.9744,0.056800
idle,2.5904,0.050600
idle,2.3811,0.048400
idle,2.7807,0.057300
idle,3.0092,0.065800
idle,2.6309,0.055200
idle,2.8231,0.053000
idle,2.4894,0.050500
idle,2.8033,0.050600
idle,2.9150,0.103100
idle,3.4097,0.087400
idle,3.4496,0.062200
idle,3.0852,0.068000
idle,2.7813,0.053100
idle,2.7363,0.058700
idle,3.0765,0.077000
idle,2.7794,0.056600
idle,2.8801,0.085300
idle,3.0271,0.053600
idle,2.8591,0.091000
idle,2.9810,0.062000
idle,3.6470,0.062500
idle,3.5394,0.105400
idle,3.3883,0.067200
idle,2.8157,0.058400
idle,2.7198,0.067700
idle,4.5025,0.061000
idle,3.0421,0.063000
idle,2.6467,0.057000
idle,2.5024,0.070500
idle,2.8714,0.061800
idle,3.1007,0.054800
idle,2.3318,0.047000
idle,2.4244,0.098600
idle,3.7609,0.058400
idle,2.6853,0.056400
idle,2.6870,0.052200
idle,2.3462,0.048900
idle,2.8112,0.081100
idle,2.8528,0.058200
idle,2.4285,0.069800
idle,3.0139,0.054400
idle,2.6626,0.056600
idle,2.8585,0.053800
idle,2.5771,0.053100
idle,2.4040,0.047200
idle,2.5953,0.054100
idle,2.5568,0.050500
idle,2.4561,0.056100
idle,3.0388,0.058400
idle,2.5671,0.050900
idle,2.5734,0.052300
idle,3.1096,0.055600
idle,2.8540,0.065500
idle,2.8192,0.053600
idle,2.6561,0.048200
idle,2.5195,0.050500
idle,2.4404,0.048800
idle,2.8133,0.106500
idle,3.0371,0.054100
idle,3.1040,0.058200
idle,2.7282,0.051300
idle,2.5134,0.055700
idle,2.1767,0.046500
idle,2.9088,0.059300
idle,2.5321,0.049400
idle,2.4436,0.053800
idle,2.6995,0.055400
idle,2.7038,0.058200
idle,2.4723,0.057500
idle,2.8691,0.058200
idle,2.8466,0.059100
idle,2.6093,0.080000
idle,2.6396,0.049900
idle,2.8243,0.087100
idle,3.0975,0.070000
idle,2.8147,0.078200
idle,2.9367,0.076500
idle,2.5942,0.048800
idle,2.4516,0.051400
idle,2.4556,0.049300
idle,2.6356,0.081400
idle,3.1372,0.055500
idle,2.6114,0.049700
idle,2.4438,0.055600
idle,2.8318,0.052600
idle,2.5699,0.066200
idle,2.7395,0.048200
idle,2.5756,0.049600
idle,2.7991,0.092300
idle,3.0925,0.052600
idle,2.3744,0.052500
idle,3.0531,0.054100
idle,2.6517,0.050700
idle,2.7107,0.075800
idle,2.7035,0.053000
idle,2.6341,0.057000
idle,3.4350,0.081200
idle,2.6546,0.051300
idle,2.8539,0.060900
idle,3.2480,0.056000
idle,2.6747,0.065000
idle,2.7968,0.055200
idle,2.4851,0.051300
idle,2.4827,0.071700
idle,2.9195,0.053900
idle,2.6206,0.049400
idle,2.8058,0.060300
idle,2.8898,0.051000
idle,2.6286,0.068300
idle,2.9662,0.058000
idle,2.7046,0.057200
idle,2.9003,0.057000
idle,2.7593,0.056000
idle,2.6245,0.075500
idle,3.2276,0.057200
idle,2.5080,0.050200
idle,2.8638,0.073000
idle,2.7398,0.068300
idle,2.6693,0.083600
idle,2.9516,0.053000
idle,2.3930,0.050500
idle,3.0776,0.057000
idle,2.5814,0.051400
idle,2.5204,0.060800
idle,3.4900,0.060200
idle,2.9012,0.052400
idle,2.7290,0.051500
idle,2.4948,0.070100
idle,2.8036,0.076600
idle,2.9128,0.051100
idle,2.3343,0.048600
idle,2.7893,0.087300
idle,2.7024,0.053900
idle,2.7698,0.060800
idle,3.2448,0.086500
idle,2.9590,0.118200
idle,3.0387,0.059400
idle,2.4639,0.048100
idle,3.6299,0.105500
idle,3.2277,0.054600
idle,3.3039,0.102900
idle,3.1265,0.055600
idle,2.6442,0.077400
idle,2.8324,0.054400
idle,2.3613,0.050800
idle,2.8307,0.067600
idle,2.8635,0.051500
idle,2.6577,0.058600
idle,2.8393,0.053000
idle,2.6786,0.051900
idle,2.4547,0.059500
idle,2.6623,0.055100
idle,2.4107,0.057300
idle,2.9101,0.061400
idle,2.7220,0.055100
idle,2.6309,0.068200
idle,2.7901,0.057700
idle,2.4590,0.051500
idle,2.5121,0.054100
idle,2.4363,0.050500
idle,2.8942,0.052700
idle,2.8207,0.055700
idle,2.5417,0.050600
idle,2.3998,0.053200
idle,3.3820,0.061700
idle,2.7334,0.053700
idle,3.0322,0.076800
idle,2.9672,0.050700
idle,2.8629,0.057900
idle,2.7137,0.055000
idle,2.4907,0.063200
idle,3.1628,0.059900
idle,2.5784,0.048700
idle,2.7717,0.055300
idle,2.5362,0.051800
idle,2.5464,0.052900
idle,3.1007,0.106800
idle,3.5663,0.055800
idle,3.2927,0.059300
idle,2.5269,0.049500
idle,2.6710,0.068300
idle,2.9767,0.058100
idle,2.6851,0.048900
idle,2.7782,0.078300
idle,2.6705,0.049700
idle,2.4598,0.075900
idle,3.4372,0.049100
idle,2.4283,0.052500
idle,3.0213,0.062200
idle,2.6773,0.051500
idle,2.3970,0.072400
idle,2.7994,0.057900
idle,2.7220,0.050100
idle,2.8530,0.056500
idle,2.6133,0.050000
idle,2.3510,0.049600
idle,3.3487,0.059800
idle,2.6450,0.050000
idle,2.5509,0.054300
idle,3.2879,0.064100
idle,2.5077,0.054100
idle,2.9216,0.061700
idle,2.9067,0.050800
idle,3.2762,0.064700
idle,2.9592,0.052500
idle,2.8560,0.061300
idle,3.2450,0.079700
idle,2.7937,0.070600
idle,3.0495,0.058900
idle,3.1200,0.056000
idle,3.0691,0.055400
idle,2.5284,0.049600
idle,2.6455,0.054500
idle,3.3635,0.058300
idle,2.7136,0.055800
idle,3.2901,0.078400
idle,2.8366,0.050700
idle,2.6801,0.052800
idle,2.5377,0.048800
idle,2.3443,0.072900
idle,2.9253,0.054900
idle,2.9274,0.049900
idle,2.5074,0.060300
idle,2.6364,0.048300
idle,2.4649,0.047500
idle,2.5603,0.054300
idle,2.6390,0.049600
idle,2.4055,0.055300
idle,2.8324,0.068400
idle,2.4497,0.049600
idle,2.4381,0.053400
idle,2.8021,0.054500
idle,3.0896,0.054400
idle,2.4497,0.054700
idle,2.2328,0.048400
idle,2.1211,0.047400
idle,3.2369,0.058800
idle,2.4701,0.050000
idle,2.3424,0.075700
idle,2.6899,0.057500
idle,2.3580,0.048800
idle,2.4091,0.055500
idle,2.6195,0.049200
idle,2.2599,0.046100
idle,2.8848,0.114500
idle,3.0453,0.052300
idle,2.4585,0.052000
idle,2.7376,0.050300
idle,2.2172,0.046200
idle,2.6362,0.074300
idle,2.7692,0.052900
idle,2.8131,0.052300
idle,2.9357,0.061000
idle,2.6423,0.085200
idle,2.8002,0.056100
idle,2.7423,0.050400
idle,2.7244,0.065300
idle,2.8415,0.056800
idle,2.6237,0.052400
idle,2.3606,0.054700
idle,2.4528,0.049200
idle,2.2067,0.045100
idle,2.6340,0.057100
idle,2.7895,0.050100
idle,2.3266,0.047100
idle,2.5874,0.061000
idle,2.7976,0.080000
idle,2.4925,0.053700
idle,3.5182,0.064400
idle,3.2403,0.132000
idle,4.0457,0.070500
idle,3.7775,0.094600
idle,3.7982,0.071200
idle,3.7387,0.105800
idle,4.0621,0.112500
idle,3.9066,0.065900
idle,3.5122,0.087900
idle,3.6171,0.073800
idle,3.3120,0.062300
idle,3.7729,0.080300
idle,3.5484,0.068000
idle,3.3927,0.071100
idle,3.1216,0.066900
idle,3.7444,0.082100
idle,3.1485,0.062100
idle,2.9487,0.093900
idle,2.9250,0.054300
idle,2.5344,0.051200
idle,2.6686,0.057100
idle,2.7497,0.051800
idle,2.9158,0.059100
idle,2.8455,0.051800
idle,2.2836,0.049600
idle,2.5212,0.054600
idle,2.4447,0.049500
idle,2.6108,0.057300
idle,2.8792,0.052400
idle,2.2607,0.046800
idle,2.5769,0.057600
idle,2.5691,0.051200
idle,2.2916,0.047100
idle,2.9257,0.066100
idle,3.2467,0.052300
idle,2.5826,0.058500
idle,2.5873,0.050100
idle,2.3521,0.049200
idle,2.9261,0.052700
idle,2.7357,0.073000
idle,2.3456,0.049300
idle,2.8241,0.058700
idle,2.4720,0.047800
idle,2.1690,0.050000
idle,2.5650,0.049600
idle,2.4268,0.048000
idle,2.7506,0.055900
idle,2.7658,0.057500
idle,2.3542,0.063700
idle,3.0456,0.055300
idle,2.3594,0.049100
idle,2.7075,0.056100
idle,2.9858,0.054000
idle,2.7738,0.058300
idle,2.8525,0.055700
idle,2.5296,0.048900
idle,2.5550,0.057200
idle,2.9652,0.051600
idle,2.4384,0.048200
idle,2.8188,0.059000
idle,2.8367,0.052100
idle,2.4359,0.051500
idle,2.8978,0.051400
idle,2.5850,0.048800
idle,2.6844,0.063500
idle,2.6025,0.049700
idle,2.3893,0.047200
idle,2.7321,0.051600
idle,2.4749,0.049400
idle,2.5296,0.078300
idle,2.6473,0.051100
idle,2.4736,0.047000
idle,2.6481,0.051900
idle,2.6138,0.052100
idle,2.4549,0.046600
idle,2.9717,0.061300
idle,2.6238,0.049400
idle,2.3576,0.054400
idle,2.7156,0.061300
idle,2.6779,0.053100
idle,2.4350,0.053600
idle,2.9178,0.051200
idle,2.2689,0.047700
idle,2.9484,0.089300
idle,2.8608,0.052800
idle,2.4867,0.100400
idle,2.9464,0.059600
idle,2.9096,0.051300
idle,2.5006,0.062700
idle,2.4022,0.048700
idle,2.1963,0.058100
idle,2.8042,0.056800
idle,2.4162,0.047100
idle,2.1162,0.049700
idle,3.4793,0.067100
idle,2.6478,0.054000
idle,3.0343,0.059500
idle,2.6149,0.060200
idle,2.7220,0.054700
idle,2.7893,0.053200
idle,2.3858,0.048000
idle,2.7396,0.054600
idle,2.9844,0.048400
idle,2.2839,0.066600
idle,2.7582,0.053900
idle,2.6171,0.054000
idle,2.4381,0.053900
idle,2.6425,0.049200
idle,2.2691,0.046700
idle,2.9647,0.069900
idle,3.0643,0.053500
idle,3.0642,0.061400
idle,3.1230,0.129300
idle,2.9423,0.056700
idle,2.9336,0.063200
idle,2.7396,0.055000
idle,3.1569,0.064100
idle,3.0998,0.084400
idle,3.2830,0.074600
idle,3.0509,0.056200
idle,2.5774,0.053600
idle,3.1771,0.060700
idle,2.8951,0.052600
idle,2.9647,0.060200
idle,2.8439,0.053300
idle,2.9454,0.058200
idle,2.9245,0.055300
idle,2.7473,0.082400
idle,2.5829,0.049900
idle,2.4736,0.049000
idle,2.8215,0.053700
idle,2.6598,0.051400
idle,2.3803,0.048300
idle,2.6466,0.085000
idle,3.4554,0.054400
idle,2.5616,0.074100
idle,2.6924,0.054000
idle,2.4703,0.055100
idle,2.4012,0.051600
idle,2.7778,0.056500
idle,2.4495,0.046600
idle,3.1793,0.131100
idle,2.8166,0.050500
idle,2.5253,0.055100
idle,2.9811,0.068800
idle,2.6621,0.052500
idle,2.7214,0.050300
idle,2.4528,0.048300
idle,2.5008,0.053800
idle,2.8454,0.053300
idle,2.5333,0.050100
idle,2.5377,0.056500
idle,2.9084,0.055900
idle,2.3981,0.050000
idle,2.7532,0.052300
idle,2.3706,0.048800
idle,3.2192,0.062400
idle,3.0805,0.056000
idle,2.3001,0.049800
idle,2.5923,0.053400
idle,2.3977,0.048600
idle,2.1355,0.056400
idle,2.8112,0.056900
idle,2.4327,0.051600
idle,2.5132,0.072900
idle,2.6870,0.054900
idle,2.5834,0.054900
idle,2.7676,0.064800
idle,2.5946,0.050600
idle,2.3886,0.049800
idle,2.7598,0.064100
idle,2.7362,0.065400
idle,2.4549,0.054100
idle,3.0346,0.062000
idle,2.7491,0.064300
idle,2.9870,0.062300
idle,2.6292,0.049800
idle,2.3797,0.058300
idle,2.7137,0.051800
idle,2.3620,0.048100
idle,2.5913,0.056300
idle,2.5163,0.047700
idle,2.5576,0.112500
idle,3.0578,0.056700
idle,2.5703,0.054100
idle,2.9045,0.088700
idle,2.8396,0.053800
idle,2.3372,0.049400
idle,2.7299,0.055100
idle,2.6231,0.058800
idle,2.9221,0.078200
idle,3.0556,0.055000
idle,2.5382,0.091700
idle,2.8524,0.058300
idle,2.4572,0.050100
idle,2.2824,0.047400
idle,2.5954,0.053300
idle,2.8597,0.052500
idle,2.5669,0.055500
idle,2.6713,0.051100
idle,2.1962,0.048000
idle,2.4937,0.056500
idle,2.8348,0.055600
idle,2.3725,0.052800
idle,2.8829,0.055200
idle,2.5659,0.050500
idle,2.3648,0.051500
idle,2.7257,0.049700
idle,2.4323,0.048400
idle,3.0164,0.057800
idle,2.7368,0.049800
idle,2.4210,0.050700
idle,2.6169,0.052900
idle,2.4580,0.097700
idle,2.6265,0.101400
idle,3.1398,0.052100
idle,2.5121,0.048000
idle,2.9270,0.056700
idle,2.4933,0.050200
idle,2.2037,0.050700
idle,3.3443,0.057800
idle,2.5422,0.050900
idle,2.8904,0.054200
idle,2.3034,0.049000
idle,2.2101,0.056300
idle,2.8387,0.061300
idle,2.5173,0.046800
idle,2.5980,0.055500
idle,2.9491,0.050900
idle,2.3489,0.046400
idle,2.7376,0.050900
idle,2.5342,0.049700
idle,2.5243,0.075100
idle,3.0243,0.059200
idle,2.6101,0.051500
idle,2.6962,0.069100
idle,3.0403,0.054500
idle,2.2972,0.048300
idle,2.6248,0.062300
idle,3.0242,0.056600
idle,3.0580,0.082100
idle,2.9545,0.059900
idle,3.3801,0.100300
idle,4.1949,0.068800
idle,4.6185,0.074100
idle,3.6108,0.063500
idle,3.7132,0.066300
idle,19.4643,0.162700
idle,13.2210,0.239800
idle,15.5143,0.116400
idle,11.9638,0.143700
idle,11.1953,0.102800
idle,10.2977,0.163800
idle,11.6065,0.119400
idle,10.7569,0.096000
idle,8.5711,0.089200
idle,10.2762,0.140300
idle,12.4876,0.087500
idle,9.7309,0.110100
idle,8.4124,0.077200
idle,8.2724,0.069400
idle,8.1684,0.075300
idle,8.0670,0.073000
idle,7.5963,0.071300
idle,7.0633,0.069100
idle,7.6697,0.073900
idle,7.6512,0.091700
idle,7.9410,0.073600
idle,8.0823,0.069400
idle,7.3460,0.064300
idle,7.5209,0.064900
idle,7.4781,0.071700
idle,7.4238,0.103300
idle,7.5405,0.089500
idle,7.5992,0.070500
idle,6.9713,0.071000
idle,7.3527,0.082200
idle,6.8677,0.069900
idle,6.7785,0.100300
idle,6.7879,0.073100
idle,7.0581,0.073000
idle,7.1582,0.072700
idle,6.6344,0.067600
idle,6.6001,0.085600
idle,7.3489,0.068600
idle,6.6120,0.110300
idle,7.2643,0.077700
idle,7.0882,0.065600
idle,7.0760,0.080300
idle,6.9687,0.087200
idle,6.7689,0.065800
idle,7.0666,0.071800
idle,6.7027,0.088600
idle,6.8004,0.072300
idle,6.8009,0.068100
idle,6.5011,0.068700
idle,6.7092,0.066800
idle,8.6095,0.077600
idle,7.9505,0.069900
idle,6.7552,0.067500
idle,6.5928,0.068600
idle,6.7616,0.077400
idle,6.4413,0.066000
idle,6.5095,0.080800
idle,7.0219,0.068000
idle,6.5831,0.092700
idle,7.7230,0.065300
idle,6.5862,0.070600
idle,6.7544,0.082500
idle,6.9056,0.072400
idle,6.7704,0.065300
idle,6.7099,0.064000
idle,6.4676,0.068000
idle,6.5420,0.065200
idle,7.5209,0.072200
idle,6.8553,0.072000
idle,6.8448,0.069900
idle,7.1516,0.076100
idle,6.7288,0.079400
idle,6.9527,0.064500
idle,6.7073,0.068400
idle,6.8446,0.098700
idle,6.9496,0.072200
idle,6.6952,0.096000
idle,6.8995,0.065200
idle,6.6375,0.061000
idle,7.0851,0.063300
idle,6.7281,0.062200
idle,6.8583,0.077300
idle,8.9412,0.133200
idle,7.3999,0.066200
idle,7.0408,0.076000
idle,8.5625,0.103700
idle,9.1813,0.079900
idle,7.3361,0.069100
idle,7.2931,0.066900
idle,6.7187,0.061200
idle,6.7554,0.067800
idle,7.1559,0.063500
idle,6.5990,0.062400
idle,6.6830,0.060500
idle,6.4032,0.061100
idle,6.0391,0.069300
idle,25.4867,0.107800
idle,8.9395,0.087300
idle,7.7857,0.072100
idle,6.8366,0.081300
idle,7.1525,0.069300
idle,6.8148,0.068100
idle,6.9061,0.079500
idle,7.2561,0.073400
idle,7.1095,0.083700
idle,7.7276,0.095500
idle,6.9193,0.067200
idle,6.9372,0.078500
idle,6.7519,0.096500
idle,6.7183,0.079700
idle,6.9089,0.077600
idle,7.6669,0.085100
idle,7.4185,0.068500
idle,7.3040,0.077900
idle,7.2431,0.076400
idle,6.8201,0.076300
idle,7.4752,0.077500
idle,6.9843,0.075500
idle,6.8470,0.077400
idle,6.9961,0.080000
idle,6.8926,0.074100
idle,6.9615,0.110900
idle,7.1549,0.077000
idle,6.8622,0.072600
idle,9.0002,0.080000
idle,6.6292,0.067500
idle,6.8440,0.072600
idle,6.7732,0.078600
idle,7.0894,0.078600
idle,6.6443,0.063500
idle,6.3679,0.110400
idle,10.6554,0.117700
idle,9.4695,0.130100
idle,8.3878,0.090900
idle,8.5058,0.081600
idle,7.2495,0.081200
idle,7.7682,0.100600
idle,7.8427,0.079200
idle,8.0502,0.096400
idle,7.8806,0.081300
idle,6.7843,0.079300
idle,7.4371,0.082000
idle,6.9702,0.083500
idle,6.5380,0.103400
idle,6.9155,0.089800
idle,6.9698,0.098400
idle,7.7355,0.074400
idle,6.6313,0.069500
idle,6.9280,0.069800
idle,6.9662,0.082200
idle,6.6568,0.073300
idle,6.9423,0.141900
idle,7.5718,0.079800
idle,7.0778,0.079000
idle,7.2792,0.081900
idle,6.7732,0.073500
idle,6.9645,0.073000
idle,7.2034,0.084900
idle,7.7605,0.081000
idle,7.2935,0.070800
idle,7.3454,0.105700
idle,7.1340,0.066800
idle,7.7914,0.082300
idle,7.1766,0.066300
idle,6.9945,0.070800
idle,7.0615,0.074400
idle,6.8746,0.064500
idle,7.3238,0.079400
idle,8.1449,0.083300
idle,7.1603,0.073900
idle,7.1880,0.074300
idle,7.2051,0.073600
idle,6.6115,0.078800
idle,6.7726,0.078400
idle,6.8106,0.072400
idle,7.7080,0.092400
idle,7.4731,0.076300
idle,7.4248,0.087900
idle,7.3612,0.083100
idle,7.0338,0.137700
idle,7.3627,0.079900
idle,6.9272,0.072000
idle,7.3032,0.085500
idle,6.5702,0.085800
idle,7.0395,0.071400
idle,7.2173,0.078300
idle,7.0714,0.067300
idle,7.4926,0.083700
idle,8.9623,0.071600
idle,7.6002,0.071900
idle,7.3954,0.078300
idle,7.7243,0.103700
idle,42.9434,0.088300
idle,5.6853,0.080600
idle,5.0937,0.073700
idle,5.7426,0.075600
idle,5.9237,0.082700
idle,5.8082,0.077300
idle,5.8448,0.106800
idle,5.9441,0.081100
idle,5.6444,0.064300
idle,6.0936,0.089700
idle,5.8505,0.088300
idle,5.7935,0.069100
idle,5.9824,0.084500
idle,5.7912,0.074400
idle,5.6874,0.067800
idle,6.0112,0.066300
idle,6.0382,0.075700
idle,5.9120,0.084000
idle,5.8696,0.076100
idle,5.8053,0.079300
idle,5.5787,0.105400
idle,6.3741,0.071200
idle,5.7588,0.073400
idle,6.0349,0.083100
idle,5.8699,0.080700
idle,5.9972,0.076800
idle,5.7276,0.090300
idle,5.6693,0.073900
idle,5.7094,0.065800
idle,6.3071,0.073900
idle,5.8727,0.073000
idle,5.8102,0.093900
idle,5.7449,0.097700
idle,5.8635,0.116500
idle,5.8167,0.069300
idle,6.0744,0.071700
idle,5.9676,0.082700
idle,5.8025,0.079200
idle,5.6663,0.070900
idle,5.6836,0.087400
idle,5.6836,0.096400
idle,5.8935,0.083000
idle,5.6122,0.071000
idle,6.2523,0.072000
idle,5.8197,0.069400
idle,5.6738,0.078200
idle,5.7108,0.075000
idle,5.7644,0.068600
idle,5.7162,0.071000
idle,5.8751,0.073300
idle,6.0764,0.069700
idle,5.8763,0.081200
idle,5.8375,0.058100
idle,5.7031,0.059200
idle,5.6924,0.065700
idle,5.9295,0.064700
idle,5.6573,0.071800
idle,6.0613,0.080200
idle,5.8959,0.079200
idle,5.6378,0.066800
idle,5.6783,0.063300
idle,5.9049,0.065600
idle,5.7519,0.066200
idle,5.7437,0.092400
idle,6.3127,0.115200
idle,5.7903,0.117300
idle,5.8215,0.067200
idle,5.7188,0.084000
idle,5.6736,0.067700
idle,5.7297,0.081600
idle,5.8089,0.109000
idle,6.0617,0.061500
idle,6.2793,0.070500
idle,5.6539,0.074700
idle,5.6892,0.073400
idle,5.9456,0.103800
idle,5.9282,0.092800
idle,6.1954,0.114600
idle,6.0737,0.090600
idle,5.7598,0.094800
idle,5.6483,0.073400
idle,5.7760,0.073000
idle,5.7826,0.081700
idle,5.7031,0.112100
idle,5.9785,0.067300
idle,5.8878,0.076000
idle,6.0877,0.071100
idle,5.7545,0.071100
idle,5.7273,0.076300
idle,5.8041,0.096300
idle,5.8267,0.068800
idle,6.0034,0.069100
idle,6.0249,0.148200
idle,5.7731,0.078100
idle,5.7522,0.075500
idle,5.8417,0.082700
idle,5.6768,0.072600
idle,5.7238,0.091100
idle,6.1303,0.089000
idle,5.7644,0.076700
idle,6.0475,0.067400
idle,5.7767,0.075400
idle,5.6501,0.167700
idle,5.6869,0.065100
idle,5.7015,0.070000
idle,6.0295,0.073900
idle,6.2185,0.107400
idle,5.7901,0.069600
idle,5.6480,0.086700
idle,5.8669,0.073100
idle,5.7030,0.065600
idle,5.6679,0.076100
idle,6.3349,0.071700
idle,5.8184,0.074300
idle,5.8118,0.090800
idle,5.7995,0.075300
idle,5.7178,0.751800
idle,5.5895,0.066100
idle,6.4577,0.073500
idle,5.7951,0.075200
idle,5.9083,0.084200
idle,5.8097,0.102200
idle,5.6746,0.067500
idle,5.8861,0.074100
idle,6.0109,0.153700
idle,6.1879,0.079400
idle,7.3254,0.154700
idle,6.1225,0.070100
idle,5.8445,0.229100
idle,6.2367,0.111200
idle,5.7051,0.083000
idle,6.0388,0.082800
idle,6.2149,0.100800
idle,5.8040,0.097100
idle,5.9421,0.137300
idle,6.1732,0.106200
idle,5.6710,0.085700
idle,5.8203,0.121900
idle,6.1598,0.085400
idle,5.9589,0.109600
idle,6.4693,0.116300
idle,5.5750,0.113800
idle,5.8235,0.136900
idle,6.1530,0.075300
idle,5.6061,0.114700
idle,6.0635,0.076900
idle,5.9513,0.082000
idle,5.6438,0.073900
idle,5.9357,0.086600
idle,5.9727,0.082700
idle,5.7011,0.075200
idle,6.2252,0.121600
idle,6.3991,0.070700
idle,5.8136,0.074400
idle,5.9320,0.070800
idle,5.6928,0.075300
idle,5.8075,0.100400
idle,5.9807,0.089200
idle,5.9643,0.088400
idle,5.7287,0.071800
idle,5.8874,0.078800
idle,5.6657,0.089300
idle,5.9567,0.130400
idle,6.3074,0.083500
idle,5.7227,0.088800
idle,6.2386,0.096900
idle,5.8749,0.069300
idle,5.7049,0.075500
idle,5.9285,0.080200
idle,5.7358,0.075400
idle,5.8553,0.091600
idle,6.1355,0.089700
idle,6.1335,0.105400
idle,5.8164,0.074100
idle,5.8913,0.070700
idle,5.7148,0.071000
idle,5.8930,0.074400
idle,5.9282,0.076100
idle,5.6097,0.065300
idle,5.9176,0.065900
idle,6.0446,0.078600
idle,5.7685,0.069300
idle,5.7646,0.066300
idle,5.6332,0.073200
idle,5.7024,0.062300
idle,5.8181,0.068800
idle,6.0556,0.072900
idle,6.1489,0.100100
idle,5.6793,0.069400
idle,5.5775,0.071900
idle,5.6014,0.070600
idle,6.2309,0.067200
idle,5.6405,0.070700
idle,6.0228,0.063400
idle,5.8064,0.081800
idle,5.6505,0.077200
idle,5.8010,0.084600
idle,6.1779,0.074300
idle,5.2233,0.069000
idle,5.6684,0.065200
idle,6.4043,0.073100
idle,5.6998,0.063100
idle,5.5782,0.068900
idle,5.7304,0.072000
idle,5.9599,0.087100
idle,5.7451,0.071900
idle,6.0681,0.073100
idle,5.8316,0.135900
idle,5.7836,0.070700
idle,5.7710,0.060600
idle,5.9015,0.079200
idle,5.6098,0.071800
idle,5.8528,0.076100
idle,6.0074,0.072800
idle,5.8355,0.071000
idle,5.6369,0.065800
idle,5.6453,0.104500
idle,5.6860,0.073000
idle,5.7463,0.075000
idle,5.8054,0.091100
idle,5.9313,0.069000
idle,5.6910,0.065000
idle,5.7386,0.068100
idle,5.7733,0.067300
idle,5.6876,0.071200
idle,5.9321,0.072600
idle,5.6783,0.103000
idle,5.7758,0.066900
idle,6.1721,0.091800
idle,5.8869,0.064900
idle,5.7590,0.066800
idle,5.7093,0.077200
idle,6.4195,0.066800
idle,5.2768,0.053900
idle,5.9433,0.066500
idle,6.2110,0.088700
idle,6.2402,0.069300
idle,5.8917,0.079300
idle,5.6665,0.060100
idle,5.7188,0.074100
idle,5.5319,0.102100
idle,6.2593,0.061600
idle,5.7921,0.072000
idle,5.6246,0.068800
idle,5.7115,0.069900
idle,5.6136,0.085200
idle,5.6761,0.064200
idle,5.7270,0.072200
idle,6.1824,0.086800
idle,5.8919,0.070600
idle,5.6758,0.071000
idle,5.9005,0.096600
idle,5.8332,0.062100
idle,5.5668,0.071400
idle,6.1112,0.070800
idle,5.7382,0.069000
idle,5.6922,0.066900
idle,5.6528,0.070100
idle,5.6217,0.062900
idle,5.9447,0.119600
idle,5.6274,0.067800
idle,6.2332,0.066200
idle,5.7559,0.074000
idle,5.7127,0.076900
idle,5.7305,0.065200
idle,5.6146,0.061800
idle,5.6997,0.066300
idle,5.6360,0.059300
idle,6.0267,0.070200
idle,5.8192,0.065400
idle,5.6306,0.110100
idle,5.7644,0.073800
idle,5.6415,0.067600
idle,5.6444,0.068400
idle,6.0494,0.079500
idle,6.2659,0.074600
idle,6.0923,0.124700
idle,5.4462,0.060600
idle,5.5942,0.106200
idle,5.7931,0.084500
idle,6.0288,0.084400
idle,5.7165,0.068700
idle,6.1363,0.068400
idle,5.9872,0.064000
idle,5.6317,0.065100
idle,5.6127,0.072500
idle,5.6513,0.098100
idle,5.9868,0.073200
idle,5.7221,0.077600
idle,6.0313,0.066100
idle,5.7742,0.123900
idle,46.7385,0.124500
idle,6.3283,0.076700
idle,5.1272,0.068200
idle,5.5471,0.062100
idle,5.8203,0.098700
idle,6.2030,0.078000
idle,6.0203,0.082700
idle,5.7700,0.068000
idle,5.9247,0.084900
idle,5.6562,0.063900
idle,5.6792,0.061200
idle,5.8257,0.083300
idle,14.6060,0.075000
idle,4.5780,0.097300
idle,3.4578,0.077200
idle,2.7560,0.053000
idle,2.4726,0.056400
idle,3.0375,0.064900
idle,3.3546,0.055100
idle,3.1962,0.061000
idle,3.2139,0.053600
idle,2.5521,0.095900
idle,3.2817,0.056100
idle,2.5024,0.052600
idle,2.9138,0.101700
idle,3.0592,0.056100
idle,2.3565,0.048700
idle,2.4027,0.050100
idle,2.6265,0.054900
idle,2.3735,0.047500
idle,3.0153,0.054200
idle,2.6044,0.055300
idle,2.4877,0.053300
idle,2.4591,0.053800
idle,2.4745,0.049500
idle,2.7611,0.053000
idle,2.6282,0.055000
idle,2.4289,0.050800
idle,2.6421,0.061900
idle,2.4460,0.050100
idle,2.2313,0.048300
idle,2.6108,0.057500
idle,2.5641,0.051600
idle,2.4977,0.051000
idle,2.3439,0.052200
idle,2.5511,0.098100
idle,2.5627,0.052100
idle,3.0428,0.059900
idle,2.5229,0.051900
idle,3.0522,0.057600
idle,2.5699,0.054900
idle,3.2892,0.067200
idle,3.8711,0.060600
idle,47.1094,0.091000
idle,5.0637,0.061000
idle,3.1771,0.123300
idle,3.0320,0.056300
idle,3.3182,0.069500
idle,3.1010,0.067900
idle,3.2966,0.050600
idle,2.3752,0.048800
idle,2.7928,0.062700
idle,2.8624,0.050700
idle,2.5770,0.060200
idle,2.7016,0.049800
idle,2.5870,0.050800
idle,2.7132,0.052600
idle,2.7271,0.049400
idle,2.5458,0.059100
idle,3.6392,0.059500
idle,2.6745,0.051100
idle,2.9500,0.091100
idle,3.3298,0.051800
idle,3.0766,0.057400
idle,2.9197,0.060800
idle,2.6773,0.076700
idle,3.0697,0.051900
idle,2.4386,0.059900
idle,2.7264,0.055200
idle,2.7047,0.054600
idle,2.4043,0.050300
idle,2.6697,0.051600
idle,2.4173,0.053500
idle,2.4474,0.076900
idle,2.6534,0.048400
idle,2.3206,0.047200
idle,2.8284,0.077300
idle,3.2661,0.053800
idle,2.5302,0.053800
idle,3.1489,0.051900
idle,2.6476,0.050300
idle,3.0926,0.062600
idle,2.6562,0.050000
idle,2.7442,0.073500
idle,2.7432,0.055600
idle,2.5765,0.048600
idle,2.9225,0.054300
idle,2.6094,0.057900
idle,2.7912,0.076000
idle,3.1486,0.055800
idle,2.7764,0.050100
idle,3.9070,0.067000
idle,2.7854,0.055500
idle,3.1851,0.059100
idle,2.7129,0.055200
idle,2.7490,0.064800
idle,2.6648,0.055000
idle,2.7744,0.064200
idle,3.5916,0.073500
idle,2.6993,0.053200
idle,2.7248,0.056400
idle,2.6115,0.056100
idle,2.3599,0.048300
idle,2.8922,0.067900
idle,3.6145,0.113400
idle,4.8109,0.085600
idle,3.6221,0.065800
idle,4.6952,0.088100
idle,4.7689,0.073300
idle,3.6124,0.130800
idle,5.4940,0.094000
idle,6.1134,0.082000
idle,5.2059,0.070000
idle,4.4359,0.107700
idle,5.1678,0.072200
idle,5.8447,0.097100
idle,5.4471,0.081400
idle,4.7810,0.114200
idle,4.8515,0.076800
idle,5.9084,0.080800
idle,5.5653,0.080700
idle,5.0085,0.127600
idle,5.9782,0.131800
idle,5.7768,0.075800
idle,6.2861,0.082100
idle,5.2947,0.078100
idle,5.3637,0.093600
idle,5.6592,0.127300
idle,7.9706,0.162200
idle,6.7559,0.116100
idle,8.8649,0.123700
idle,8.0431,0.103000
idle,8.1362,0.141300
idle,8.8787,0.151100
idle,6.4768,0.137800
idle,7.0702,0.152300
idle,5.4475,0.071300
idle,6.0268,0.084400
idle,5.7550,0.089400
idle,5.0423,0.085600
idle,5.2867,0.100900
idle,5.2248,0.080700
idle,43.6019,0.111200
idle,5.6067,0.062500
idle,3.1987,0.059100
idle,2.7205,0.055400
idle,3.2766,0.102500
idle,3.4859,0.053500
idle,2.8398,0.101400
idle,3.2593,0.053800
idle,2.3889,0.048400
idle,2.9708,0.060000
idle,2.9436,0.058600
idle,3.3134,0.076000
idle,3.2765,0.054200
idle,3.0916,0.060200
idle,3.0452,0.052600
idle,2.5062,0.050000
idle,2.7568,0.054500
idle,2.5558,0.053200
idle,2.5080,0.072300
idle,2.9358,0.050900
idle,2.6994,0.086600
idle,6.8605,0.128100
idle,6.7417,0.092100
idle,7.5831,0.436800
idle,7.9271,0.374200
idle,7.3386,0.148700
idle,7.8293,0.159900
idle,7.8792,0.133500
idle,7.6533,0.100300
idle,6.8962,0.093000
idle,5.6739,0.156500
idle,5.7635,0.097600
idle,4.7451,0.068800
idle,5.2221,0.129400
idle,6.6695,0.114700
idle,6.7692,0.113700
idle,4.8152,0.091600
idle,3.7912,0.067000
idle,3.7669,0.077600
idle,3.2761,0.060900
idle,2.9659,0.059300
idle,3.0749,0.076800
idle,2.5872,0.056400
idle,2.9614,0.054600
idle,3.1922,0.066100
idle,2.8057,0.063000
idle,2.7065,0.051900
idle,2.7186,0.081100
idle,3.8678,0.055400
idle,2.9467,0.064600
idle,3.5184,0.069500
idle,2.7279,0.053300
idle,3.3729,0.064900
idle,2.5147,0.055600
idle,2.9892,0.065600
idle,3.1877,0.050600
idle,2.9725,0.165700
idle,3.2624,0.055000
idle,2.6165,0.052700
idle,2.9622,0.142600
idle,2.7556,0.048900
idle,2.7889,0.059000
idle,3.1808,0.058700
idle,2.6853,0.083900
idle,3.3670,0.052700
idle,2.5596,0.054000
idle,2.7918,0.052100
idle,2.6828,0.111000
idle,2.9711,0.052600
idle,2.6932,0.063600
idle,2.4938,0.046200
idle,2.8697,0.081000
idle,2.5824,0.049800
idle,2.8008,0.072100
idle,3.2922,0.054300
idle,2.5930,0.051300
idle,2.8576,0.053100
idle,2.8621,0.047400
idle,2.5366,0.092000
idle,3.3511,0.097800
idle,2.6977,0.064400
idle,2.9322,0.051700
idle,2.4871,0.048600
idle,2.4620,0.050500
idle,2.8273,0.097000
idle,2.7709,0.047300
idle,2.8397,0.069100
idle,2.8213,0.048300
idle,2.5482,0.081600
idle,2.9187,0.046700
idle,2.5606,0.047000
idle,2.6422,0.056300
idle,2.6719,0.054200
idle,2.3854,0.070900
idle,3.3623,0.052200
idle,2.5493,0.055800
idle,2.6325,0.052200
idle,2.6713,0.053300
idle,2.3967,0.046000
idle,2.6100,0.053600
idle,2.6022,0.047500
idle,2.5692,0.072400
idle,2.9445,0.048600
idle,2.2809,0.068700
idle,2.6856,0.100700
idle,3.2331,0.049400
idle,2.2915,0.052500
idle,3.4378,0.078700
idle,2.7131,0.048800
idle,2.6673,0.055400
idle,2.7174,0.051500
idle,2.3771,0.053400
idle,2.7635,0.051000
idle,2.7502,0.055000
idle,2.8472,0.057800
idle,2.6889,0.058400
idle,2.3647,0.047500
idle,3.0072,0.053400
idle,2.6584,0.049500
idle,3.0877,0.057500
idle,2.4815,0.048500
idle,2.2662,0.048200
idle,2.9020,0.062400
idle,3.0040,0.051900
idle,2.9504,0.114000
idle,3.4200,0.049900
idle,2.8828,0.059300
idle,3.0121,0.058500
idle,2.4433,0.045200
idle,2.4766,0.081000
idle,3.1371,0.128600
idle,3.6757,0.071800
idle,2.9478,0.055800
idle,3.2557,0.083500
idle,3.2068,0.056200
idle,2.8490,0.054800
idle,3.4956,0.129100
idle,3.0150,0.053200
idle,2.7915,0.059900
idle,3.0180,0.057500
idle,2.6909,0.055400
idle,2.5941,0.050600
idle,2.3387,0.047400
idle,2.8932,0.079900
idle,2.8478,0.103500
idle,2.5341,0.071100
idle,2.7925,0.054100
idle,2.9824,0.055600
idle,2.8469,0.059200
idle,2.5589,0.050200
idle,2.7845,0.070000
idle,3.1780,0.104600
idle,3.5837,0.080300
idle,3.6386,0.080800
idle,2.4827,0.051000
idle,2.5925,0.055300
idle,2.9437,0.059500
idle,2.9435,0.056600
idle,2.8851,0.057100
idle,2.4953,0.094700
idle,2.9789,0.085200
idle,2.8923,0.048200
idle,2.6744,0.139900
idle,3.2524,0.060100
idle,2.4088,0.051900
idle,2.7132,0.077000
idle,2.6012,0.048000
idle,2.2655,0.077200
idle,3.2830,0.056600
idle,2.6137,0.050600
idle,2.7234,0.056200
idle,2.5971,0.049300
idle,2.2923,0.046800
idle,2.9770,0.061900
idle,2.6085,0.048900
idle,2.6191,0.051200
idle,2.8753,0.050600
idle,2.5672,0.045900
idle,2.9408,0.348600
idle,2.8616,0.049300
idle,2.4979,0.053800
idle,3.5433,0.057600
idle,3.8532,0.155100
idle,3.7696,0.054900
idle,2.9721,0.090500
idle,3.4623,0.061300
idle,2.6395,0.072900
idle,2.9264,0.054200
idle,2.5202,0.058000
idle,3.1832,0.065400
idle,2.8809,0.058600
idle,3.8021,0.118600
idle,4.1710,0.065000
idle,5.0120,0.075100
idle,4.3626,0.109500
idle,4.2941,0.081000
idle,4.1194,0.086000
idle,3.4991,0.070700
idle,3.9331,0.113000
idle,3.5171,0.106500
idle,3.3252,0.064800
idle,4.2363,0.098400
idle,4.0584,0.066600
idle,3.1601,0.063600
idle,3.9917,0.102700
idle,3.0554,0.083500
idle,3.7891,0.058400
idle,3.2738,0.081200
idle,3.1823,0.059600
idle,2.9213,0.089200
idle,3.5833,0.058500
idle,2.7614,0.052600
idle,3.0112,0.055900
idle,2.6150,0.051100
idle,3.0533,0.102400
idle,3.8565,0.078100
idle,3.5810,0.058700
idle,3.7359,0.054400
idle,3.0749,0.058600
idle,3.0718,0.057900
idle,2.9054,0.068900
idle,3.0400,0.057900
idle,3.0236,0.136000
idle,3.1835,0.058100
idle,3.3005,0.110100
idle,3.9515,0.066800
idle,2.8730,0.058000
idle,2.9572,0.058600
idle,2.6993,0.060000
idle,3.0575,0.083800
idle,3.2884,0.069100
idle,3.1218,0.108400
idle,4.3335,0.071000
idle,2.9180,0.061300
idle,2.9222,0.059000
idle,2.6688,0.063700
idle,3.2589,0.090400
idle,2.8801,0.051600
idle,3.3244,0.062000
idle,3.6134,0.102400
idle,3.4691,0.100100
idle,3.1048,0.062300
idle,3.7962,0.123400
idle,3.9555,0.074400
idle,3.2706,0.068700
idle,3.0766,0.066100
idle,3.3008,0.067100
idle,3.2297,0.057900
idle,2.9942,0.076600
idle,3.1393,0.072700
idle,3.8187,0.091900
idle,4.6875,0.062800
idle,3.5224,0.075800
idle,3.5768,0.068600
idle,4.1968,0.074200
idle,3.7281,0.105500
idle,4.6664,0.068000
idle,3.5934,0.100800
idle,3.6816,0.067000
idle,3.2390,0.068100
idle,3.3438,0.140600
idle,3.4447,0.071500
idle,3.2927,0.058000
idle,2.7888,0.079500
idle,3.5954,0.074400
idle,2.6297,0.050500
idle,3.0077,0.055900
idle,3.3474,0.054800
idle,3.3894,0.059600
idle,3.1515,0.060200
idle,2.9752,0.090500
idle,3.0790,0.059300
idle,2.5066,0.071200
idle,3.1849,0.134900
idle,2.9875,0.057800
idle,2.7372,0.064800
idle,3.0341,0.088300
idle,2.9272,0.074200
idle,3.1573,0.075100
idle,2.8787,0.075000
idle,4.0075,0.067300
idle,3.5032,0.089700
idle,4.0348,0.062600
idle,3.3149,0.070600
idle,3.2713,0.060000
idle,2.8536,0.098600
idle,3.4529,0.065200
idle,3.4363,0.100900
idle,3.3049,0.072600
idle,2.8472,0.057800
idle,3.1186,0.063100
idle,4.2696,0.078100
idle,3.5771,0.064900
idle,2.8050,0.054700
idle,3.1030,0.062400
idle,3.4351,0.059100
idle,2.7831,0.055500
idle,2.5014,0.052800
idle,2.2209,0.047300
idle,3.0471,0.059900
idle,2.5363,0.050200
idle,3.1614,0.083300
idle,3.2646,0.059500
idle,2.9657,0.057300
idle,2.7738,0.053500
idle,2.5098,0.049400
idle,2.7427,0.054600
idle,2.9205,0.053800
idle,2.6326,0.089400
idle,3.5254,0.056000
idle,2.5078,0.048000
idle,2.4759,0.048600
idle,2.5667,0.053000
idle,3.0396,0.197700
idle,3.0431,0.049500
idle,2.5075,0.053000
idle,2.9425,0.058700
idle,2.7817,0.049100
idle,2.4703,0.050200
idle,2.6675,0.049500
idle,2.3771,0.047200
idle,2.3801,0.052100
idle,3.4630,0.076200
idle,3.2908,0.066300
idle,3.4517,0.054500
idle,2.4972,0.049200
idle,2.9361,0.105600
idle,3.2813,0.085500
idle,3.7798,0.091800
idle,2.8353,0.056100
idle,2.8090,0.052100
idle,2.6482,0.062100
idle,2.8295,0.060900
idle,2.8507,0.052000
idle,2.5947,0.049600
idle,2.4555,0.049300
idle,2.4514,0.052800
idle,2.5692,0.051000
idle,2.5064,0.055700
idle,2.9820,0.052800
idle,2.5434,0.072500
idle,3.4444,0.065400
idle,2.6366,0.048100
idle,2.3562,0.055100
idle,2.7908,0.060400
idle,2.7224,0.060000
idle,2.7848,0.052900
idle,2.4429,0.048300
idle,2.5093,0.059900
idle,2.7734,0.059900
idle,2.7922,0.053400
idle,2.7324,0.050400
idle,21.8801,0.123900
idle,6.3479,0.086600
idle,5.8268,0.076800
idle,5.8253,0.075900
idle,6.3648,0.093600
idle,6.5358,0.073600
idle,6.6319,0.073700
idle,6.1123,0.073800
idle,5.8756,0.084700
idle,6.6360,0.074300
idle,6.2920,0.073500
idle,6.0622,0.076100
idle,6.3657,0.141600
idle,6.3009,0.079200
idle,6.2880,0.082300
idle,6.8112,0.085800
idle,5.9575,0.082500
idle,6.2986,0.075100
idle,6.1652,0.076600
idle,6.4088,0.072000
idle,6.0195,0.127600
idle,6.5112,0.089700
idle,6.3389,0.077400
idle,5.8978,0.078400
idle,6.1956,0.075100
idle,6.0694,0.072900
idle,5.9207,0.077200
idle,5.7576,0.082100
idle,6.0722,0.068200
idle,5.9442,0.074300
idle,5.6752,0.071700
idle,5.7613,0.123200
idle,5.6613,0.068700
idle,5.6359,0.078200
idle,5.9184,0.074600
idle,6.3440,0.095900
idle,5.7555,0.066700
idle,5.6612,0.089800
idle,5.7973,0.067200
idle,5.6493,0.071400
idle,5.7934,0.072700
idle,5.8880,0.068100
idle,5.9785,0.078500
idle,6.1705,0.087800
idle,5.6636,0.074000
idle,5.6354,0.076000
idle,5.8295,0.075500
idle,5.6202,0.068500
idle,5.8290,0.077400
idle,6.3665,0.073000
idle,6.0602,0.078200
idle,5.6988,0.061600
idle,5.8013,0.083500
idle,5.6912,0.068900
idle,5.5705,0.069600
idle,6.1387,0.072800
idle,6.0003,0.081500
idle,5.8631,0.064600
idle,5.7976,0.070300
idle,5.7441,0.070600
idle,6.0126,0.069900
idle,5.9017,0.071800
idle,6.0271,0.083600
idle,5.9107,0.070800
idle,5.7747,0.074400
idle,5.7576,0.083800
idle,5.6833,0.087800
idle,5.7746,0.084100
idle,5.8435,0.072700
idle,48.0037,0.128100
idle,6.0264,0.091500
idle,5.3908,0.077900
idle,5.7313,0.084900
idle,5.7603,0.120900
idle,6.2740,0.078700
idle,5.8003,0.111200
idle,5.9872,0.074700
idle,6.0222,0.072900
idle,5.8233,0.081900
idle,5.7306,0.088400
idle,5.6781,0.071900
idle,5.8672,0.092600
idle,6.1370,0.082500
idle,6.2577,0.081700
idle,5.8128,0.065800
idle,5.6887,0.066500
idle,5.8314,0.079900
idle,5.9190,0.079600
idle,5.8277,0.090900
idle,6.3433,0.083600
idle,5.8082,0.101300
idle,5.7458,0.066300
idle,6.2248,0.086600
idle,5.8222,0.072700
idle,5.6803,0.088000
idle,5.7853,0.071600
idle,6.0702,0.067200
idle,6.2566,0.067800
idle,5.8309,0.090300
idle,5.7254,0.070100
idle,5.7072,0.073500
idle,7.2040,0.115900
idle,5.4377,0.093500
idle,6.1161,0.076800
idle,5.8490,0.075500
idle,5.6287,0.067000
idle,6.1237,0.117000
idle,5.8262,0.099700
idle,5.8901,0.076500
idle,6.2067,0.082800
idle,5.7603,0.078200
idle,6.1429,0.069400
idle,6.0205,0.094100
idle,5.6367,0.079300
idle,5.8948,0.097500
idle,5.8677,0.072900
idle,6.0970,0.080300
idle,6.1672,0.094200
idle,5.6204,0.071500
idle,5.6701,0.073000
idle,5.9429,0.085400
idle,5.7032,0.080900
idle,5.9689,0.117100
idle,7.1635,0.086700
idle,5.7022,0.129000
idle,5.6764,0.215600
idle,6.3641,0.079500
idle,5.7928,0.070500
idle,5.7607,0.090800
idle,6.3574,0.075900
idle,5.9517,0.082100
idle,6.1826,0.076300
idle,6.0134,0.072100
idle,5.8007,0.071300
idle,6.0087,0.115100
idle,5.7986,0.123300
idle,6.1835,0.113900
idle,5.9195,0.079100
idle,5.6639,0.076700
idle,5.7263,0.064600
idle,5.6386,0.075300
idle,5.9200,0.077800
idle,5.7960,0.068000
idle,6.2325,0.072900
idle,5.8035,0.078100
idle,5.7724,0.078100
idle,5.9320,0.069700
idle,5.6874,0.072900
idle,5.7733,0.090900
idle,5.6985,0.072400
idle,5.9721,0.092700
idle,6.0716,0.117000
idle,5.7860,0.066100
idle,5.7401,0.077600
idle,5.7243,0.072000
idle,5.6478,0.069200
idle,5.7145,0.101200
idle,6.1219,0.113100
idle,6.1490,0.077500
idle,5.5297,0.077400
idle,5.7631,0.072000
idle,5.6798,0.072900
idle,6.0416,0.079400
idle,6.0588,0.114800
idle,5.8319,0.063000
idle,5.8287,0.072400
idle,6.0209,0.075200
idle,5.8229,0.081800
idle,5.7750,0.074500
idle,5.7557,0.103900
idle,6.0847,0.096200
idle,5.9323,0.069800
idle,5.9647,0.066400
idle,5.5804,0.083900
idle,5.8493,0.079100
idle,5.8707,0.082500
idle,5.7090,0.073500
idle,5.8312,0.070200
idle,6.0130,0.065300
idle,5.8819,0.074800
idle,5.5958,0.089200
idle,5.7692,0.076000
idle,5.7635,0.098900
idle,5.7347,0.072000
idle,6.0439,0.073900
idle,5.7959,0.072800
idle,5.8504,0.129000
idle,6.1122,0.086900
idle,5.7347,0.075700
idle,5.6487,0.067900
idle,5.6647,0.067700
idle,5.9843,0.077500
idle,5.8534,0.074300
idle,5.7906,0.078400
idle,5.6644,0.080900
idle,5.6801,0.069300
idle,5.7379,0.064100
idle,5.6430,0.066100
idle,6.1763,0.075600
idle,5.8932,0.074500
idle,5.7384,0.078000
idle,5.8263,0.073300
idle,5.7293,0.073500
idle,5.7801,0.077500
idle,5.8027,0.069300
idle,6.2196,0.070200
idle,5.8386,0.076800
idle,5.6678,0.088500
idle,5.6992,0.080300
idle,5.9935,0.155200
idle,5.7686,0.066700
idle,6.2293,0.083700
idle,6.1316,0.145400
idle,5.7352,0.075100
idle,5.6879,0.071100
idle,5.8751,0.127200
idle,5.8797,0.073400
idle,5.7031,0.069500
idle,6.3020,0.077700
idle,5.9472,0.071400
idle,5.6999,0.111400
idle,5.6202,0.070700
idle,5.6694,0.068500
idle,5.9656,0.084200
idle,5.6999,0.075200
idle,6.2183,0.086800
idle,5.8190,0.130300
idle,5.7452,0.069800
idle,5.5964,0.078500
idle,6.1409,0.084300
idle,5.8432,0.082900
idle,5.7394,0.080100
idle,6.2607,0.090000
idle,5.8846,0.106100
idle,5.7395,0.071300
idle,5.9376,0.067300
idle,5.6794,0.076000
idle,5.8405,0.071400
idle,6.0106,0.071100
idle,5.9797,0.079400
idle,5.8354,0.072800
idle,5.7794,0.066500
idle,5.7044,0.072800
idle,5.9671,0.074400
idle,6.0060,0.113100
idle,5.7376,0.079800
idle,6.2622,0.138900
idle,5.8402,0.117100
idle,5.6695,0.064600
idle,5.9164,0.078300
idle,5.7939,0.087700
idle,5.7178,0.110500
idle,6.7258,0.079700
idle,5.8532,0.088000
idle,5.7312,0.071200
idle,5.9442,0.084600
idle,5.6688,0.071000
idle,5.8025,0.072600
idle,6.0416,0.073800
idle,6.0506,0.084500
idle,6.3942,0.148700
idle,5.5405,0.062700
idle,5.6515,0.072900
idle,5.9135,0.079600
idle,5.7389,0.071200
idle,5.6599,0.078100
idle,6.3565,0.109200
idle,5.8906,0.146000
idle,5.6638,0.066500
idle,5.9392,0.090600
idle,5.7210,0.076700
idle,5.6762,0.075500
idle,6.0218,0.147400
idle,6.1724,0.066500
idle,5.7962,0.072000
idle,5.7961,0.063200
idle,5.6489,0.113500
idle,5.7054,0.079000
idle,5.7297,0.146500
idle,5.6948,0.070400
idle,6.1446,0.075800
idle,5.8573,0.081000
idle,5.7249,0.067800
idle,5.6822,0.078900
idle,5.7171,0.075100
idle,5.7158,0.068300
idle,6.1060,0.091500
idle,5.9011,0.083100
idle,5.8743,0.133000
idle,6.1986,0.096900
idle,5.6736,0.081900
idle,5.6891,0.116200
idle,7.5371,0.148200
idle,5.5022,0.080600
idle,6.0749,0.077500
idle,5.8471,0.073800
idle,5.8178,0.080200
idle,5.8212,0.083900
idle,6.0828,0.109400
idle,5.8282,0.078000
idle,6.0783,0.082900
idle,6.1730,0.072000
idle,5.6943,0.073300
idle,5.7674,0.080800
idle,5.7377,0.073200
idle,6.6988,0.075800
idle,5.4917,0.076400
idle,5.9485,0.075200
idle,6.2189,0.092900
idle,5.9411,0.092500
idle,5.7339,0.081800
idle,5.7281,0.074000
idle,6.0778,0.091200
idle,6.1145,0.073100
idle,5.7860,0.081000
idle,6.0247,0.073500
idle,5.6524,0.080200
idle,5.8815,0.078500
idle,5.8017,0.125700
idle,5.7707,0.101400
idle,6.0200,0.082300
idle,5.8892,0.079700
idle,6.2054,0.069200
idle,6.1929,0.088500
idle,5.6922,0.084800
idle,5.7365,0.084700
idle,5.7622,0.083400
idle,6.1791,0.073900
idle,6.0526,0.075500
idle,5.9842,0.084900
idle,5.7296,0.070800
idle,5.7186,0.085600
idle,5.6355,0.074000
idle,5.5819,0.103300
idle,6.0661,0.068100
idle,5.8707,0.069700
idle,5.7415,0.156100
idle,5.9480,0.070600
idle,5.8225,0.062800
idle,5.6551,0.066800
idle,5.7389,0.074800
idle,5.9828,0.088600
idle,6.1266,0.119500
idle,5.7528,0.080600
idle,5.5658,0.128600
idle,5.6804,0.061800
idle,5.6441,0.064900
idle,6.3672,0.083200
idle,5.9306,0.067400
idle,5.6791,0.069900
idle,5.7353,0.104100
idle,5.8678,0.069400
idle,5.7987,0.073600
idle,5.7307,0.062200
idle,6.2860,0.066400
idle,5.6486,0.063600
idle,5.7271,0.069100
idle,5.6327,0.094700
idle,6.1515,0.081000
idle,5.8465,0.092800
idle,5.7659,0.064700
idle,5.9956,0.062700
idle,5.8903,0.068600
idle,5.6031,0.069900
idle,5.7096,0.063200
idle,5.6482,0.066600
idle,5.6893,0.070000
idle,5.6919,0.063300
idle,6.0425,0.089000
idle,5.9380,0.095000
idle,5.6456,0.066900
idle,5.8215,0.061800
idle,5.6075,0.062400
idle,5.6747,0.071100
idle,5.8249,0.075600
idle,6.0069,0.067800
idle,5.9769,0.068300
idle,5.7831,0.066600
idle,5.6201,0.065000
idle,5.6998,0.065900
idle,5.6947,0.068200
idle,5.7562,0.119300
idle,6.3099,0.086600
idle,5.8527,0.069600
idle,5.5990,0.066100
idle,5.6606,0.102500
idle,5.6694,0.067600
idle,5.7279,0.111300
idle,5.7030,0.067800
idle,5.9928,0.063600
idle,5.7501,0.076600
idle,5.8465,0.071900
idle,5.8224,0.063900
idle,5.7497,0.066600
idle,5.5245,0.081100
idle,5.6752,0.063500
idle,6.0269,0.080700
idle,5.8846,0.070500
idle,5.6651,0.065600
idle,5.6614,0.099900
idle,5.6371,0.097200
idle,5.7157,0.071400
idle,5.7070,0.106900
idle,6.4408,0.086800
idle,5.8697,0.073100
idle,5.9888,0.078300
idle,5.6801,0.069200
idle,5.6534,0.065000
idle,5.7289,0.069900
idle,6.0216,0.073800
idle,5.7607,0.073800
idle,5.7011,0.081100
idle,5.7476,0.061200
idle,5.6497,0.056000
idle,5.7908,0.090900
idle,5.7939,0.063400
idle,6.1206,0.075700
idle,5.9476,0.068000
idle,5.6615,0.061000
idle,5.5657,0.065100
idle,5.6346,0.066900
idle,5.6107,0.062700
idle,5.6249,0.062200
idle,6.0978,0.068700
idle,5.9660,0.069400
idle,5.7548,0.059300
idle,5.6203,0.061000
idle,5.7218,0.065800
idle,5.7797,0.070200
idle,5.6325,0.102900
idle,6.0905,0.080800
idle,6.3085,0.064700
idle,5.5499,0.067300
idle,5.6468,0.066400
idle,5.7282,0.063400
idle,5.7216,0.080800
idle,5.9330,0.117400
idle,6.1572,0.070900
idle,5.8255,0.069600
idle,5.6759,0.063800
idle,5.6528,0.065500
idle,5.6481,0.072700
idle,5.9176,0.086700
idle,5.7726,0.068300
idle,5.9721,0.105900
idle,6.0098,0.074500
idle,5.7880,0.064300
idle,5.6848,0.069400
idle,5.7156,0.064800
idle,5.6560,0.069100
idle,5.5922,0.059200
idle,6.1833,0.068500
idle,5.9223,0.073300
idle,5.6620,0.076400
idle,5.6819,0.082700
idle,5.7891,0.087900
idle,5.6760,0.084700
idle,5.7278,0.077600
idle,6.0840,0.084200
idle,6.0180,0.073700
idle,5.7600,0.073400
idle,5.6194,0.069400
idle,6.1561,0.104200
idle,5.7147,0.071600
idle,5.6212,0.084600
idle,6.3200,0.093600
idle,6.0470,0.091600
idle,5.7353,0.069000
idle,5.6490,0.068400
idle,5.6980,0.078000
idle,5.7566,0.064200
idle,6.1238,0.092100
idle,6.2148,0.078300
idle,5.6832,0.080900
idle,5.6473,0.065100
idle,5.6836,0.062400
idle,5.6472,0.076000
idle,5.9861,0.096700
idle,6.0357,0.069900
idle,6.0965,0.093700
idle,5.8384,0.069000
idle,5.6870,0.087700
idle,5.9408,0.070100
idle,5.6678,0.062600
idle,5.6304,0.070500
idle,6.0489,0.074400
idle,5.7918,0.074100
idle,5.8959,0.196100
idle,5.9048,0.071900
idle,5.6801,0.086300
idle,5.7132,0.110300
idle,5.7104,0.069400
idle,5.9719,0.066700
idle,5.9833,0.082200
idle,5.7387,0.110600
idle,5.6803,0.081700
idle,5.7255,0.084900
idle,5.7915,0.069900
idle,5.6745,0.079300
idle,6.2211,0.115900
idle,5.7580,0.064700
idle,5.7573,0.074400
idle,5.7873,0.091200
idle,5.6882,0.067900
idle,5.5828,0.067800
idle,5.8389,0.074900
idle,6.1116,0.063300
idle,5.9180,0.071000
idle,5.6931,0.069700
idle,5.7097,0.064800
idle,6.0917,0.110400
idle,5.6930,0.073300
idle,5.6444,0.069400
idle,6.5309,0.093200
idle,5.9322,0.069600
idle,5.7109,0.094900
idle,5.8357,0.075200
idle,5.8615,0.117500
idle,5.6962,0.070800
idle,6.3808,0.084800
idle,5.8740,0.066200
idle,5.6464,0.075300
idle,5.7259,0.069200
idle,5.6437,0.066400
idle,5.6340,0.065100
idle,5.8428,0.071000
idle,6.0928,0.071600
idle,5.7762,0.063100
idle,5.7147,0.064600
idle,5.5791,0.071600
idle,6.0444,0.232400
idle,5.8199,0.076400
idle,5.7573,0.062800
idle,5.9655,0.074300
idle,5.7668,0.071100
idle,5.6389,0.073600
idle,5.7098,0.064300
idle,5.5572,0.060300
idle,5.7012,0.073000
idle,5.7698,0.082000
idle,6.1090,0.073100
idle,5.8416,0.078100
idle,5.8046,0.066200
idle,5.6104,0.068400
idle,5.7829,0.080300
idle,5.7400,0.073100
idle,5.7286,0.074000
idle,6.3644,0.072800
idle,5.7863,0.085700
idle,5.6827,0.080200
idle,5.8856,0.086400
idle,5.7227,0.064500
idle,5.6716,0.074300
idle,5.6314,0.067900
idle,6.0457,0.075800
idle,6.1129,0.095500
idle,6.2378,0.092800
idle,5.7020,0.070900
idle,5.6527,0.065700
idle,5.7896,0.077800
idle,5.9274,0.079700
idle,6.2199,0.111100
idle,5.8427,0.110300
idle,5.7203,0.061800
idle,6.1178,0.081600
idle,5.8892,0.086800
idle,5.7277,0.061000
idle,6.1055,0.066300
idle,5.7856,0.075900
idle,5.6778,0.071500
idle,5.8671,0.069500
idle,5.7036,0.063700
idle,5.7845,0.080500
idle,5.7582,0.062800
idle,6.0111,0.064600
idle,5.8507,0.073500
idle,5.8729,0.063800
idle,5.6355,0.084800
idle,5.7797,0.068400
idle,5.7361,0.062800
idle,5.6554,0.060400
idle,5.8313,0.142400
idle,6.3236,0.064700
idle,5.7949,0.064600
idle,6.0554,0.078000
idle,5.7358,0.069800
idle,5.7170,0.065600
idle,5.7569,0.063100
idle,5.9708,0.066300
idle,6.1629,0.075200
idle,6.0264,0.064500
idle,5.7381,0.084000
idle,5.8651,0.167100
idle,5.7428,0.069500
idle,5.5784,0.062400
idle,6.3870,0.081700
idle,14.9382,0.124800
idle,5.6237,0.063500
idle,3.3673,0.070700
idle,3.5972,0.060800
idle,3.1185,0.062000
idle,4.3228,0.092900
idle,3.4947,0.099700
idle,3.5602,0.056200
idle,2.6950,0.077600
idle,2.9177,0.055700
idle,3.0261,0.076900
idle,3.2649,0.060200
idle,3.2585,0.096100
idle,2.8790,0.050400
idle,3.0485,0.065600
idle,2.8359,0.055100
idle,2.8747,0.070900
idle,2.8847,0.056100
idle,3.2063,0.078600
idle,3.1805,0.053500
idle,3.5424,0.136500
idle,3.5589,0.058500
idle,3.4244,0.060600
idle,3.3567,0.059100
idle,3.3435,0.086200
idle,4.0498,0.080300
idle,5.9380,0.073900
idle,3.7700,0.076900
idle,4.7222,0.084800
idle,3.2985,0.064500
idle,3.6128,0.067900
idle,3.6701,0.095500
idle,3.2251,0.057100
idle,3.6182,0.083700
idle,3.9850,0.106600
idle,3.9707,0.146600
idle,3.2313,0.082100
idle,3.1776,0.065700
idle,3.2596,0.086500
idle,4.1898,0.092700
idle,3.7360,0.097900
idle,3.7539,0.073100
idle,4.1916,0.099700
idle,3.7770,0.059000
idle,4.3072,0.082700
idle,3.2557,0.064200
idle,3.7049,0.062600
idle,3.3230,0.065900
idle,4.6920,0.097800
idle,4.6901,0.110500
idle,3.8740,0.066400
idle,3.3751,0.077200
idle,4.6033,0.180700
idle,4.1192,0.063600
idle,3.2302,0.096700
idle,3.8569,0.061100
idle,3.1648,0.115800
idle,4.5512,0.081700
idle,3.6080,0.067500
idle,2.9380,0.053600
idle,2.5482,0.069400
idle,3.6681,0.080000
idle,3.1110,0.051600
idle,2.9162,0.054400
idle,2.6587,0.051500
idle,2.9111,0.089800
idle,3.5083,0.061500
idle,3.3171,0.060700
idle,3.0128,0.056000
idle,3.2755,0.109600
idle,3.3524,0.058500
idle,2.6676,0.049100
idle,2.7596,0.051500
idle,2.4692,0.050000
idle,2.9138,0.085000
idle,3.8530,0.081200
idle,3.3433,0.100700
idle,3.8846,0.056800
idle,2.9377,0.067200
idle,2.9557,0.053200
idle,2.4630,0.077600
idle,3.3507,0.079000
idle,2.9224,0.055400
idle,3.2646,0.062700
idle,3.0530,0.052900
idle,2.6853,0.053200
idle,3.1079,0.069500
idle,2.7518,0.048700
idle,2.7932,0.080000
idle,2.5736,0.049000
idle,2.6094,0.077700
idle,3.5894,0.056700
idle,2.8293,0.085400
idle,3.1809,0.054600
idle,2.5539,0.050900
idle,3.0779,0.053800
idle,2.7696,0.048700
idle,4.1269,0.091100
idle,3.6618,0.055000
idle,2.8119,0.054400
idle,2.6240,0.055200
idle,2.5288,0.066400
idle,3.0545,0.054000
idle,2.4125,0.049100
idle,2.6900,0.057200
idle,3.1041,0.051300
idle,2.4790,0.047000
idle,2.4797,0.050200
idle,3.5701,0.054900
idle,3.3532,0.053700
idle,2.9911,0.056200
idle,3.1749,0.056600
idle,2.6911,0.055400
idle,3.3131,0.087000
idle,3.6654,0.058900
idle,2.6205,0.050700
idle,2.6793,0.054000
idle,2.8757,0.068500
idle,3.7020,0.057300
idle,2.7555,0.053400
idle,2.5401,0.055100
idle,3.5827,0.067600
idle,3.1038,0.100400
idle,3.5599,0.108400
idle,3.4586,0.103300
idle,3.9643,0.059500
idle,3.5195,0.095400
idle,3.8447,0.100900
idle,3.3263,0.080000
idle,3.5184,0.066000
idle,2.9724,0.063300
idle,3.6942,0.070500
idle,3.2468,0.068700
idle,3.6838,0.061100
idle,3.1975,0.079000
idle,4.1839,0.081800
idle,4.3862,0.072100
idle,3.7586,0.079500
idle,4.3819,0.103600
idle,6.2006,0.157800
idle,6.5490,0.101700
idle,7.5069,0.139700
idle,7.4716,0.116700
idle,6.8669,0.089200
idle,6.4071,0.107200
idle,5.8560,0.153800
idle,6.3469,0.087600
idle,7.0266,0.128800
idle,5.4389,0.111700
idle,6.7576,0.083100
idle,6.9669,0.094900
idle,5.8623,0.088100
idle,5.7882,0.171000
idle,5.7519,0.072400
idle,4.5836,0.108400
idle,4.0119,0.072100
idle,6.5171,0.075600
idle,5.0944,0.086600
idle,4.4796,0.084000
idle,4.9212,0.154600
idle,5.1671,0.072100
idle,4.6910,0.102300
idle,4.8223,0.069300
idle,6.4891,0.103800
idle,5.2447,0.068100
idle,3.8461,0.090900
idle,4.3311,0.073000
idle,5.0008,0.148700
idle,5.0063,0.100600
idle,5.0423,0.098700
idle,5.1776,0.104200
idle,4.9808,0.082900
idle,4.3002,0.082800
idle,4.9696,0.093700
idle,4.8499,0.070900
idle,4.5850,0.127700
idle,4.9765,0.100700
idle,4.3350,0.077900
idle,3.9723,0.084700
idle,4.8355,0.098100
idle,4.2285,0.071000
idle,4.3191,0.074300
idle,4.2124,0.074000
idle,3.3350,0.088200
idle,3.9370,0.084300
idle,3.1505,0.090800
idle,5.0893,0.076400
idle,4.2989,0.085600
idle,3.7808,0.080800
idle,3.6034,0.084200
idle,3.3546,0.062700
idle,26.3030,0.105200
idle,7.3297,0.080700
idle,5.5925,0.090100
idle,6.1105,0.074500
idle,6.8958,0.082000
idle,6.2460,0.073000
idle,5.8011,0.088000
idle,5.8234,0.074900
idle,5.8628,0.077500
idle,6.1355,0.070800
idle,6.3397,0.076500
idle,6.5805,0.080200
idle,5.9607,0.077700
idle,6.2846,0.071800
idle,5.9272,0.075200
idle,5.7071,0.080800
idle,6.3360,0.066300
idle,6.1420,0.085200
idle,5.9235,0.068900
idle,6.1684,0.088300
idle,6.2647,0.115100
idle,6.0092,0.071800
idle,5.7317,0.133300
idle,6.1252,0.078700
idle,6.5679,0.066900
idle,5.8766,0.063700
idle,5.8175,0.069200
idle,5.6581,0.064500
idle,5.9567,0.136200
idle,5.6959,0.074200
idle,5.9173,0.073900
idle,6.0913,0.060700
idle,5.9837,0.073300
idle,5.6802,0.067800
idle,5.8428,0.091400
idle,5.6977,0.065000
idle,5.6210,0.066500
idle,5.7122,0.074400
idle,6.0128,0.073200
idle,5.8641,0.070300
idle,5.5439,0.074100
idle,5.7395,0.067300
idle,5.6215,0.074700
idle,7.0388,0.069900
idle,5.8132,0.084000
idle,5.8442,0.067700
idle,5.9676,0.083200
idle,5.7815,0.068000
idle,5.6917,0.100000
idle,5.7083,0.055200
idle,5.6253,0.062700
idle,6.0618,0.080600
idle,5.8101,0.068400
idle,5.6672,0.067200
idle,6.1358,0.084700
idle,5.8572,0.068800
idle,5.6825,0.069300
idle,5.8556,0.068800
idle,5.9075,0.067700
idle,5.8528,0.071200
idle,5.6430,0.071200
idle,5.5660,0.070600
idle,5.9059,0.061800
idle,5.6703,0.068900
idle,5.6468,0.069400
idle,6.1140,0.076400
idle,5.8361,0.069700
idle,5.9981,0.082300
idle,5.8028,0.056400
idle,5.6410,0.065500
idle,5.7938,0.146700
idle,6.2128,0.074500
idle,6.0239,0.068300
idle,5.9044,0.082800
idle,6.0107,0.077400
idle,5.6004,0.078100
idle,5.6241,0.086200
idle,5.7478,0.072400
idle,5.6376,0.127900
idle,6.3971,0.083100
idle,5.8723,0.081700
idle,5.6983,0.067200
idle,5.7870,0.065500
idle,5.6658,0.100500
idle,5.9994,0.071100
idle,5.9647,0.087500
idle,6.0945,0.105600
idle,5.7507,0.075200
idle,5.6696,0.064300
idle,5.7301,0.092900
idle,5.7129,0.068800
idle,5.6947,0.071600
idle,6.0067,0.076500
idle,6.2058,0.091500
idle,5.6639,0.070500
idle,5.6652,0.073300
idle,5.7969,0.072300
idle,5.8787,0.087700
idle,5.6732,0.077000
idle,6.6384,0.096000
idle,6.4799,0.097300
idle,5.6072,0.065000
idle,5.9094,0.067100
idle,5.7652,0.073500
idle,5.8542,0.069800
idle,5.6727,0.074400
idle,6.1996,0.088600
idle,5.8786,0.066100
idle,5.7453,0.068100
idle,5.6012,0.068200
idle,5.7907,0.083000
idle,5.6781,0.070700
idle,5.5852,0.063700
idle,6.1857,0.077900
idle,5.8650,0.058300
idle,5.7391,0.065000
idle,5.7037,0.074400
idle,5.7735,0.086500
idle,5.6381,0.072800
speech-replay,5.5654,0.051800
speech-replay,25.6391,0.156500
speech-replay,4.8466,0.087300
speech-replay,4.0883,0.093100
speech-replay,3.5607,0.072000
speech-replay,3.3089,0.067200
speech-replay,3.1777,0.073200
speech-replay,3.6256,0.061200
speech-replay,3.1939,0.062600
speech-replay,2.7721,0.082800
speech-replay,3.0598,0.062800
speech-replay,2.6713,0.054500
speech-replay,2.8462,0.060900
speech-replay,2.9030,0.060400
speech-replay,3.0943,0.113600
speech-replay,4.0467,0.084500
speech-replay,2.9042,0.058300
speech-replay,2.9504,0.086700
speech-replay,3.3815,0.078000
speech-replay,3.8862,0.067600
speech-replay,3.1923,0.062600
speech-replay,3.6641,0.069500
speech-replay,2.6677,0.063000
speech-replay,2.8380,0.063600
speech-replay,4.3895,0.118800
speech-replay,3.5780,0.109300
speech-replay,3.6420,0.064500
speech-replay,2.9467,0.081300
speech-replay,3.1170,0.056100
speech-replay,2.5274,0.064700
speech-replay,3.0215,0.062700
speech-replay,2.8625,0.063400
speech-replay,3.0792,0.058800
speech-replay,2.9264,0.067900
speech-replay,3.2162,0.061800
speech-replay,2.7588,0.060200
speech-replay,2.8208,0.059700
speech-replay,3.5579,0.077200
speech-replay,2.6799,0.058500
speech-replay,2.7246,0.067200
speech-replay,2.7176,0.079800
speech-replay,2.4881,0.056400
speech-replay,2.7721,0.060200
speech-replay,2.5005,0.060500
speech-replay,3.2092,0.093500
speech-replay,2.8519,0.057800
speech-replay,2.5192,0.059000
speech-replay,2.5952,0.074200
speech-replay,2.7723,0.057700
speech-replay,3.7780,0.069000
speech-replay,3.5120,0.100000
speech-replay,3.2476,0.061000
speech-replay,2.6035,0.052600
speech-replay,2.5152,0.081300
speech-replay,3.5658,0.061200
speech-replay,2.7936,0.079100
speech-replay,3.2896,0.067100
speech-replay,3.0758,0.057700
speech-replay,3.0244,0.063300
speech-replay,2.9531,0.062200
speech-replay,2.6822,0.061100
speech-replay,3.7811,0.066700
speech-replay,3.0312,0.064100
speech-replay,3.1923,0.077000
speech-replay,3.0104,0.063400
speech-replay,2.8370,0.060700
speech-replay,2.6576,0.080000
speech-replay,3.0736,0.099100
speech-replay,3.2981,0.061400
speech-replay,2.7821,0.060000
speech-replay,2.6009,0.055800
speech-replay,2.8467,0.059600
speech-replay,3.1590,0.062900
speech-replay,3.3504,0.074400
speech-replay,3.1024,0.061900
speech-replay,2.7466,0.054400
speech-replay,2.5715,0.070200
speech-replay,2.9058,0.069400
speech-replay,2.9555,0.056100
speech-replay,2.8213,0.082600
speech-replay,3.0688,0.088700
speech-replay,3.1212,0.061500
speech-replay,2.8632,0.099300
speech-replay,3.1164,0.076900
speech-replay,3.0734,0.060100
speech-replay,3.0305,0.062800
speech-replay,3.4273,0.090700
speech-replay,3.3081,0.063800
speech-replay,3.1172,0.058700
speech-replay,2.8714,0.055700
speech-replay,3.4046,0.115700
speech-replay,3.3574,0.060200
speech-replay,2.3969,0.064300
speech-replay,3.4191,0.066900
speech-replay,2.9326,0.059200
speech-replay,3.9079,0.078700
speech-replay,3.0373,0.177500
speech-replay,3.1988,0.061800
speech-replay,3.2598,0.055900
speech-replay,3.0237,0.057700
speech-replay,3.0836,0.057800
speech-replay,2.6546,0.055300
speech-replay,2.8995,0.063500
speech-replay,2.6182,0.056600
speech-replay,2.5628,0.075500
speech-replay,2.6859,0.073900
speech-replay,2.9700,0.059000
speech-replay,2.5836,0.055500
speech-replay,2.3793,0.051600
speech-replay,2.5170,0.051000
speech-replay,2.5164,0.050600
speech-replay,2.8143,0.075200
speech-replay,3.2477,0.061100
speech-replay,2.9968,0.070000
speech-replay,2.8915,0.061600
speech-replay,3.1890,0.078000
speech-replay,2.9353,0.084800
speech-replay,2.9154,0.061100
speech-replay,3.2219,0.081600
speech-replay,3.0948,0.060800
speech-replay,2.7172,0.056200
speech-replay,2.9489,0.060300
speech-replay,2.7259,0.057700
speech-replay,2.4471,0.055000
speech-replay,2.8115,0.055000
speech-replay,2.5982,0.051900
speech-replay,2.5270,0.052300
speech-replay,2.5757,0.056100
speech-replay,2.9394,0.108300
speech-replay,3.3348,0.074500
speech-replay,3.0879,0.059200
speech-replay,2.7534,0.059300
speech-replay,2.5411,0.072500
speech-replay,2.8066,0.087400
speech-replay,2.8756,0.055000
speech-replay,2.4195,0.075100
speech-replay,2.8659,0.063300
speech-replay,2.7019,0.058100
speech-replay,2.5453,0.078100
speech-replay,2.5913,0.100600
speech-replay,3.8680,0.080600
speech-replay,2.8015,0.059100
speech-replay,2.7045,0.091200
speech-replay,3.6207,0.059300
speech-replay,2.6589,0.062200
speech-replay,2.5503,0.052700
speech-replay,2.5822,0.062400
speech-replay,2.3301,0.051800
speech-replay,2.2116,0.056000
speech-replay,2.8102,0.073800
speech-replay,2.9520,0.088900
speech-replay,2.8588,0.086300
speech-replay,2.9682,0.060100
speech-replay,2.6629,0.093800
speech-replay,3.1767,0.069400
speech-replay,3.3168,0.088500
speech-replay,3.3456,0.107100
speech-replay,2.6290,0.053000
speech-replay,3.0591,0.092200
speech-replay,2.7200,0.054500
speech-replay,2.6071,0.057100
speech-replay,2.5572,0.052000
speech-replay,2.2927,0.053300
speech-replay,2.5959,0.054000
speech-replay,2.6230,0.064000
speech-replay,2.5972,0.051600
speech-replay,2.5104,0.052700
speech-replay,2.4062,0.065500
speech-replay,3.1398,0.089400
speech-replay,2.9726,0.058700
speech-replay,2.7463,0.056200
speech-replay,2.6133,0.056800
speech-replay,2.3923,0.052500
speech-replay,3.6906,0.117900
speech-replay,3.0462,0.066500
speech-replay,2.8000,0.075900
speech-replay,2.6626,0.056400
speech-replay,2.4182,0.050000
speech-replay,2.4971,0.057700
speech-replay,3.0718,0.120900
speech-replay,2.8220,0.054800
speech-replay,2.8549,0.055600
speech-replay,2.9013,0.054100
speech-replay,2.2887,0.056400
speech-replay,2.9545,0.058000
speech-replay,2.6814,0.059600
speech-replay,2.6653,0.060700
speech-replay,2.4027,0.052300
speech-replay,2.1755,0.048800
speech-replay,2.4049,0.079700
speech-replay,2.9091,0.057600
speech-replay,2.5273,0.059700
speech-replay,2.6607,0.057300
speech-replay,2.5584,0.056800
speech-replay,2.9190,0.160800
speech-replay,3.0693,0.053000
speech-replay,2.7457,0.094100
speech-replay,3.1018,0.071400
speech-replay,2.6458,0.052500
speech-replay,2.6708,0.054400
speech-replay,2.3793,0.056500
speech-replay,2.9850,0.082300
speech-replay,2.6967,0.053400
speech-replay,2.3484,0.051700
speech-replay,2.6149,0.062800
speech-replay,2.8761,0.071800
speech-replay,2.6453,0.055400
speech-replay,3.0090,0.066600
speech-replay,2.7345,0.058800
speech-replay,2.8119,0.059000
speech-replay,2.6615,0.051600
speech-replay,2.5027,0.054900
speech-replay,3.2382,0.080400
speech-replay,2.7345,0.055100
speech-replay,2.5564,0.086400
speech-replay,2.8623,0.057500
speech-replay,2.5951,0.053200
speech-replay,3.3696,0.063900
speech-replay,2.8144,0.074800
speech-replay,3.0924,0.059800
speech-replay,2.6453,0.053900
speech-replay,2.4513,0.078600
speech-replay,2.8339,0.073000
speech-replay,2.6712,0.055600
speech-replay,3.0677,0.060900
speech-replay,2.8258,0.056800
speech-replay,2.3834,0.058000
speech-replay,3.1044,0.062500
speech-replay,2.3745,0.054300
speech-replay,2.6628,0.112400
speech-replay,4.2178,0.065600
speech-replay,3.0851,0.088100
speech-replay,2.9331,0.052900
speech-replay,2.4610,0.078900
speech-replay,3.0271,0.068700
speech-replay,2.8293,0.064100
speech-replay,2.8467,0.063800
speech-replay,6.1706,0.062300
speech-replay,3.0566,0.054500
speech-replay,2.8038,0.063000
speech-replay,2.8437,0.077400
speech-replay,2.4699,0.052500
speech-replay,2.7064,0.098200
speech-replay,3.2386,0.058700
speech-replay,2.9416,0.071900
speech-replay,3.3633,0.063200
speech-replay,2.6530,0.053800
speech-replay,2.7635,0.058300
speech-replay,2.5643,0.051900
speech-replay,2.7954,0.089900
speech-replay,2.7238,0.052700
speech-replay,2.5838,0.056600
speech-replay,2.7769,0.057200
speech-replay,2.7593,0.078800
speech-replay,2.4504,0.050500
speech-replay,3.0571,0.080800
speech-replay,2.5777,0.056300
speech-replay,3.1155,0.070800
speech-replay,2.9293,0.061600
speech-replay,2.3849,0.067800
speech-replay,2.8996,0.064500
speech-replay,2.6194,0.067400
speech-replay,2.9908,0.066300
speech-replay,2.9485,0.065600
speech-replay,2.7804,0.061600
speech-replay,2.7634,0.056200
speech-replay,2.5372,0.051700
speech-replay,2.5488,0.061900
speech-replay,2.7022,0.056600
speech-replay,2.5756,0.054700
speech-replay,2.7820,0.058000
speech-replay,2.6200,0.056400
speech-replay,3.0462,0.065200
speech-replay,2.8958,0.070800
speech-replay,2.5664,0.051900
speech-replay,3.2344,0.058400
speech-replay,2.4474,0.056000
speech-replay,2.6128,0.091700
speech-replay,2.8820,0.056700
speech-replay,2.3891,0.052300
speech-replay,2.3864,0.063100
speech-replay,2.5717,0.054800
speech-replay,2.4065,0.054800
speech-replay,2.8405,0.062400
speech-replay,2.7124,0.057000
speech-replay,2.5755,0.062500
speech-replay,3.0027,0.057100
speech-replay,2.7150,0.138500
speech-replay,3.0550,0.058800
speech-replay,2.9789,0.077300
speech-replay,2.8473,0.062700
speech-replay,2.4967,0.055500
speech-replay,2.4664,0.056400
speech-replay,2.6739,0.088900
speech-replay,2.4377,0.060300
speech-replay,3.0126,0.096600
speech-replay,3.0417,0.061800
speech-replay,2.4291,0.056400
speech-replay,2.7172,0.068700
speech-replay,2.9666,0.058000
speech-replay,3.0676,0.067400
speech-replay,2.9386,0.054000
speech-replay,2.3333,0.052300
speech-replay,2.7726,0.065400
speech-replay,2.6947,0.056500
speech-replay,2.4929,0.061500
speech-replay,3.4299,0.073400
speech-replay,3.1584,0.097600
speech-replay,3.5104,0.079300
speech-replay,2.8753,0.058600
speech-replay,3.1633,0.064500
speech-replay,2.8613,0.065300
speech-replay,3.3074,0.065000
speech-replay,2.6400,0.059300
speech-replay,2.5241,0.053100
speech-replay,3.2031,0.064700
speech-replay,2.6391,0.054100
speech-replay,2.7940,0.061400
speech-replay,2.8204,0.061600
speech-replay,2.5199,0.057100
speech-replay,2.8360,0.109200
speech-replay,3.6293,0.060300
speech-replay,3.2141,0.061400
speech-replay,2.5020,0.053300
speech-replay,2.5529,0.066300
speech-replay,3.0581,0.056700
speech-replay,2.5293,0.057200
speech-replay,2.9373,0.056300
speech-replay,2.9492,0.059400
speech-replay,2.5064,0.058200
speech-replay,2.5274,0.061300
speech-replay,2.6817,0.052100
speech-replay,2.7014,0.062700
speech-replay,2.6462,0.096800
speech-replay,3.0298,0.060600
speech-replay,3.1007,0.102700
speech-replay,2.5959,0.053200
speech-replay,3.7409,0.062200
speech-replay,2.5849,0.058400
speech-replay,3.4065,0.066900
speech-replay,2.8801,0.056100
speech-replay,2.5048,0.057700
speech-replay,2.6429,0.056100
speech-replay,2.6316,0.056100
speech-replay,3.2658,0.067400
speech-replay,2.8655,0.063600
speech-replay,2.5804,0.060400
speech-replay,2.6615,0.058400
speech-replay,2.5400,0.056800
speech-replay,3.1807,0.136500
speech-replay,3.5189,0.068700
speech-replay,2.8500,0.059000
speech-replay,2.5931,0.055100
speech-replay,2.3342,0.057500
speech-replay,2.7775,0.064600
speech-replay,2.7153,0.076800
speech-replay,2.8572,0.064900
speech-replay,3.3153,0.058200
speech-replay,2.6262,0.079600
speech-replay,3.0058,0.058800
speech-replay,2.7438,0.056600
speech-replay,2.4945,0.055100
speech-replay,2.2450,0.052000
speech-replay,2.4541,0.057100
speech-replay,3.3917,0.065900
speech-replay,2.7324,0.058700
speech-replay,2.7472,0.062800
speech-replay,3.6264,0.075300
speech-replay,3.0194,0.082700
speech-replay,3.1672,0.055900
speech-replay,2.6579,0.063000
speech-replay,3.1827,0.058700
speech-replay,3.1452,0.084500
speech-replay,2.8813,0.071800
speech-replay,2.9687,0.062100
speech-replay,2.5691,0.055300
speech-replay,2.6165,0.071300
speech-replay,2.9293,0.061000
speech-replay,3.1437,0.059900
speech-replay,2.9548,0.058900
speech-replay,3.1368,0.062600
speech-replay,3.6086,0.091300
speech-replay,4.0227,0.103800
speech-replay,3.3636,0.074600
speech-replay,2.7933,0.061400
speech-replay,2.5674,0.065500
speech-replay,2.7917,0.148100
speech-replay,2.9439,0.077200
speech-replay,2.6143,0.055900
speech-replay,2.2040,0.050700
speech-replay,2.8289,0.057100
speech-replay,2.7604,0.050800
speech-replay,3.2859,0.063300
speech-replay,2.9528,0.055600
speech-replay,3.3812,0.123700
speech-replay,3.7874,0.064800
speech-replay,3.1727,0.062500
speech-replay,3.2360,0.061500
speech-replay,3.0006,0.059200
speech-replay,2.7219,0.055500
speech-replay,2.3290,0.052800
speech-replay,2.8000,0.061000
speech-replay,2.5903,0.058500
speech-replay,2.6361,0.084200
speech-replay,3.3656,0.060100
speech-replay,2.6683,0.053700
speech-replay,2.9567,0.060600
speech-replay,3.0339,0.057100
speech-replay,3.1324,0.073400
speech-replay,2.8998,0.057000
speech-replay,2.4728,0.058000
speech-replay,2.8774,0.064800
speech-replay,2.4999,0.077800
speech-replay,3.7840,0.119500
speech-replay,3.7358,0.065800
speech-replay,2.9657,0.066600
speech-replay,2.7698,0.052100
speech-replay,2.5775,0.063000
speech-replay,3.3954,0.067400
speech-replay,2.6842,0.052400
speech-replay,2.9456,0.105000
speech-replay,3.1550,0.054600
speech-replay,2.7505,0.063200
speech-replay,2.6902,0.059400
speech-replay,2.7752,0.066300
speech-replay,2.9779,0.057700
speech-replay,2.6493,0.056800
speech-replay,2.9822,0.058200
speech-replay,2.7482,0.058500
speech-replay,2.9187,0.058100
speech-replay,2.8744,0.062900
speech-replay,2.8813,0.082500
speech-replay,3.4801,0.062200
speech-replay,2.5292,0.074200
speech-replay,3.9177,0.081600
speech-replay,3.2022,0.064400
speech-replay,3.3798,0.086100
speech-replay,2.9276,0.061100
speech-replay,2.6595,0.057700
speech-replay,2.8970,0.060200
speech-replay,2.5816,0.059500
speech-replay,3.2044,0.066800
speech-replay,3.0762,0.057700
speech-replay,2.7729,0.059600
speech-replay,2.6806,0.065600
speech-replay,2.6938,0.058900
speech-replay,4.2203,0.149400
speech-replay,4.4939,0.075500
speech-replay,3.4525,0.064200
speech-replay,2.9218,0.161100
speech-replay,3.4978,0.067100
speech-replay,3.4078,0.107400
speech-replay,3.2691,0.059900
speech-replay,2.6109,0.055100
speech-replay,2.8439,0.059500
speech-replay,2.4367,0.081800
speech-replay,2.5219,0.055100
speech-replay,2.8437,0.060800
speech-replay,2.8689,0.056500
speech-replay,2.7716,0.064900
speech-replay,3.0735,0.056500
speech-replay,2.8227,0.065300
speech-replay,2.6933,0.057700
speech-replay,2.6506,0.054700
speech-replay,3.1618,0.077000
speech-replay,2.6105,0.056800
speech-replay,2.9514,0.059200
speech-replay,2.6708,0.059500
speech-replay,2.7645,0.136200
speech-replay,3.0807,0.061500
speech-replay,2.7766,0.056500
speech-replay,3.0978,0.063100
speech-replay,2.8833,0.058400
speech-replay,3.0395,0.062000
speech-replay,3.0225,0.077900
speech-replay,2.8341,0.057900
speech-replay,3.5768,0.058200
speech-replay,2.7031,0.057000
speech-replay,3.1494,0.067900
speech-replay,2.6662,0.060400
speech-replay,2.5653,0.083500
speech-replay,3.3507,0.056300
speech-replay,2.9206,0.060100
speech-replay,3.2464,0.059600
speech-replay,2.6287,0.073100
speech-replay,2.8121,0.056900
speech-replay,2.6083,0.057200
speech-replay,3.0323,0.095100
speech-replay,3.7861,0.075900
speech-replay,2.7933,0.069400
speech-replay,3.0318,0.061200
speech-replay,2.7003,0.057900
speech-replay,3.2708,0.072800
speech-replay,3.0380,0.082700
speech-replay,2.6139,0.057300
speech-replay,3.0807,0.057900
speech-replay,2.5795,0.057900
speech-replay,2.9658,0.073600
speech-replay,3.5483,0.064400
speech-replay,2.6947,0.062300
speech-replay,2.6096,0.057100
speech-replay,2.6410,0.076900
speech-replay,3.3301,0.067800
speech-replay,2.8866,0.067600
speech-replay,4.0179,0.080300
speech-replay,3.5229,0.061500
speech-replay,3.4216,0.064400
speech-replay,2.6196,0.065600
speech-replay,3.5257,0.066300
speech-replay,3.1511,0.066200
speech-replay,3.0456,0.064100
speech-replay,2.9109,0.059500
speech-replay,2.6705,0.063600
speech-replay,3.4833,0.063300
speech-replay,2.6604,0.059000
speech-replay,3.2658,0.063300
speech-replay,3.0595,0.108400
speech-replay,2.7361,0.059400
speech-replay,2.8833,0.058700
speech-replay,2.5497,0.061200
speech-replay,2.7472,0.079100
speech-replay,2.8746,0.060500
speech-replay,2.9741,0.060200
speech-replay,2.6301,0.059700
speech-replay,2.5608,0.061400
speech-replay,3.5642,0.073000
speech-replay,3.1660,0.060100
speech-replay,2.8943,0.059100
speech-replay,2.8486,0.060500
speech-replay,2.7043,0.070900
speech-replay,2.6745,0.055300
speech-replay,2.4153,0.059000
speech-replay,3.1209,0.105300
speech-replay,3.0885,0.067000
speech-replay,3.0522,0.087600
speech-replay,4.4220,0.072800
speech-replay,3.1526,0.068400
speech-replay,2.6384,0.060100
speech-replay,2.9337,0.065000
speech-replay,2.8499,0.056300
speech-replay,2.4732,0.055700
speech-replay,2.6387,0.060300
speech-replay,2.5384,0.056700
speech-replay,2.4843,0.069800
speech-replay,3.3587,0.059700
speech-replay,3.1238,0.063200
speech-replay,3.0972,0.060800
speech-replay,2.4450,0.062700
speech-replay,2.4334,0.059300
speech-replay,3.2169,0.064900
speech-replay,2.6574,0.080200
speech-replay,3.0857,0.062800
speech-replay,2.4627,0.057900
speech-replay,2.6063,0.063100
speech-replay,2.7257,0.055400
speech-replay,2.5022,0.059600
speech-replay,2.6904,0.060800
speech-replay,3.3448,0.054100
speech-replay,2.6638,0.081400
speech-replay,3.1551,0.098500
speech-replay,2.7673,0.053700
speech-replay,2.7068,0.147700
speech-replay,3.1954,0.057700
speech-replay,2.7285,0.061700
speech-replay,2.7514,0.061300
speech-replay,2.3212,0.052100
speech-replay,2.9533,0.081300
speech-replay,2.8637,0.082900
speech-replay,3.2794,0.063500
speech-replay,2.7262,0.054100
speech-replay,2.6142,0.086700
speech-replay,3.1491,0.059600
speech-replay,2.5744,0.064200
speech-replay,3.4827,0.086500
speech-replay,3.3606,0.082500
speech-replay,3.1211,0.087000
speech-replay,4.4903,0.082600
speech-replay,3.6133,0.070100
speech-replay,2.5564,0.054800
speech-replay,2.8725,0.060600
speech-replay,2.7415,0.052700
speech-replay,2.2547,0.052400
speech-replay,2.8661,0.062500
speech-replay,2.6983,0.057200
speech-replay,2.8852,0.069900
speech-replay,3.1585,0.054900
speech-replay,2.4610,0.059400
speech-replay,3.0589,0.086900
speech-replay,3.2485,0.061300
speech-replay,2.6863,0.060100
speech-replay,2.8428,0.059000
speech-replay,2.4639,0.071600
speech-replay,3.7017,0.058100
speech-replay,2.6788,0.064300
speech-replay,4.1920,0.081600
speech-replay,2.8311,0.062800
speech-replay,2.9016,0.058300
speech-replay,2.6687,0.059700
speech-replay,2.8684,0.100400
speech-replay,3.3839,0.066300
speech-replay,3.3173,0.120400
speech-replay,3.8747,0.109400
speech-replay,5.1261,0.144900
speech-replay,6.1005,0.121100
speech-replay,4.7494,0.087600
speech-replay,3.6304,0.093800
speech-replay,3.9660,0.109400
speech-replay,4.3381,0.072700
speech-replay,3.6480,0.081500
speech-replay,3.7224,0.085600
speech-replay,5.1034,0.097200
speech-replay,4.1085,0.098900
speech-replay,3.4089,0.066800
speech-replay,4.0554,0.082900
speech-replay,4.1865,0.117500
speech-replay,5.3766,0.094200
speech-replay,4.4675,0.084100
speech-replay,3.3325,0.065900
speech-replay,3.1777,0.076600
speech-replay,3.4892,0.093600
speech-replay,2.9706,0.063700
speech-replay,3.1144,0.061100
speech-replay,2.9076,0.054700
speech-replay,2.9774,0.062500
speech-replay,2.7325,0.063700
speech-replay,2.7052,0.085000
speech-replay,4.3726,0.076100
speech-replay,3.6482,0.072100
speech-replay,3.2182,0.072000
speech-replay,3.2478,0.074100
speech-replay,3.4168,0.108500
speech-replay,3.7050,0.077800
speech-replay,3.4763,0.067500
speech-replay,2.8379,0.079000
speech-replay,3.0906,0.065800
speech-replay,2.6447,0.075700
speech-replay,2.7668,0.060100
speech-replay,2.8828,0.080500
speech-replay,3.1189,0.081600
speech-replay,3.0810,0.061200
speech-replay,2.5282,0.061100
speech-replay,2.9537,0.156100
speech-replay,3.9031,0.071900
speech-replay,3.2533,0.138200
speech-replay,3.7596,0.107900
speech-replay,4.0055,0.079900
speech-replay,3.3642,0.068300
speech-replay,3.2967,0.071300
speech-replay,3.4646,0.103000
speech-replay,4.1256,0.072000
speech-replay,3.8856,0.095300
speech-replay,3.1394,0.064900
speech-replay,3.6062,0.080900
speech-replay,3.1643,0.070200
speech-replay,3.0267,0.079600
speech-replay,3.3210,0.064400
speech-replay,3.0493,0.073300
speech-replay,3.1418,0.072700
speech-replay,2.8170,0.058200
speech-replay,2.7688,0.060400
speech-replay,3.5206,0.110300
speech-replay,3.6832,0.069300
speech-replay,3.4975,0.070000
speech-replay,4.3766,0.067800
speech-replay,3.1630,0.062100
speech-replay,3.3402,0.063500
speech-replay,2.9760,0.056400
speech-replay,2.6289,0.053800
speech-replay,2.7087,0.057000
speech-replay,2.4729,0.052100
speech-replay,4.5467,0.092200
speech-replay,3.9272,0.081100
speech-replay,2.9547,0.057700
speech-replay,2.7510,0.058300
speech-replay,4.3909,0.104300
speech-replay,3.4986,0.077200
speech-replay,3.2666,0.072600
speech-replay,2.6284,0.058300
speech-replay,2.6638,0.060600
speech-replay,2.8013,0.055500
speech-replay,2.4711,0.074000
speech-replay,2.4603,0.053700
speech-replay,2.6233,0.072800
speech-replay,2.5271,0.058800
speech-replay,2.3557,0.052200
speech-replay,3.6490,0.093100
speech-replay,3.5678,0.065300
speech-replay,2.7636,0.081300
speech-replay,3.5185,0.064800
speech-replay,3.0373,0.083300
speech-replay,3.3481,0.122200
speech-replay,3.5117,0.058500
speech-replay,2.6472,0.065200
speech-replay,2.8078,0.059400
speech-replay,2.9695,0.108300
speech-replay,3.2608,0.064900
speech-replay,2.5805,0.053900
speech-replay,2.6035,0.078800
speech-replay,2.8216,0.061300
speech-replay,2.6762,0.064700
speech-replay,2.8423,0.052300
speech-replay,2.4620,0.050100
speech-replay,2.6291,0.058200
speech-replay,2.5942,0.057400
speech-replay,2.2889,0.054000
speech-replay,2.8544,0.082200
speech-replay,2.9304,0.055800
speech-replay,2.3221,0.055000
speech-replay,2.9143,0.055900
speech-replay,2.7655,0.056500
speech-replay,2.7371,0.059200
speech-replay,2.5776,0.058900
speech-replay,3.0208,0.107300
speech-replay,3.4043,0.062100
speech-replay,2.5771,0.077400
speech-replay,2.5803,0.077800
speech-replay,2.4938,0.053900
speech-replay,2.7999,0.064000
speech-replay,2.8641,0.057600
speech-replay,2.8135,0.069400
speech-replay,3.0610,0.055300
speech-replay,2.5722,0.056000
speech-replay,2.3374,0.074800
speech-replay,2.7600,0.063000
speech-replay,2.4070,0.053100
speech-replay,2.7450,0.067100
speech-replay,2.9799,0.060000
speech-replay,2.8336,0.079500
speech-replay,2.9477,0.061600
speech-replay,2.6535,0.056300
speech-replay,3.3008,0.075500
speech-replay,2.9171,0.057300
speech-replay,2.6827,0.058800
speech-replay,2.7735,0.057700
speech-replay,3.1014,0.093400
speech-replay,3.7006,0.067200
speech-replay,2.9725,0.091400
speech-replay,3.1174,0.067800
speech-replay,2.8941,0.061200
speech-replay,2.8036,0.053400
speech-replay,2.5781,0.052600
speech-replay,2.5989,0.074800
speech-replay,2.9957,0.063200
speech-replay,2.8189,0.052600
speech-replay,2.9913,0.251100
speech-replay,3.3335,0.064900
speech-replay,2.8789,0.059200
speech-replay,4.0334,0.080900
speech-replay,3.5457,0.098100
speech-replay,3.2998,0.067100
speech-replay,3.1014,0.066400
speech-replay,3.1133,0.076300
speech-replay,3.1999,0.112700
speech-replay,3.1710,0.082400
speech-replay,2.9390,0.062900
speech-replay,2.5513,0.056400
speech-replay,2.3930,0.052000
speech-replay,2.5319,0.073500
speech-replay,2.9754,0.055900
speech-replay,2.5933,0.060800
speech-replay,3.1827,0.066100
speech-replay,3.0354,0.061400
speech-replay,3.0213,0.071600
speech-replay,2.6339,0.056900
speech-replay,2.6730,0.059900
speech-replay,2.7195,0.064200
speech-replay,2.7231,0.057300
speech-replay,2.4824,0.060000
speech-replay,2.8151,0.071400
speech-replay,2.5766,0.052300
speech-replay,2.8511,0.059000
speech-replay,2.7018,0.057800
speech-replay,3.0503,0.061900
speech-replay,2.7568,0.058000
speech-replay,2.7483,0.061800
speech-replay,3.4419,0.077200
speech-replay,3.4711,0.087000
speech-replay,3.6500,0.083900
speech-replay,3.1804,0.057600
speech-replay,2.9363,0.081200
speech-replay,2.7858,0.072300
speech-replay,2.9406,0.063300
speech-replay,3.3229,0.097200
speech-replay,2.7217,0.059300
speech-replay,2.7977,0.057600
speech-replay,2.8154,0.083000
speech-replay,3.0656,0.067600
speech-replay,3.1253,0.070900
speech-replay,4.4972,0.083800
speech-replay,3.0065,0.061900
speech-replay,3.2683,0.064400
speech-replay,3.1974,0.063100
speech-replay,2.7778,0.066600
speech-replay,2.9729,0.058100
speech-replay,2.4223,0.054400
speech-replay,2.3382,0.057400
speech-replay,2.5356,0.059000
speech-replay,3.0711,0.061400
speech-replay,2.7910,0.074200
speech-replay,2.7188,0.055200
speech-replay,2.4532,0.051400
speech-replay,2.3050,0.053200
speech-replay,2.4608,0.054800
speech-replay,2.7167,0.065000
speech-replay,2.5970,0.058500
speech-replay,2.7934,0.072300
speech-replay,2.7842,0.061200
speech-replay,2.2530,0.052600
speech-replay,2.2043,0.050900
speech-replay,2.9351,0.059400
speech-replay,2.7013,0.058200
speech-replay,2.6770,0.058600
speech-replay,2.9061,0.060300
speech-replay,3.1829,0.070400
speech-replay,2.9810,0.066300
speech-replay,2.7140,0.059000
speech-replay,2.6833,0.063500
speech-replay,2.9919,0.071400
speech-replay,3.2371,0.066900
speech-replay,2.5592,0.054000
speech-replay,3.1077,0.081900
speech-replay,2.9598,0.067200
speech-replay,2.4024,0.053600
speech-replay,2.6220,0.060800
speech-replay,2.8532,0.061600
speech-replay,2.3647,0.067600
speech-replay,3.3556,0.105000
speech-replay,2.9222,0.115100
speech-replay,3.3761,0.088500
speech-replay,3.2658,0.060900
speech-replay,2.6412,0.065000
speech-replay,3.5762,0.070100
speech-replay,4.4273,0.079500
speech-replay,3.2016,0.070300
speech-replay,3.3561,0.064000
speech-replay,3.2043,0.066100
speech-replay,3.4679,0.089400
speech-replay,3.1144,0.073700
speech-replay,3.0565,0.066400
speech-replay,2.6875,0.064900
speech-replay,2.5039,0.054400
speech-replay,2.7902,0.060600
speech-replay,2.7913,0.071700
speech-replay,2.6674,0.066000
speech-replay,2.7464,0.060200
speech-replay,2.6379,0.077800
speech-replay,3.4164,0.105400
speech-replay,2.7280,0.057400
speech-replay,2.3887,0.052000
speech-replay,2.3733,0.053100
speech-replay,2.2225,0.050400
speech-replay,2.2928,0.079900
speech-replay,3.4144,0.062800
speech-replay,2.6652,0.053300
speech-replay,3.0445,0.062000
speech-replay,2.6747,0.053400
speech-replay,2.6471,0.059800
speech-replay,2.8571,0.065600
speech-replay,2.5848,0.054100
speech-replay,2.6886,0.064200
speech-replay,2.6858,0.058300
speech-replay,2.7904,0.096200
speech-replay,3.0428,0.058100
speech-replay,2.3317,0.052600
speech-replay,2.3409,0.072200
speech-replay,2.7818,0.065800
speech-replay,2.5410,0.065500
speech-replay,2.6266,0.054100
speech-replay,2.3196,0.048500
speech-replay,3.1590,0.064000
speech-replay,2.8556,0.082300
speech-replay,3.1035,0.097800
speech-replay,2.9657,0.060300
speech-replay,2.3371,0.052200
speech-replay,2.1686,0.052500
speech-replay,2.5924,0.057700
speech-replay,2.4007,0.057500
speech-replay,2.7284,0.103600
speech-replay,3.8793,0.122400
speech-replay,3.0719,0.060300
speech-replay,2.9873,0.066300
speech-replay,2.8865,0.061200
speech-replay,2.5918,0.054400
speech-replay,2.6874,0.059100
speech-replay,2.9079,0.057100
speech-replay,2.5168,0.054400
speech-replay,2.9258,0.075400
speech-replay,3.0977,0.063300
speech-replay,2.5664,0.054300
speech-replay,3.0573,0.078000
speech-replay,2.9043,0.065300
speech-replay,2.8656,0.128300
speech-replay,3.8849,0.072000
speech-replay,3.0608,0.063100
speech-replay,2.7878,0.054300
speech-replay,2.6466,0.057200
speech-replay,2.8212,0.058900
speech-replay,3.7199,0.099600
speech-replay,4.7068,0.084000
speech-replay,3.0008,0.061000
speech-replay,3.0167,0.072800
speech-replay,2.6624,0.056100
speech-replay,2.5883,0.091600
speech-replay,3.4659,0.058700
speech-replay,3.0676,0.058800
speech-replay,2.9278,0.059200
speech-replay,2.8702,0.059200
speech-replay,3.8601,0.079000
speech-replay,3.0145,0.063500
speech-replay,3.4932,0.062200
speech-replay,2.5923,0.052000
speech-replay,2.5241,0.059000
speech-replay,2.7527,0.068800
speech-replay,2.7606,0.055200
speech-replay,2.7060,0.054900
speech-replay,2.4014,0.049700
speech-replay,2.4603,0.060800
speech-replay,3.0347,0.058000
speech-replay,3.6946,0.084100
speech-replay,2.6787,0.056400
speech-replay,2.4825,0.056400
speech-replay,2.4684,0.076300
speech-replay,3.3028,0.100700
speech-replay,2.8971,0.056400
speech-replay,3.3272,0.062200
speech-replay,2.9953,0.054100
speech-replay,2.9175,0.072800
speech-replay,3.4452,0.088200
speech-replay,3.0955,0.061100
speech-replay,2.8976,0.062400
speech-replay,3.1886,0.066300
speech-replay,3.0200,0.058100
speech-replay,2.8259,0.053900
speech-replay,2.6443,0.068900
speech-replay,3.1303,0.055800
speech-replay,2.3817,0.053900
speech-replay,2.2698,0.051900
speech-replay,2.3962,0.054300
speech-replay,2.4747,0.055700
speech-replay,2.8545,0.067400
speech-replay,2.6155,0.054700
speech-replay,2.5895,0.081200
speech-replay,2.3720,0.052800
speech-replay,2.4139,0.059200
speech-replay,2.4370,0.051700
speech-replay,2.6742,0.056000
speech-replay,2.5360,0.088400
speech-replay,3.0413,0.059900
speech-replay,2.6389,0.053500
speech-replay,2.9670,0.076600
speech-replay,2.7710,0.053400
speech-replay,2.4506,0.054100
speech-replay,2.7373,0.118600
speech-replay,2.8659,0.054700
speech-replay,2.6517,0.061900
speech-replay,2.6047,0.051200
speech-replay,2.5933,0.057300
speech-replay,2.6670,0.052500
speech-replay,2.4852,0.053200
speech-replay,2.8214,0.090000
speech-replay,3.1131,0.067500
speech-replay,2.3898,0.069100
speech-replay,2.6248,0.052800
speech-replay,2.2801,0.052900
speech-replay,2.5765,0.075200
speech-replay,3.6657,0.085500
speech-replay,2.6426,0.064000
speech-replay,3.4123,0.088300
speech-replay,2.8326,0.053200
speech-replay,2.4316,0.051700
speech-replay,2.7906,0.058100
speech-replay,3.0112,0.070300
speech-replay,3.3848,0.082800
speech-replay,2.7130,0.054300
speech-replay,2.4545,0.054000
speech-replay,2.5641,0.055400
speech-replay,2.8163,0.087300
speech-replay,3.2559,0.057400
speech-replay,2.7930,0.056800
speech-replay,2.6515,0.055500
speech-replay,2.7751,0.055200
speech-replay,2.6518,0.067300
speech-replay,2.9401,0.073800
speech-replay,3.7294,0.090200
speech-replay,3.8294,0.065200
speech-replay,2.7606,0.060900
speech-replay,2.9400,0.053500
speech-replay,2.4643,0.055800
speech-replay,2.7657,0.102200
speech-replay,4.3401,0.079800
speech-replay,3.0810,0.071700
speech-replay,2.9267,0.062100
speech-replay,2.8066,0.080300
speech-replay,2.9694,0.076200
speech-replay,3.8326,0.085900
speech-replay,3.0102,0.073900
speech-replay,2.8926,0.058100
speech-replay,2.8026,0.056900
speech-replay,2.8551,0.052100
speech-replay,2.5699,0.058400
speech-replay,2.8501,0.069300
speech-replay,2.7720,0.062800
speech-replay,2.5287,0.056500
speech-replay,2.7087,0.051800
speech-replay,2.2861,0.051600
speech-replay,2.5500,0.055300
speech-replay,2.4957,0.052500
speech-replay,2.4085,0.055500
speech-replay,2.9633,0.061600
speech-replay,2.6012,0.052500
speech-replay,3.2471,0.088700
speech-replay,3.5328,0.060300
speech-replay,3.1620,0.073500
speech-replay,3.0862,0.063200
speech-replay,2.5021,0.056800
speech-replay,2.7648,0.057700
speech-replay,2.5486,0.059800
speech-replay,2.8606,0.083300
speech-replay,2.6916,0.053600
speech-replay,2.4372,0.075500
speech-replay,2.7782,0.057800
speech-replay,3.1659,0.093400
speech-replay,3.4447,0.071800
speech-replay,2.8144,0.054800
speech-replay,2.5119,0.053700
speech-replay,2.3830,0.053000
speech-replay,2.6478,0.058400
speech-replay,3.0355,0.059400
speech-replay,2.7099,0.051500
speech-replay,2.5425,0.082600
speech-replay,2.6980,0.055200
speech-replay,2.3582,0.051300
speech-replay,2.8005,0.063600
speech-replay,2.9618,0.056600
speech-replay,2.4384,0.051700
speech-replay,2.7555,0.053100
speech-replay,2.6310,0.053400
speech-replay,2.7674,0.067300
speech-replay,2.8407,0.057600
speech-replay,2.4295,0.053000
speech-replay,3.5528,0.057900
speech-replay,2.8514,0.053500
speech-replay,2.4570,0.056500
speech-replay,2.6126,0.056000
speech-replay,2.6514,0.053500
speech-replay,2.7551,0.057000
speech-replay,2.7748,0.056500
speech-replay,2.5590,0.078800
speech-replay,2.5759,0.054500
speech-replay,2.5936,0.053800
speech-replay,2.4257,0.061000
speech-replay,2.5612,0.059000
speech-replay,2.7301,0.051700
speech-replay,2.5115,0.057200
speech-replay,2.4355,0.053100
speech-replay,2.4028,0.053900
speech-replay,3.0141,0.065500
speech-replay,2.5087,0.055700
speech-replay,2.4849,0.055300
speech-replay,2.4967,0.052600
speech-replay,2.2413,0.051000
speech-replay,2.6271,0.069100
speech-replay,3.1050,0.055100
speech-replay,2.4479,0.054100
speech-replay,2.8546,0.059700
speech-replay,2.5125,0.051600
speech-replay,2.5489,0.074700
speech-replay,3.1466,0.074900
speech-replay,2.6728,0.057000
speech-replay,3.0609,0.073500
speech-replay,2.5858,0.051900
speech-replay,2.6617,0.060700
speech-replay,3.0258,0.057500
speech-replay,2.9516,0.063000
speech-replay,3.1381,0.066600
speech-replay,2.6043,0.053300
speech-replay,3.3721,0.069800
speech-replay,3.0517,0.063500
speech-replay,2.7634,0.083900
speech-replay,3.0107,0.055300
speech-replay,2.3811,0.062700
speech-replay,3.0735,0.077900
speech-replay,2.6570,0.055600
speech-replay,2.6221,0.063500
speech-replay,3.2622,0.061300
speech-replay,2.7423,0.060900
speech-replay,3.3840,0.064000
speech-replay,2.6507,0.054500
speech-replay,3.1310,0.072100
speech-replay,2.9686,0.064900
speech-replay,2.8154,0.058100
speech-replay,2.9472,0.080100
speech-replay,2.5106,0.053800
speech-replay,3.0367,0.071200
speech-replay,2.5468,0.075800
speech-replay,2.8963,0.069100
speech-replay,3.0067,0.053000
speech-replay,2.4148,0.072000
speech-replay,2.8463,0.058800
speech-replay,2.6524,0.057400
speech-replay,2.4799,0.062400
speech-replay,2.8860,0.054500
speech-replay,2.3775,0.051000
speech-replay,2.8293,0.060700
speech-replay,2.7285,0.054600
speech-replay,2.4920,0.072100
speech-replay,2.8553,0.057000
speech-replay,2.5558,0.055700
speech-replay,2.6944,0.055700
speech-replay,2.8753,0.057300
speech-replay,2.4838,0.055700
speech-replay,3.4201,0.069400
speech-replay,2.8393,0.069900
speech-replay,2.9286,0.057700
speech-replay,2.7008,0.060900
speech-replay,2.5849,0.058700
speech-replay,3.1132,0.063400
speech-replay,2.7182,0.081100
speech-replay,3.0127,0.057300
speech-replay,2.3465,0.052000
speech-replay,2.4236,0.059100
speech-replay,3.1508,0.057300
speech-replay,2.5900,0.056800
speech-replay,2.9061,0.061400
speech-replay,3.0717,0.066300
speech-replay,2.5982,0.057400
speech-replay,2.9932,0.053500
speech-replay,2.5613,0.052400
speech-replay,2.8649,0.063300
speech-replay,2.5872,0.061200
speech-replay,2.3801,0.060900
speech-replay,2.5411,0.056400
speech-replay,2.5980,0.051500
speech-replay,2.8738,0.065100
speech-replay,2.9840,0.056000
speech-replay,2.5524,0.191800
speech-replay,3.3320,0.081300
speech-replay,2.7050,0.050400
speech-replay,2.8198,0.105800
speech-replay,2.9326,0.054900
speech-replay,2.3658,0.054000
speech-replay,2.7478,0.063800
speech-replay,2.4586,0.055700
speech-replay,2.6958,0.093600
speech-replay,3.2004,0.073600
speech-replay,2.8033,0.089200
speech-replay,3.4546,0.093600
speech-replay,2.7478,0.056000
speech-replay,2.7896,0.060300
speech-replay,2.8092,0.056700
speech-replay,2.7154,0.059500
speech-replay,2.6799,0.055600
speech-replay,2.4125,0.051000
speech-replay,2.8398,0.064100
speech-replay,3.0986,0.055600
speech-replay,2.9080,0.066700
speech-replay,3.1691,0.055400
speech-replay,2.6790,0.053300
speech-replay,2.7706,0.060200
speech-replay,2.6389,0.055300
speech-replay,2.8423,0.093300
speech-replay,3.0696,0.058600
speech-replay,2.5263,0.051400
speech-replay,2.4029,0.057700
speech-replay,2.5342,0.053900
speech-replay,2.3860,0.051100
speech-replay,2.5503,0.061100
speech-replay,2.7265,0.053400
speech-replay,2.8862,0.084300
speech-replay,2.9909,0.057600
speech-replay,2.5898,0.064300
speech-replay,3.2216,0.094500
speech-replay,3.4321,0.058900
speech-replay,3.0123,0.064000
speech-replay,2.5788,0.055000
speech-replay,2.3956,0.055000
speech-replay,2.9224,0.061300
speech-replay,2.4597,0.062500
speech-replay,3.0609,0.064300
speech-replay,2.6523,0.054800
speech-replay,2.5281,0.071500
speech-replay,2.9224,0.061300
speech-replay,3.0564,0.052600
speech-replay,2.8298,0.070800
speech-replay,2.8373,0.053200
speech-replay,2.5582,0.056200
speech-replay,2.9781,0.056400
speech-replay,2.4866,0.053000
speech-replay,2.5898,0.066300
speech-replay,3.1909,0.056700
speech-replay,2.6112,0.055300
speech-replay,2.6485,0.055900
speech-replay,2.4563,0.051000
speech-replay,2.4617,0.110100
speech-replay,2.9245,0.054800
speech-replay,2.4311,0.049700
speech-replay,2.8460,0.066900
speech-replay,2.8305,0.052900
speech-replay,2.8832,0.071900
speech-replay,2.6826,0.053400
speech-replay,2.7575,0.132800
speech-replay,3.0413,0.066500
speech-replay,2.6924,0.055300
speech-replay,2.6129,0.088700
speech-replay,2.8503,0.052600
speech-replay,2.2457,0.050600
speech-replay,2.5709,0.057400
speech-replay,2.8474,0.057200
speech-replay,2.6099,0.082000
speech-replay,3.3933,0.065100
speech-replay,2.5748,0.053200
speech-replay,2.9042,0.085100
speech-replay,2.6441,0.053800
speech-replay,2.3627,0.053800
speech-replay,2.8161,0.059500
speech-replay,2.6483,0.053600
speech-replay,2.9320,0.072900
speech-replay,2.7345,0.056600
speech-replay,3.0374,0.084400
speech-replay,3.1939,0.062300
speech-replay,2.5823,0.051100
speech-replay,2.9660,0.098200
speech-replay,2.9233,0.051900
speech-replay,3.0418,0.065700
speech-replay,2.6097,0.057200
speech-replay,2.4089,0.049800
speech-replay,2.6659,0.075200
speech-replay,2.6422,0.056400
speech-replay,2.8340,0.072700
speech-replay,4.1578,0.071800
speech-replay,3.2452,0.065800
speech-replay,3.5020,0.072900
speech-replay,3.0170,0.062700
speech-replay,3.3797,0.060800
speech-replay,2.6022,0.053800
speech-replay,2.8468,0.059000
speech-replay,2.7347,0.061100
speech-replay,2.6504,0.079800
speech-replay,2.9345,0.072400
speech-replay,2.6676,0.084100
speech-replay,3.1970,0.064200
speech-replay,2.6331,0.055700
speech-replay,2.6679,0.070600
speech-replay,3.1686,0.060800
speech-replay,2.6978,0.078900
speech-replay,2.9918,0.058000
speech-replay,2.7633,0.053800
speech-replay,2.9513,0.060200
speech-replay,2.7418,0.057600
speech-replay,2.6770,0.066600
speech-replay,2.9655,0.055600
speech-replay,2.5414,0.064600
speech-replay,2.6906,0.060500
speech-replay,3.1229,0.057900
speech-replay,2.8858,0.063400
speech-replay,3.4049,0.078100
speech-replay,2.8807,0.069300
speech-replay,3.0622,0.063000
speech-replay,2.7601,0.058900
speech-replay,2.5468,0.060600
speech-replay,3.9170,0.061400
speech-replay,3.0358,0.081200
speech-replay,2.8963,0.057600
speech-replay,2.7124,0.132000
speech-replay,3.6500,0.062000
speech-replay,2.7305,0.054400
speech-replay,2.7754,0.065700
speech-replay,2.5705,0.054200
speech-replay,2.6739,0.059100
speech-replay,2.6355,0.057000
speech-replay,2.5598,0.054500
speech-replay,2.3889,0.060700
speech-replay,2.6430,0.054800
speech-replay,2.4659,0.050500
speech-replay,2.9402,0.060400
speech-replay,3.1594,0.056200
speech-replay,2.8253,0.069300
speech-replay,2.9530,0.066200
speech-replay,2.3737,0.072700
speech-replay,2.7280,0.055700
speech-replay,2.4887,0.074800
speech-replay,2.5608,0.056200
speech-replay,2.9277,0.059500
speech-replay,2.3644,0.051100
speech-replay,3.2458,0.118400
speech-replay,4.4084,0.111000
speech-replay,4.7788,0.093900
speech-replay,3.6145,0.073700
speech-replay,3.3988,0.065500
speech-replay,2.6449,0.060500
speech-replay,3.0976,0.060000
speech-replay,3.0913,0.060300
speech-replay,2.9246,0.069200
speech-replay,2.8560,0.057400
speech-replay,2.6971,0.064200
speech-replay,2.8654,0.056100
speech-replay,2.5608,0.075800
speech-replay,2.8536,0.062000
speech-replay,2.6224,0.060500
speech-replay,2.6974,0.056700
speech-replay,2.6788,0.087900
speech-replay,2.5649,0.077300
speech-replay,2.9993,0.080400
speech-replay,2.5676,0.054400
speech-replay,2.4728,0.082100
speech-replay,2.8658,0.063400
speech-replay,2.6666,0.057100
speech-replay,2.9630,0.073900
speech-replay,2.9129,0.057600
speech-replay,2.5396,0.055900
speech-replay,2.7895,0.056800
speech-replay,2.8485,0.057100
speech-replay,3.0648,0.080000
speech-replay,3.1326,0.061100
speech-replay,2.4547,0.058900
speech-replay,2.9500,0.063700
speech-replay,2.5121,0.055000
speech-replay,2.7023,0.122500
speech-replay,3.1973,0.077500
speech-replay,3.0762,0.061600
speech-replay,2.8789,0.055200
speech-replay,2.6847,0.058500
speech-replay,3.1562,0.083000
speech-replay,2.8832,0.054000
speech-replay,3.2267,0.085300
speech-replay,2.8173,0.061800
speech-replay,2.6572,0.076700
speech-replay,2.8614,0.057900
speech-replay,2.5052,0.053400
speech-replay,3.3768,0.106300
speech-replay,3.3059,0.057400
speech-replay,3.0268,0.511900
speech-replay,24.4944,0.069900
speech-replay,3.2835,0.093900
speech-replay,3.4287,0.062200
speech-replay,2.9451,0.072900
speech-replay,3.0211,0.061800
speech-replay,3.0131,0.061000
speech-replay,3.6496,0.085100
speech-replay,3.5734,0.069300
speech-replay,3.5954,0.062600
speech-replay,2.8468,0.094400
speech-replay,3.3168,0.065500
speech-replay,2.8166,0.054800
speech-replay,2.7181,0.068400
speech-replay,3.0388,0.055200
speech-replay,2.3038,0.072400
speech-replay,3.1266,0.062000
speech-replay,3.0224,0.082100
speech-replay,3.2256,0.070200
speech-replay,3.0537,0.079500
speech-replay,3.1103,0.093600
speech-replay,3.0846,0.082700
speech-replay,2.8395,0.120000
speech-replay,3.4529,0.058500
speech-replay,2.9333,0.059300
speech-replay,3.0888,0.057800
speech-replay,3.2262,0.085000
speech-replay,3.3824,0.068300
speech-replay,3.1863,0.061700
speech-replay,4.3557,0.120200
speech-replay,4.9317,0.132000
speech-replay,4.1057,0.078100
speech-replay,4.4359,0.127100
speech-replay,3.6894,0.136900
speech-replay,4.3517,0.084100
speech-replay,3.7026,0.111500
speech-replay,3.7571,0.067600
speech-replay,3.5928,0.091600
speech-replay,3.3163,0.062300
speech-replay,3.6310,0.115400
speech-replay,3.6259,0.066300
speech-replay,2.9845,0.067900
speech-replay,3.6598,0.084400
speech-replay,3.8512,0.128800
speech-replay,4.1597,0.099300
speech-replay,3.9504,0.091800
speech-replay,3.3627,0.060200
speech-replay,3.0454,0.062500
speech-replay,2.9262,0.059400
speech-replay,2.8411,0.080300
speech-replay,3.1987,0.057800
speech-replay,2.8246,0.087900
speech-replay,3.0274,0.066000
speech-replay,2.6574,0.054600
speech-replay,2.9821,0.067200
speech-replay,3.0861,0.056600
speech-replay,2.6762,0.070200
speech-replay,3.3459,0.066300
speech-replay,3.0952,0.084800
speech-replay,3.3958,0.063600
speech-replay,2.7469,0.069200
speech-replay,3.7301,0.093700
speech-replay,3.2299,0.059200
speech-replay,3.5177,0.064500
speech-replay,2.7366,0.057700
speech-replay,2.7759,0.069000
speech-replay,2.8634,0.080900
speech-replay,3.1523,0.085500
speech-replay,3.4974,0.069000
speech-replay,2.9771,0.069200
speech-replay,3.3491,0.084300
speech-replay,2.8410,0.064500
speech-replay,3.0939,0.125000
speech-replay,3.0340,0.060100
speech-replay,3.5963,0.065700
speech-replay,3.2979,0.062200
speech-replay,3.1663,0.088100
speech-replay,3.1893,0.070600
speech-replay,2.9763,0.072000
speech-replay,3.3392,0.067300
speech-replay,3.4284,0.073000
speech-replay,3.7493,0.106900
speech-replay,3.3524,0.091500
speech-replay,3.7292,0.066600
speech-replay,2.7395,0.087500
speech-replay,3.3840,0.066400
speech-replay,3.5679,0.076100
speech-replay,3.8621,0.076800
speech-replay,3.2253,0.100800
speech-replay,3.3672,0.072800
speech-replay,2.9273,0.071000
speech-replay,3.5451,0.067200
speech-replay,2.9782,0.063300
speech-replay,3.0755,0.076400
speech-replay,3.3517,0.066200
speech-replay,3.6864,0.072200
speech-replay,2.8522,0.059500
speech-replay,2.8448,0.060200
speech-replay,3.0821,0.070100
speech-replay,2.9956,0.060500
speech-replay,3.0471,0.089700
speech-replay,2.9891,0.073100
speech-replay,3.1159,0.065800
speech-replay,2.8268,0.055200
speech-replay,2.6753,0.063300
speech-replay,3.0052,0.060500
speech-replay,2.5856,0.061600
speech-replay,2.9270,0.064600
speech-replay,2.8183,0.126300
speech-replay,2.8768,0.064800
speech-replay,2.5345,0.056000
speech-replay,2.5192,0.073600
speech-replay,3.3030,0.066300
speech-replay,2.7630,0.073900
speech-replay,2.5972,0.062000
speech-replay,2.7645,0.055100
speech-replay,2.6414,0.084400
speech-replay,3.3974,0.113200
speech-replay,2.7555,0.058700
speech-replay,2.6986,0.066200
speech-replay,2.8398,0.059100
speech-replay,2.6855,0.060800
speech-replay,2.8195,0.059000
speech-replay,2.7818,0.055900
speech-replay,2.5335,0.066400
speech-replay,2.7944,0.064600
speech-replay,2.3466,0.054100
speech-replay,2.7009,0.067000
speech-replay,2.6347,0.141800
speech-replay,2.8066,0.061000
speech-replay,2.9103,0.057000
speech-replay,2.5118,0.053700
speech-replay,2.6891,0.059000
speech-replay,2.6637,0.055500
speech-replay,3.1465,0.095900
speech-replay,3.3353,0.059900
speech-replay,2.4397,0.082000
speech-replay,2.9986,0.066600
speech-replay,2.5659,0.052700
speech-replay,2.6992,0.060900
speech-replay,3.1739,0.057100
speech-replay,2.5824,0.058100
speech-replay,2.9981,0.060000
speech-replay,2.6949,0.053100
speech-replay,2.9110,0.075600
speech-replay,3.1192,0.056600
speech-replay,2.5096,0.057800
speech-replay,2.8990,0.068200
speech-replay,2.7075,0.053100
speech-replay,2.6426,0.062900
speech-replay,3.0219,0.056900
speech-replay,3.1141,0.091100
speech-replay,3.5531,0.057700
speech-replay,2.6399,0.077700
speech-replay,3.0795,0.063800
speech-replay,2.7031,0.083000
speech-replay,3.0755,0.068000
speech-replay,2.8271,0.061600
speech-replay,2.8636,0.067000
speech-replay,2.8814,0.081200
speech-replay,2.5845,0.050900
speech-replay,2.9611,0.088900
speech-replay,2.9289,0.059700
speech-replay,2.8406,0.073900
speech-replay,3.1584,0.055500
speech-replay,2.3955,0.054200
speech-replay,2.8543,0.100600
speech-replay,3.1159,0.056300
speech-replay,2.9138,0.060700
speech-replay,3.0710,0.058800
speech-replay,2.5656,0.079400
speech-replay,3.0738,0.082900
speech-replay,3.0371,0.063000
speech-replay,2.9401,0.065500
speech-replay,2.5968,0.056400
speech-replay,2.6863,0.062500
speech-replay,2.9311,0.054700
speech-replay,2.7985,0.053600
speech-replay,3.0624,0.069200
speech-replay,3.0814,0.096200
speech-replay,2.7890,0.058800
speech-replay,2.4188,0.053100
speech-replay,2.2084,0.079300
speech-replay,3.1987,0.101000
speech-replay,3.1565,0.058000
speech-replay,2.8604,0.101700
speech-replay,4.5721,0.058800
speech-replay,2.8265,0.061600
speech-replay,2.9207,0.071400
speech-replay,3.1248,0.071400
speech-replay,3.0238,0.056500
speech-replay,2.3017,0.050500
speech-replay,2.9452,0.072300
speech-replay,2.9214,0.052800
speech-replay,2.6872,0.055100
speech-replay,2.7422,0.057900
speech-replay,3.2155,0.082300
speech-replay,2.9941,0.058800
speech-replay,2.6037,0.060300
speech-replay,2.9819,0.087300
speech-replay,3.5165,0.057300
speech-replay,2.4550,0.053800
speech-replay,2.6888,0.079300
speech-replay,2.4397,0.054000
speech-replay,2.3749,0.056900
speech-replay,2.4660,0.053300
speech-replay,2.4844,0.057800
speech-replay,2.9181,0.087900
speech-replay,3.2228,0.061700
speech-replay,2.7645,0.056600
speech-replay,2.5016,0.053700
speech-replay,2.6005,0.053300
speech-replay,3.0246,0.060500
speech-replay,2.8001,0.100800
speech-replay,3.2563,0.063700
speech-replay,2.6907,0.056600
speech-replay,2.3694,0.050800
speech-replay,3.0244,0.101600
speech-replay,2.7258,0.077800
speech-replay,2.5464,0.077100
speech-replay,3.1011,0.057300
speech-replay,2.5750,0.097400
speech-replay,3.2441,0.066700
speech-replay,2.6514,0.055300
speech-replay,2.6793,0.054900
speech-replay,2.8697,0.053300
speech-replay,2.5377,0.059700
speech-replay,3.0855,0.081000
speech-replay,3.4353,0.064600
speech-replay,2.8307,0.058000
speech-replay,2.4064,0.054400
speech-replay,2.2293,0.064900
speech-replay,2.6984,0.055000
speech-replay,2.5615,0.054000
speech-replay,2.4496,0.057500
speech-replay,3.2523,0.064100
speech-replay,2.5929,0.056600
speech-replay,2.5825,0.059100
speech-replay,2.3746,0.054300
speech-replay,2.3960,0.085600
speech-replay,3.1539,0.065200
speech-replay,2.4668,0.052300
speech-replay,2.5377,0.078700
speech-replay,2.8577,0.064700
speech-replay,2.4464,0.055300
speech-replay,3.0168,0.059600
speech-replay,2.5059,0.055100
speech-replay,2.3268,0.054100
speech-replay,2.7702,0.065300
speech-replay,2.7024,0.054800
speech-replay,2.4921,0.052800
speech-replay,2.6871,0.053200
speech-replay,2.5406,0.078500
speech-replay,2.9154,0.056400
speech-replay,2.6894,0.071900
speech-replay,3.0110,0.057800
speech-replay,2.5680,0.051800
speech-replay,2.3082,0.050400
speech-replay,2.6288,0.060700
speech-replay,2.9428,0.056400
speech-replay,2.5891,0.057800
speech-replay,3.8467,0.058600
speech-replay,3.1696,0.064000
speech-replay,3.5258,0.066200
speech-replay,2.6242,0.057600
speech-replay,3.0981,0.079900
speech-replay,2.9898,0.054600
speech-replay,2.6115,0.055400
speech-replay,2.7456,0.096000
speech-replay,2.8595,0.059000
speech-replay,2.5808,0.053800
speech-replay,2.6131,0.050900
speech-replay,2.5806,0.084900
speech-replay,2.8289,0.056700
speech-replay,2.6758,0.055600
speech-replay,2.8935,0.056700
speech-replay,2.4583,0.052600
speech-replay,2.3436,0.051000
speech-replay,2.4024,0.051100
speech-replay,2.7215,0.066600
speech-replay,3.0022,0.090200
speech-replay,3.1471,0.061300
speech-replay,3.3402,0.092300
speech-replay,2.6762,0.055700
speech-replay,2.4084,0.052900
speech-replay,2.4441,0.059600
speech-replay,2.4357,0.053500
speech-replay,2.5061,0.053300
speech-replay,3.0016,0.060500
speech-replay,2.5362,0.054000
speech-replay,2.4332,0.083500
speech-replay,3.0879,0.060500
speech-replay,2.4768,0.080400
speech-replay,2.3948,0.055600
speech-replay,2.6586,0.052100
speech-replay,2.7195,0.059100
speech-replay,2.6789,0.055000
speech-replay,2.4938,0.064200
speech-replay,2.7181,0.060400
speech-replay,2.5828,0.052700
speech-replay,2.3568,0.048300
speech-replay,2.3006,0.061400
speech-replay,2.8676,0.105000
speech-replay,3.2621,0.107200
speech-replay,3.1302,0.065500
speech-replay,3.0327,0.068100
speech-replay,4.7150,0.067400
speech-replay,4.1983,0.075300
speech-replay,3.5429,0.069400
speech-replay,3.1806,0.090400
speech-replay,3.3409,0.086700
speech-replay,3.4140,0.067600
speech-replay,2.8169,0.070000
speech-replay,2.7301,0.075100
speech-replay,3.7421,0.081400
speech-replay,2.6638,0.057300
speech-replay,3.6965,0.118400
speech-replay,5.1319,0.098700
speech-replay,4.3352,0.071700
speech-replay,4.5096,0.104700
speech-replay,3.7801,0.119200
speech-replay,3.8308,0.069600
speech-replay,2.8805,0.070100
speech-replay,3.3641,0.089500
speech-replay,3.5025,0.126100
speech-replay,3.4752,0.065300
speech-replay,2.8117,0.064000
speech-replay,4.2610,0.079200
speech-replay,3.0112,0.062900
speech-replay,3.5406,0.078100
speech-replay,3.1677,0.067100
speech-replay,3.3887,0.070100
speech-replay,2.9273,0.062300
speech-replay,3.2356,0.110900
speech-replay,5.1948,0.107800
speech-replay,3.9145,0.102700
speech-replay,3.4765,0.069600
speech-replay,3.6755,0.061900
speech-replay,3.8558,0.075000
speech-replay,4.1327,0.106500
speech-replay,3.9946,0.067400
speech-replay,3.8707,0.125200
speech-replay,5.0195,0.105200
speech-replay,4.1468,0.079900
speech-replay,3.7226,0.070600
speech-replay,3.6031,0.090600
speech-replay,4.7093,0.082300
speech-replay,4.1396,0.069200
speech-replay,3.0269,0.084000
speech-replay,3.8971,0.141400
speech-replay,5.1311,0.106000
speech-replay,3.6521,0.077000
speech-replay,3.5682,0.159000
speech-replay,3.7941,0.064700
speech-replay,3.4485,0.070200
speech-replay,3.0057,0.064200
speech-replay,2.9431,0.063400
speech-replay,3.1934,0.082700
speech-replay,3.4014,0.069300
speech-replay,4.1043,0.079700
speech-replay,3.5406,0.081400
speech-replay,2.9925,0.066400
speech-replay,3.1399,0.092200
speech-replay,3.8183,0.065100
speech-replay,2.9706,0.078600
speech-replay,2.8667,0.060200
speech-replay,3.0528,0.095200
speech-replay,3.9545,0.083500
speech-replay,2.7793,0.056500
speech-replay,3.3260,0.066200
speech-replay,2.8191,0.057300
speech-replay,2.8351,0.062200
speech-replay,2.7370,0.063400
speech-replay,2.9729,0.080500
speech-replay,3.1146,0.069000
speech-replay,2.9877,0.088700
speech-replay,3.1327,0.057800
speech-replay,2.7099,0.058900
speech-replay,2.8277,0.075600
speech-replay,2.9559,0.061600
speech-replay,2.6908,0.057800
speech-replay,3.1969,0.069900
speech-replay,2.9066,0.061200
speech-replay,3.3032,0.064500
speech-replay,2.7772,0.063000
speech-replay,2.7433,0.086800
speech-replay,3.0885,0.066000
speech-replay,2.8724,0.063900
speech-replay,3.6275,0.225600
speech-replay,4.2479,0.092000
speech-replay,3.5434,0.084200
speech-replay,3.7092,0.066900
speech-replay,3.0799,0.066400
speech-replay,3.4348,0.080100
speech-replay,3.1918,0.095300
speech-replay,4.6010,0.118400
speech-replay,5.1156,0.118600
speech-replay,6.4130,0.087600
speech-replay,5.5066,0.139400
speech-replay,5.9385,0.136400
speech-replay,5.9225,0.126900
speech-replay,6.3535,0.149800
speech-replay,5.3101,0.134900
speech-replay,4.3665,0.079500
speech-replay,4.5140,0.082500
speech-replay,4.3083,0.096500
speech-replay,5.1418,0.173200
speech-replay,5.1101,0.084800
speech-replay,4.7378,0.140700
speech-replay,4.4871,0.087900
speech-replay,4.9774,0.097200
speech-replay,4.1546,0.106200
speech-replay,4.2461,0.143800
speech-replay,4.6512,0.105000
speech-replay,3.6800,0.089400
speech-replay,4.1665,0.097800
speech-replay,4.1027,0.110000
speech-replay,4.1237,0.106000
speech-replay,3.8033,0.117800
speech-replay,3.6138,0.079400
speech-replay,3.7481,0.105000
speech-replay,3.3793,0.069700
speech-replay,3.7846,0.135600
speech-replay,4.3260,0.137600
speech-replay,4.8548,0.128800
speech-replay,5.2705,0.095700
speech-replay,5.5229,0.149700
speech-replay,5.8964,0.149200
speech-replay,5.4775,0.120500
speech-replay,5.5156,0.095900
speech-replay,4.4828,0.088600
speech-replay,3.4442,0.067900
speech-replay,4.1723,0.075200
speech-replay,3.7124,0.094300
speech-replay,3.6427,0.078900
speech-replay,4.1176,0.116500
speech-replay,4.2648,0.078500
speech-replay,4.1719,0.087700
speech-replay,3.9860,0.095700
speech-replay,3.5136,0.070500
speech-replay,3.5040,0.066200
speech-replay,3.3557,0.068900
speech-replay,3.2693,0.074000
speech-replay,3.8332,0.071600
speech-replay,3.3089,0.093400
speech-replay,3.1721,0.071200
speech-replay,2.9183,0.062500
speech-replay,3.2942,0.099000
speech-replay,3.8439,0.080100
speech-replay,3.6106,0.095200
speech-replay,3.4219,0.087600
speech-replay,2.7770,0.062900
speech-replay,2.5855,0.056900
speech-replay,2.8082,0.059100
speech-replay,3.5217,0.067000
speech-replay,2.8198,0.057200
speech-replay,2.8976,0.057200
speech-replay,2.7238,0.084700
speech-replay,2.9137,0.062500
speech-replay,4.0411,0.076600
speech-replay,3.1997,0.079500
speech-replay,3.6136,0.226100
speech-replay,3.8568,0.069400
speech-replay,3.3752,0.065800
speech-replay,3.2739,0.074700
speech-replay,3.1934,0.071000
speech-replay,3.1575,0.060700
speech-replay,2.9288,0.055100
speech-replay,2.5839,0.052900
speech-replay,2.7593,0.056600
speech-replay,2.5044,0.053700
speech-replay,2.5003,0.054000
speech-replay,2.7287,0.063200
speech-replay,2.6842,0.054700
speech-replay,2.6135,0.057700
speech-replay,3.3314,0.070200
speech-replay,2.7207,0.082700
speech-replay,3.0641,0.057900
speech-replay,3.0763,0.053800
speech-replay,3.0068,0.063500
speech-replay,2.9070,0.063500
speech-replay,3.2072,0.075400
speech-replay,3.1640,0.067500
speech-replay,2.9550,0.116100
speech-replay,3.3693,0.078900
speech-replay,2.4287,0.051800
speech-replay,2.6758,0.054700
speech-replay,2.6092,0.055000
speech-replay,2.4641,0.063700
speech-replay,2.5316,0.055900
speech-replay,2.3653,0.054100
speech-replay,2.4180,0.065500
speech-replay,2.8453,0.064200
speech-replay,2.9943,0.061400
speech-replay,2.6194,0.060000
speech-replay,2.5742,0.054400
speech-replay,2.3141,0.051700
speech-replay,2.7861,0.068400
speech-replay,2.6164,0.053800
speech-replay,2.4581,0.081900
speech-replay,2.9086,0.057100
speech-replay,2.5409,0.054400
speech-replay,2.5250,0.055200
speech-replay,2.5078,0.052000
speech-replay,2.9679,0.077600
speech-replay,2.7661,0.065800
speech-replay,2.7201,0.056700
speech-replay,2.6616,0.056400
speech-replay,3.0178,0.058900
speech-replay,2.9888,0.058700
speech-replay,2.4655,0.053400
speech-replay,2.3766,0.050600
speech-replay,2.9606,0.068100
speech-replay,2.8752,0.065400
speech-replay,2.7022,0.062400
speech-replay,2.8462,0.062900
speech-replay,2.4512,0.052300
speech-replay,2.6684,0.054300
speech-replay,2.5264,0.062000
speech-replay,2.8081,0.112500
speech-replay,3.2967,0.056900
speech-replay,2.5828,0.053400
speech-replay,2.2222,0.056200
speech-replay,2.2897,0.054300
speech-replay,2.2822,0.056200
speech-replay,2.5018,0.058500
speech-replay,3.3079,0.119800
speech-replay,2.9262,0.061800
speech-replay,3.0174,0.057500
speech-replay,2.3194,0.055300
speech-replay,2.3244,0.078800
speech-replay,2.9631,0.064300
speech-replay,2.5663,0.054900
speech-replay,3.0924,0.066500
speech-replay,2.7790,0.059100
speech-replay,2.7953,0.062300
speech-replay,2.6819,0.071300
speech-replay,2.7557,0.051700
speech-replay,3.1851,0.061900
speech-replay,2.8532,0.058700
speech-replay,2.9279,0.061100
speech-replay,2.8973,0.059800
speech-replay,3.1210,0.060500
speech-replay,2.6845,0.057500
speech-replay,2.4189,0.056000
speech-replay,3.1182,0.064000
speech-replay,2.5699,0.055600
speech-replay,2.6884,0.078100
speech-replay,3.0306,0.059500
speech-replay,2.7955,0.053000
speech-replay,2.5644,0.056200
speech-replay,2.9314,0.059200
speech-replay,2.7576,0.065000
speech-replay,3.0306,0.056000
speech-replay,2.2945,0.051500
speech-replay,3.0112,0.068600
speech-replay,2.7988,0.075500
speech-replay,3.0197,0.064500
speech-replay,2.7470,0.060100
speech-replay,2.5773,0.083400
speech-replay,3.2257,0.067100
speech-replay,2.7895,0.057600
speech-replay,3.1403,0.076000
speech-replay,3.1742,0.056500
speech-replay,2.6505,0.088100
speech-replay,3.2651,0.065700
speech-replay,2.7587,0.057300
speech-replay,2.7807,0.058400
speech-replay,2.7676,0.059100
speech-replay,2.5001,0.060500
speech-replay,2.8677,0.057400
speech-replay,2.6243,0.052800
speech-replay,2.8831,0.060900
speech-replay,2.6584,0.067600
speech-replay,3.1354,0.083200
speech-replay,2.7290,0.056800
speech-replay,2.6386,0.072400
speech-replay,3.7861,0.072300
speech-replay,2.6995,0.060900
speech-replay,3.0144,0.146100
speech-replay,3.3184,0.063500
speech-replay,2.8032,0.243600
speech-replay,2.8463,0.053100
speech-replay,2.4462,0.051200
speech-replay,2.8789,0.059800
speech-replay,2.5216,0.059300
speech-replay,2.5143,0.056700
speech-replay,2.6686,0.064300
speech-replay,2.6484,0.057400
speech-replay,2.7082,0.058300
speech-replay,2.7782,0.056400
speech-replay,2.4658,0.052400
speech-replay,3.2666,0.059200
speech-replay,2.6751,0.061600
speech-replay,2.6516,0.065800
speech-replay,2.8303,0.055200
speech-replay,2.3680,0.075500
speech-replay,2.8561,0.063200
speech-replay,2.6917,0.054700
speech-replay,3.0492,0.072500
speech-replay,2.7997,0.079000
speech-replay,2.6324,0.051900
speech-replay,2.8068,0.061000
speech-replay,2.5039,0.053000
speech-replay,3.0568,0.063300
speech-replay,2.9095,0.054900
speech-replay,2.4443,0.050900
speech-replay,2.6785,0.058400
speech-replay,2.5716,0.055500
speech-replay,2.4150,0.076200
speech-replay,2.9916,0.058800
speech-replay,2.9936,0.066000
speech-replay,2.8731,0.138800
speech-replay,3.4292,0.282400
speech-replay,2.7040,0.058800
speech-replay,2.5259,0.053800
speech-replay,2.9851,0.070800
speech-replay,3.2632,0.067000
speech-replay,2.8684,0.079200
speech-replay,2.9490,0.058900
speech-replay,2.7394,0.055000
speech-replay,2.8629,0.064600
speech-replay,2.8750,0.056400
speech-replay,2.5767,0.054300
speech-replay,2.8225,0.117500
speech-replay,3.3346,0.061600
speech-replay,3.2929,0.064400
speech-replay,2.8658,0.059600
speech-replay,2.5262,0.061900
speech-replay,3.0197,0.059000
speech-replay,2.4357,0.061300
speech-replay,2.6687,0.054900
speech-replay,2.7516,0.053900
speech-replay,2.3756,0.050700
speech-replay,2.9213,0.068200
speech-replay,2.6343,0.050900
speech-replay,2.3338,0.071200
speech-replay,2.6763,0.137200
speech-replay,3.5390,0.067700
speech-replay,2.7491,0.058500
speech-replay,2.7214,0.056100
speech-replay,2.7689,0.059400
speech-replay,3.1953,0.056200
speech-replay,2.9739,0.087500
speech-replay,3.7461,0.072700
speech-replay,3.1672,0.070000
speech-replay,2.6542,0.056200
speech-replay,2.3676,0.054200
speech-replay,2.6874,0.062100
speech-replay,2.9595,0.072300
speech-replay,2.4250,0.054200
speech-replay,2.5950,0.053800
speech-replay,2.4031,0.084300
speech-replay,2.7180,0.080100
speech-replay,3.5856,0.082500
speech-replay,4.1128,0.084000
speech-replay,3.3700,0.066200
speech-replay,2.8157,0.063100
speech-replay,2.6516,0.078400
speech-replay,3.2014,0.093200
speech-replay,3.2995,0.084000
speech-replay,3.7101,0.058900
speech-replay,2.7665,0.065800
speech-replay,2.7974,0.055600
speech-replay,3.0906,0.074000
speech-replay,2.9823,0.077500
speech-replay,2.7773,0.053400
speech-replay,2.6749,0.055100
speech-replay,2.6226,0.053500
speech-replay,2.4806,0.086100
speech-replay,2.8640,0.069600
speech-replay,3.0522,0.114800
speech-replay,3.9079,0.080900
speech-replay,3.1244,0.059200
speech-replay,2.8459,0.061100
speech-replay,2.7320,0.058500
speech-replay,3.0884,0.161500
speech-replay,2.9355,0.063400
speech-replay,3.3012,0.068300
speech-replay,2.6145,0.070600
speech-replay,2.5884,0.054200
speech-replay,2.7405,0.058600
speech-replay,2.6381,0.057400
speech-replay,3.4600,0.115300
speech-replay,2.9172,0.062200
speech-replay,3.5136,0.069000
speech-replay,2.6918,0.057600
speech-replay,2.3351,0.050300
speech-replay,3.3393,0.061100
speech-replay,3.0394,0.061900
speech-replay,2.8876,0.056800
speech-replay,2.4968,0.052200
speech-replay,2.4393,0.053500
speech-replay,2.5715,0.054700
speech-replay,2.5524,0.051800
speech-replay,2.4049,0.052500
speech-replay,2.9991,0.064400
speech-replay,2.8501,0.059100
speech-replay,2.5091,0.058400
speech-replay,3.2630,0.061000
speech-replay,2.4461,0.052100
speech-replay,2.7715,0.065800
speech-replay,2.7597,0.054800
speech-replay,3.0071,0.067600
speech-replay,2.9171,0.053600
speech-replay,2.2836,0.050300
speech-replay,2.7511,0.065900
speech-replay,2.7092,0.057600
speech-replay,2.5440,0.056600
speech-replay,2.7898,0.055500
speech-replay,2.6673,0.065900
speech-replay,2.6863,0.058400
speech-replay,2.9569,0.070300
speech-replay,2.4979,0.112400
speech-replay,2.8900,0.065600
speech-replay,2.7079,0.056800
speech-replay,2.6782,0.082100
speech-replay,2.7375,0.054200
speech-replay,2.4146,0.051400
speech-replay,2.8985,0.062100
speech-replay,2.5042,0.057800
speech-replay,2.4291,0.099600
speech-replay,2.9961,0.055100
speech-replay,2.5296,0.051700
speech-replay,2.6112,0.058700
speech-replay,3.2252,0.061000
speech-replay,2.5794,0.090200
speech-replay,2.6859,0.060500
speech-replay,2.5951,0.054400
speech-replay,3.0271,0.064900
speech-replay,3.0376,0.058000
speech-replay,2.4285,0.055800
speech-replay,2.8592,0.072200
speech-replay,2.6305,0.053600
speech-replay,3.3601,0.067600
speech-replay,2.8544,0.058900
speech-replay,3.2511,0.068000
speech-replay,2.9008,0.061200
speech-replay,2.4019,0.052100
speech-replay,2.9112,0.063000
speech-replay,2.6274,0.055800
speech-replay,2.8652,0.065800
speech-replay,3.2113,0.054900
speech-replay,2.5325,0.056200
speech-replay,2.6282,0.057000
speech-replay,2.3254,0.051500
speech-replay,2.2222,0.050600
speech-replay,3.1749,0.115900
speech-replay,2.7790,0.058800
speech-replay,2.5171,0.058700
speech-replay,2.5726,0.057700
speech-replay,2.8196,0.053700
speech-replay,3.0345,0.062400
speech-replay,2.5220,0.057100
speech-replay,3.1888,0.091100
speech-replay,2.9673,0.062600
speech-replay,2.8178,0.060600
speech-replay,2.5729,0.085700
speech-replay,3.0578,0.062100
speech-replay,3.5824,0.070500
speech-replay,3.6638,0.126900
speech-replay,4.4931,0.091400
speech-replay,4.2987,0.104300
speech-replay,4.5962,0.095000
speech-replay,4.8819,0.145600
speech-replay,5.4827,0.113100
speech-replay,3.8983,0.100200
speech-replay,4.1524,0.078200
speech-replay,4.5119,0.113200
speech-replay,4.4568,0.100400
speech-replay,3.6122,0.076700
speech-replay,3.4114,0.093400
speech-replay,3.6743,0.112700
speech-replay,3.4424,0.087400
speech-replay,3.9542,0.084000
speech-replay,3.1759,0.103200
speech-replay,3.7218,0.077200
speech-replay,3.8935,0.070200
speech-replay,3.8153,0.089600
speech-replay,3.0441,0.065500
speech-replay,3.7223,0.090300
speech-replay,3.1975,0.085200
speech-replay,3.8949,0.068600
speech-replay,3.1892,0.116300
speech-replay,3.2886,0.061700
speech-replay,3.0947,0.083200
speech-replay,3.6943,0.098200
speech-replay,4.4818,0.113100
speech-replay,3.5043,0.065200
speech-replay,3.4581,0.066000
speech-replay,3.1644,0.104900
speech-replay,4.2635,0.109600
speech-replay,3.6497,0.095900
speech-replay,3.1415,0.062200
speech-replay,3.1185,0.094200
speech-replay,3.3518,0.221300
speech-replay,3.1216,0.058900
speech-replay,3.4335,0.088800
speech-replay,3.5406,0.078000
speech-replay,3.0602,0.062400
speech-replay,3.4827,0.095700
speech-replay,3.6728,0.069000
speech-replay,3.0570,0.060200
speech-replay,3.0660,0.066700
speech-replay,3.4274,0.086800
speech-replay,3.4384,0.065200
speech-replay,3.6223,0.075400
speech-replay,3.3106,0.068200
speech-replay,3.0120,0.057500
speech-replay,2.4841,0.058000
speech-replay,3.0616,0.064300
speech-replay,2.8261,0.067100
speech-replay,3.2153,0.075600
speech-replay,2.9523,0.060300
speech-replay,2.8199,0.061900
speech-replay,3.2559,0.092000
speech-replay,3.4929,0.066100
speech-replay,3.3877,0.074600
speech-replay,3.9114,0.078300
speech-replay,3.6466,0.073400
speech-replay,3.1080,0.070500
speech-replay,3.1021,0.077800
speech-replay,3.7738,0.068600
speech-replay,3.5044,0.070200
speech-replay,3.6910,0.161300
speech-replay,4.7199,0.071500
speech-replay,3.3164,0.087500
speech-replay,3.5078,0.067500
speech-replay,3.8599,0.126000
speech-replay,3.4437,0.085600
speech-replay,3.0132,0.066800
speech-replay,2.8461,0.076700
speech-replay,2.6961,0.060700
speech-replay,2.6144,0.127300
speech-replay,3.2299,0.062300
speech-replay,3.0308,0.074200
speech-replay,3.5695,0.063600
speech-replay,3.0879,0.059100
speech-replay,3.1936,0.074500
speech-replay,3.2964,0.062500
speech-replay,2.8829,0.061400
speech-replay,2.7227,0.056900
speech-replay,2.6509,0.068600
speech-replay,2.9523,0.095000
speech-replay,2.8408,0.055400
speech-replay,2.6420,0.052400
speech-replay,2.5545,0.057000
speech-replay,3.2435,0.064800
speech-replay,2.5702,0.056100
speech-replay,2.4860,0.052300
speech-replay,2.7392,0.054800
speech-replay,2.6058,0.061500
speech-replay,2.5128,0.073400
speech-replay,3.1020,0.061000
speech-replay,2.5068,0.056900
speech-replay,3.1075,0.065200
speech-replay,2.7378,0.060600
speech-replay,2.6697,0.058800
speech-replay,2.8210,0.060300
speech-replay,3.0476,0.058300
speech-replay,3.1077,0.146000
speech-replay,3.1734,0.062200
speech-replay,2.9357,0.056900
speech-replay,2.9103,0.064700
speech-replay,2.9408,0.061900
speech-replay,3.1512,0.065900
speech-replay,2.6271,0.053100
speech-replay,2.9137,0.060700
speech-replay,2.7969,0.057400
speech-replay,2.6040,0.057900
speech-replay,2.6528,0.051400
speech-replay,2.5645,0.058100
speech-replay,2.8495,0.059600
speech-replay,2.7079,0.064800
speech-replay,2.6206,0.059300
speech-replay,2.6072,0.053800
speech-replay,2.4450,0.051600
speech-replay,2.6302,0.057000
speech-replay,2.5970,0.077000
speech-replay,2.4134,0.052800
speech-replay,3.3931,0.071600
speech-replay,2.9818,0.053400
speech-replay,2.6884,0.054800
speech-replay,3.0792,0.059300
speech-replay,2.3573,0.052900
speech-replay,2.4339,0.054100
speech-replay,2.9367,0.078700
speech-replay,2.8585,0.058100
speech-replay,2.4890,0.052800
speech-replay,2.3512,0.049500
speech-replay,2.2975,0.053600
speech-replay,2.4864,0.052600
speech-replay,2.2525,0.050200
speech-replay,2.8334,0.066800
speech-replay,2.8540,0.053900
speech-replay,2.7949,0.086700
speech-replay,2.9074,0.061600
speech-replay,2.8269,0.058100
speech-replay,2.9308,0.060500
speech-replay,2.6442,0.057300
speech-replay,2.2975,0.077400
speech-replay,3.1759,0.063400
speech-replay,2.8140,0.056600
speech-replay,3.0181,0.063300
speech-replay,2.7156,0.060700
speech-replay,3.1503,0.096500
speech-replay,3.6756,0.066700
speech-replay,2.9126,0.059800
speech-replay,2.4889,0.056200
speech-replay,2.6192,0.065600
speech-replay,2.8228,0.057000
speech-replay,2.4483,0.076500
speech-replay,2.5097,0.052400
speech-replay,2.5212,0.080200
speech-replay,2.4389,0.050400
speech-replay,2.2628,0.075800
speech-replay,3.8245,0.068000
speech-replay,3.0383,0.085700
speech-replay,3.5869,0.088800
speech-replay,2.9585,0.069500
speech-replay,2.9208,0.065900
speech-replay,2.8737,0.058400
speech-replay,3.0801,0.069100
speech-replay,2.8713,0.061000
speech-replay,2.6716,0.087700
speech-replay,3.1217,0.062000
speech-replay,2.8304,0.055700
speech-replay,3.0408,0.054800
speech-replay,2.5811,0.061100
speech-replay,2.7834,0.058000
speech-replay,3.0343,0.072900
speech-replay,2.5882,0.053000
speech-replay,2.7890,0.055200
speech-replay,2.4373,0.053300
speech-replay,2.4794,0.057500
speech-replay,2.4596,0.053900
speech-replay,2.2285,0.051000
speech-replay,2.4697,0.058100
speech-replay,2.4688,0.053900
speech-replay,2.4220,0.059600
speech-replay,2.2306,0.051900
speech-replay,2.4305,0.057300
speech-replay,2.9564,0.054400
speech-replay,2.9674,0.079000
speech-replay,2.9716,0.057800
speech-replay,3.3951,0.103800
speech-replay,3.6772,0.060400
speech-replay,3.1318,0.076800
speech-replay,3.3789,0.062900
speech-replay,2.9288,0.089200
speech-replay,4.8748,0.108800
speech-replay,4.5508,0.089000
speech-replay,3.7471,0.079300
speech-replay,4.3304,0.073100
speech-replay,2.9952,0.057500
speech-replay,2.8107,0.061500
speech-replay,2.7814,0.056000
speech-replay,2.6200,0.057700
speech-replay,2.7255,0.060800
speech-replay,2.8690,0.057300
speech-replay,2.7206,0.055100
speech-replay,2.4554,0.055700
speech-replay,2.5154,0.064100
speech-replay,2.8742,0.062200
speech-replay,2.7434,0.064200
speech-replay,2.7455,0.056400
speech-replay,2.3446,0.064500
speech-replay,2.7065,0.062800
speech-replay,2.5794,0.057600
speech-replay,2.2825,0.050900
speech-replay,2.4968,0.083500
speech-replay,2.6418,0.053900
speech-replay,2.7106,0.087500
speech-replay,2.7853,0.060200
speech-replay,2.8743,0.092000
speech-replay,4.2259,0.054700
speech-replay,24.9946,0.094900
speech-replay,3.9402,0.081700
speech-replay,3.4094,0.083400
speech-replay,3.0426,0.094400
speech-replay,3.0704,0.065800
speech-replay,2.6268,0.056400
speech-replay,2.3830,0.052200
speech-replay,2.2845,0.051000
speech-replay,3.1509,0.076700
speech-replay,2.8983,0.057200
speech-replay,3.2153,0.060900
speech-replay,2.8148,0.057700
speech-replay,2.3291,0.054500
speech-replay,3.3298,0.069400
speech-replay,2.9118,0.060100
speech-replay,3.5716,0.076000
speech-replay,2.9042,0.063200
speech-replay,3.1424,0.106700
speech-replay,4.1389,0.108100
speech-replay,3.1007,0.061500
speech-replay,3.3861,0.068700
speech-replay,3.3808,0.066500
speech-replay,2.6971,0.058800
speech-replay,3.0284,0.064400
speech-replay,2.7526,0.056200
speech-replay,2.7171,0.062100
speech-replay,2.6781,0.053800
speech-replay,2.5671,0.053600
speech-replay,2.6116,0.103200
speech-replay,3.5943,0.063500
speech-replay,2.8813,0.054400
speech-replay,2.6529,0.057100
speech-replay,2.4712,0.050900
speech-replay,2.7231,0.060200
speech-replay,3.6616,0.104200
speech-replay,5.1134,0.070500
speech-replay,2.9465,0.062600
speech-replay,3.0176,0.095600
speech-replay,2.9238,0.056600
speech-replay,2.5129,0.079900
speech-replay,3.0137,0.064500
speech-replay,3.0027,0.063500
speech-replay,2.7058,0.060100
speech-replay,2.8241,0.058800
speech-replay,2.5149,0.070400
speech-replay,3.3173,0.059500
speech-replay,2.4425,0.056800
speech-replay,2.8731,0.074100
speech-replay,3.1514,0.072500
speech-replay,2.3980,0.055500
speech-replay,2.2803,0.053000
speech-replay,2.3360,0.059200
speech-replay,2.9162,0.059800
speech-replay,2.5334,0.052100
speech-replay,2.3973,0.054300
speech-replay,3.0101,0.060900
speech-replay,2.6170,0.051600
speech-replay,2.1232,0.049100
speech-replay,2.7099,0.066900
speech-replay,2.7828,0.057300
speech-replay,2.6559,0.058800
speech-replay,3.3727,0.057100
speech-replay,2.4535,0.053200
speech-replay,2.8716,0.069800
speech-replay,2.8481,0.055700
speech-replay,2.8486,0.056600
speech-replay,2.6067,0.055000
speech-replay,2.6385,0.146100
speech-replay,3.0199,0.059900
speech-replay,2.4697,0.052500
speech-replay,2.4327,0.053900
speech-replay,3.2547,0.064500
speech-replay,2.7355,0.074300
speech-replay,2.7208,0.071300
speech-replay,2.9954,0.059300
speech-replay,2.3640,0.083200
speech-replay,2.3920,0.053700
speech-replay,2.3103,0.053700
speech-replay,2.5098,0.059500
speech-replay,3.1956,0.062500
speech-replay,2.5310,0.073600
speech-replay,3.4446,0.064300
speech-replay,2.6240,0.053500
speech-replay,2.6387,0.052800
speech-replay,2.9009,0.081100
speech-replay,3.1084,0.059900
speech-replay,2.6241,0.059800
speech-replay,2.8142,0.055900
speech-replay,2.7876,0.061200
speech-replay,2.4652,0.077800
speech-replay,3.3167,0.093300
speech-replay,3.8417,0.068600
speech-replay,3.3492,0.071200
speech-replay,3.6204,0.062700
speech-replay,3.1114,0.116200
speech-replay,2.9757,0.062900
speech-replay,2.7885,0.055000
speech-replay,2.8443,0.060300
speech-replay,2.7967,0.061600
speech-replay,3.6088,0.074100
speech-replay,2.8619,0.059400
speech-replay,2.9059,0.081200
speech-replay,2.5914,0.056700
speech-replay,2.3440,0.062900
speech-replay,2.8527,0.084000
speech-replay,2.8849,0.055700
speech-replay,2.4374,0.050900
speech-replay,2.5570,0.050800
speech-replay,2.5186,0.063700
speech-replay,2.7392,0.060200
speech-replay,2.5805,0.081700
speech-replay,2.4151,0.050900
speech-replay,2.5336,0.055600
speech-replay,2.5536,0.052700
speech-replay,2.6298,0.126600
speech-replay,2.7967,0.050900
speech-replay,3.5891,0.094000
speech-replay,2.7700,0.055700
speech-replay,2.4866,0.051000
speech-replay,2.5609,0.057100
speech-replay,2.7248,0.055800
speech-replay,2.9325,0.067600
speech-replay,3.2900,0.067500
speech-replay,3.1883,0.068300
speech-replay,2.8526,0.064600
speech-replay,2.4404,0.059900
speech-replay,3.0242,0.053500
speech-replay,3.0919,0.084800
speech-replay,2.5951,0.057400
speech-replay,2.8534,0.064600
speech-replay,2.6335,0.052900
speech-replay,2.4630,0.051900
speech-replay,2.5597,0.053800
speech-replay,2.4272,0.070600
speech-replay,2.5455,0.056300
speech-replay,3.2380,0.195800
speech-replay,3.2015,0.063200
speech-replay,2.8932,0.067500
speech-replay,2.7617,0.056800
speech-replay,2.7617,0.056300
speech-replay,2.3367,0.063800
speech-replay,2.5305,0.053600
speech-replay,2.5122,0.061900
speech-replay,2.5163,0.053400
speech-replay,2.2401,0.049400
speech-replay,2.3298,0.053500
speech-replay,2.6014,0.066600
speech-replay,2.5842,0.073600
speech-replay,2.7178,0.053100
speech-replay,2.2612,0.051800
speech-replay,2.2327,0.087100
speech-replay,2.8087,0.059200
speech-replay,2.8553,0.062700
speech-replay,3.0425,0.101900
speech-replay,2.8559,0.055300
speech-replay,2.5771,0.065500
speech-replay,2.8886,0.057800
speech-replay,3.0585,0.064800
speech-replay,3.0100,0.058800
speech-replay,2.9292,0.064600
speech-replay,3.4144,0.061200
speech-replay,3.7226,0.055100
speech-replay,3.3379,0.061300
speech-replay,2.5375,0.064000
speech-replay,2.3458,0.050700
speech-replay,2.6812,0.098800
speech-replay,3.1448,0.056100
speech-replay,3.4154,0.074800
speech-replay,3.0431,0.064400
speech-replay,2.7677,0.066500
speech-replay,2.7784,0.058600
speech-replay,2.5643,0.056700
speech-replay,3.0474,0.086400
speech-replay,2.7649,0.054600
speech-replay,2.7339,0.078500
speech-replay,2.8579,0.057700
speech-replay,2.7050,0.068300
speech-replay,2.7578,0.060800
speech-replay,2.7474,0.060800
speech-replay,4.1599,0.085100
speech-replay,3.2746,0.067200
speech-replay,2.7146,0.057800
speech-replay,2.4140,0.055000
speech-replay,2.5537,0.052300
speech-replay,2.6181,0.057100
speech-replay,2.5250,0.090400
speech-replay,2.3546,0.057000
speech-replay,2.9456,0.101000
speech-replay,3.7467,0.094700
speech-replay,3.8025,0.068700
speech-replay,2.7571,0.057500
speech-replay,3.3201,0.072400
speech-replay,2.8518,0.078600
speech-replay,3.4446,0.178700
speech-replay,3.7879,0.058300
speech-replay,3.1572,0.061600
speech-replay,2.6188,0.053300
speech-replay,2.5575,0.065100
speech-replay,2.7417,0.065700
speech-replay,2.7042,0.061700
speech-replay,2.5434,0.060800
speech-replay,2.7080,0.056000
speech-replay,2.5122,0.051400
speech-replay,2.6676,0.060300
speech-replay,2.7431,0.059900
speech-replay,3.2852,0.079700
speech-replay,3.1079,0.059200
speech-replay,2.7089,0.076600
speech-replay,3.0255,0.060100
speech-replay,2.8041,0.068400
speech-replay,2.9048,0.064400
speech-replay,2.7699,0.057600
speech-replay,3.0433,0.112900
speech-replay,2.9669,0.056700
speech-replay,2.5949,0.069700
speech-replay,3.0994,0.068500
speech-replay,2.6872,0.052600
speech-replay,2.4124,0.060600
speech-replay,3.1855,0.092500
speech-replay,2.8374,0.056000
speech-replay,3.1044,0.066400
speech-replay,2.4358,0.056900
speech-replay,2.6604,0.079500
speech-replay,2.6227,0.057900
speech-replay,2.2452,0.049800
speech-replay,2.5407,0.061800
speech-replay,2.7663,0.054000
speech-replay,2.2822,0.052900
speech-replay,2.5061,0.083100
speech-replay,2.6407,0.058300
speech-replay,2.4608,0.065300
speech-replay,3.2691,0.077600
speech-replay,3.4652,0.087300
speech-replay,4.6015,0.086700
speech-replay,3.2740,0.065700
speech-replay,2.6531,0.057900
speech-replay,2.5917,0.055500
speech-replay,2.7552,0.087200
speech-replay,3.2240,0.057500
speech-replay,2.9841,0.092200
speech-replay,2.8530,0.070200
speech-replay,2.7267,0.063300
speech-replay,2.4771,0.053500
speech-replay,2.9798,0.071900
speech-replay,4.3316,0.077400
speech-replay,2.9968,0.065000
speech-replay,2.8628,0.069000
speech-replay,2.6803,0.060400
speech-replay,2.8080,0.077300
speech-replay,2.7764,0.063200
speech-replay,3.0193,0.062800
speech-replay,2.9252,0.058200
speech-replay,2.6345,0.065800
speech-replay,2.6279,0.058200
speech-replay,2.7361,0.055400
speech-replay,2.4890,0.053300
speech-replay,2.9291,0.061500
speech-replay,3.0479,0.063200
speech-replay,2.9327,0.056500
speech-replay,2.9521,0.060800
speech-replay,2.6928,0.056800
speech-replay,2.8348,0.057700
speech-replay,2.6625,0.053500
speech-replay,2.4276,0.076400
speech-replay,3.4101,0.067200
speech-replay,2.7752,0.059000
speech-replay,3.3694,0.062300
speech-replay,2.8867,0.064800
speech-replay,3.1806,0.088500
speech-replay,3.2113,0.056800
speech-replay,2.9014,0.063700
speech-replay,2.9637,0.058800
speech-replay,2.5597,0.053500
speech-replay,2.8048,0.065500
speech-replay,2.6969,0.061900
speech-replay,2.9711,0.099000
speech-replay,2.8840,0.055100
speech-replay,2.6019,0.061800
speech-replay,3.4378,0.073400
speech-replay,2.6327,0.056500
speech-replay,2.9024,0.067100
speech-replay,2.8484,0.058100
speech-replay,3.1537,0.082800
speech-replay,2.8476,0.066500
speech-replay,2.5643,0.055500
speech-replay,3.0146,0.060000
speech-replay,2.7761,0.056500
speech-replay,2.6716,0.063900
speech-replay,3.0842,0.064200
speech-replay,2.5276,0.055900
speech-replay,2.6925,0.060000
speech-replay,3.3511,0.071800
speech-replay,3.1482,0.065500
speech-replay,2.8930,0.060000
speech-replay,2.7689,0.107900
speech-replay,3.3852,0.060000
speech-replay,2.9079,0.062300
speech-replay,2.9705,0.062100
speech-replay,3.0208,0.056800
speech-replay,2.8702,0.058200
speech-replay,2.6250,0.066700
speech-replay,3.0025,0.079500
speech-replay,3.0671,0.057100
speech-replay,2.7646,0.054900
speech-replay,2.5876,0.056200
speech-replay,2.7260,0.084100
speech-replay,2.7663,0.058900
speech-replay,3.1656,0.064700
speech-replay,3.1861,0.055300
speech-replay,2.6786,0.058200
speech-replay,2.3878,0.058100
speech-replay,2.6828,0.083800
speech-replay,2.8810,0.056800
speech-replay,2.8590,0.056700
speech-replay,3.0963,0.057000
speech-replay,2.4687,0.079200
speech-replay,2.4957,0.059300
speech-replay,2.5688,0.064500
speech-replay,3.0567,0.058100
speech-replay,3.4892,0.069100
speech-replay,3.1252,0.059600
speech-replay,2.8235,0.055200
speech-replay,2.7052,0.059700
speech-replay,3.2592,0.079200
speech-replay,4.2292,0.101700
speech-replay,3.1795,0.070800
speech-replay,2.7031,0.082400
speech-replay,2.7390,0.058000
speech-replay,3.1688,0.063000
speech-replay,3.2855,0.075000
speech-replay,3.1061,0.062200
speech-replay,2.8239,0.059700
speech-replay,2.6188,0.073000
speech-replay,3.1537,0.061800
speech-replay,4.0836,0.116900
speech-replay,4.7130,0.087500
speech-replay,3.2928,0.072100
speech-replay,2.8098,0.064500
speech-replay,2.9089,0.062000
speech-replay,2.7488,0.065600
speech-replay,2.8504,0.066300
speech-replay,3.0603,0.063400
speech-replay,3.0121,0.060000
speech-replay,3.3598,0.076200
speech-replay,2.7102,0.083200
speech-replay,3.1156,0.081600
speech-replay,3.0831,0.067500
speech-replay,2.7136,0.056100
speech-replay,3.9343,0.087600
speech-replay,3.4370,0.103600
speech-replay,3.5394,0.065700
speech-replay,3.5381,0.064800
speech-replay,2.8826,0.066900
speech-replay,2.5777,0.057400
speech-replay,3.0310,0.067500
speech-replay,2.8266,0.117700
speech-replay,2.4057,0.066800
speech-replay,2.5091,0.056100
speech-replay,2.6050,0.054800
speech-replay,2.7250,0.077000
speech-replay,2.9493,0.063000
speech-replay,2.4931,0.060700
speech-replay,3.0175,0.065800
speech-replay,2.6342,0.058200
speech-replay,3.2659,0.063200
speech-replay,2.8840,0.057100
speech-replay,2.7214,0.065600
speech-replay,3.1253,0.060500
speech-replay,2.7143,0.056200
speech-replay,3.7447,0.078400
speech-replay,3.3314,0.063200
speech-replay,3.2581,0.097800
speech-replay,3.4410,0.076000
speech-replay,3.1750,0.069500
speech-replay,3.6474,0.107600
speech-replay,4.4559,0.072300
speech-replay,3.3886,0.072100
speech-replay,4.0419,0.151800
speech-replay,3.8046,0.100800
speech-replay,4.2788,0.074400
speech-replay,4.6156,0.094000
speech-replay,3.5422,0.112700
speech-replay,4.6306,0.071900
speech-replay,3.7375,0.097600
speech-replay,4.4041,0.074000
speech-replay,3.8815,0.072800
speech-replay,3.3343,0.068300
speech-replay,3.3881,0.095200
speech-replay,3.3504,0.074100
speech-replay,3.5394,0.090100
speech-replay,3.7247,0.067300
speech-replay,3.8532,0.089500
speech-replay,3.4909,0.075000
speech-replay,3.5367,0.067600
speech-replay,3.1807,0.064400
speech-replay,3.7868,0.080400
speech-replay,3.5526,0.070900
speech-replay,4.0022,0.081700
speech-replay,5.2697,0.131200
speech-replay,3.7736,0.069400
speech-replay,3.5534,0.073200
speech-replay,3.6987,0.062700
speech-replay,3.8096,0.126200
speech-replay,3.4102,0.063300
speech-replay,3.5348,0.068000
speech-replay,3.1927,0.069600
speech-replay,4.2549,0.073700
speech-replay,3.5972,0.062900
speech-replay,4.4347,0.121400
speech-replay,4.5109,0.114800
speech-replay,3.9706,0.069400
speech-replay,3.6183,0.072900
speech-replay,3.4495,0.115100
speech-replay,3.7473,0.085200
speech-replay,3.5871,0.080000
speech-replay,3.6046,0.075800
speech-replay,3.0530,0.059500
speech-replay,3.4095,0.066400
speech-replay,3.1132,0.063500
speech-replay,4.3172,0.077000
speech-replay,4.0263,0.062700
speech-replay,3.4636,0.069500
speech-replay,3.0869,0.062000
speech-replay,3.3464,0.073000
speech-replay,3.5608,0.064100
speech-replay,3.3329,0.072800
speech-replay,3.5914,0.063600
speech-replay,3.0719,0.072800
speech-replay,3.2303,0.063600
speech-replay,3.6567,0.089000
speech-replay,3.4345,0.066000
speech-replay,3.2572,0.068200
speech-replay,3.1417,0.069100
speech-replay,3.4889,0.076200
speech-replay,3.2410,0.066600
speech-replay,3.0564,0.079700
speech-replay,3.1808,0.066600
speech-replay,2.7089,0.101300
speech-replay,3.8569,0.092000
speech-replay,2.7832,0.083100
speech-replay,4.0967,0.166900
speech-replay,3.4517,0.094300
speech-replay,5.4074,0.127100
speech-replay,4.9465,0.080900
speech-replay,3.8427,0.126300
speech-replay,4.9418,0.097400
speech-replay,4.0900,0.081400
speech-replay,3.2983,0.061800
speech-replay,2.9485,0.060000
speech-replay,2.8472,0.086900
speech-replay,3.2925,0.118700
speech-replay,3.7966,0.066400
speech-replay,3.0433,0.073900
speech-replay,3.3317,0.067300
speech-replay,3.5658,0.101100
speech-replay,3.9804,0.091500
speech-replay,3.9829,0.071000
speech-replay,4.5230,0.087000
speech-replay,3.9008,0.075900
speech-replay,3.1855,0.066500
speech-replay,3.2172,0.092600
speech-replay,3.6401,0.069600
speech-replay,3.5500,0.153800
speech-replay,3.5388,0.074400
speech-replay,4.1005,0.088300
speech-replay,4.9643,0.082500
speech-replay,4.3635,0.087500
speech-replay,6.0073,0.094000
speech-replay,5.3050,0.124700
speech-replay,6.1893,0.084600
speech-replay,4.6616,0.111300
speech-replay,5.1642,0.103900
speech-replay,4.6329,0.074900
speech-replay,3.3036,0.094500
speech-replay,3.9070,0.106300
speech-replay,4.1656,0.097000
speech-replay,3.2315,0.069000
speech-replay,3.2217,0.120900
speech-replay,3.3613,0.075200
speech-replay,3.3334,0.076700
speech-replay,3.4142,0.067300
speech-replay,2.9129,0.062300
speech-replay,3.0309,0.061100
speech-replay,2.9583,0.069000
speech-replay,3.8580,0.116900
speech-replay,3.4858,0.073100
speech-replay,2.8276,0.063000
speech-replay,2.6843,0.062600
speech-replay,2.9123,0.082300
speech-replay,2.8605,0.059200
speech-replay,3.1621,0.062300
speech-replay,3.9540,0.095800
speech-replay,3.1380,0.223600
speech-replay,3.0520,0.064000
speech-replay,2.5481,0.053200
speech-replay,2.6916,0.061400
speech-replay,3.3913,0.113300
speech-replay,3.5170,0.062700
speech-replay,2.9621,0.068800
speech-replay,2.9645,0.068700
speech-replay,3.0436,0.061100
speech-replay,3.3223,0.063000
speech-replay,3.3325,0.063200
speech-replay,2.8658,0.062800
speech-replay,2.7969,0.059000
speech-replay,2.9220,0.058700
speech-replay,2.6609,0.088000
speech-replay,4.3400,0.115700
speech-replay,4.1267,0.089800
speech-replay,4.6215,0.111900
speech-replay,6.1300,0.103200
speech-replay,5.8865,0.098300
speech-replay,6.3219,0.145000
speech-replay,5.2436,0.089300
speech-replay,4.2959,0.096300
speech-replay,5.9667,0.093200
speech-replay,5.5306,0.093500
speech-replay,4.8510,0.094400
speech-replay,3.9211,0.199800
speech-replay,4.2437,0.077600
speech-replay,3.6405,0.141300
speech-replay,3.9296,0.071900
speech-replay,3.6858,0.140300
speech-replay,5.7827,0.108000
speech-replay,4.4560,0.097600
speech-replay,4.3197,0.087100
speech-replay,3.5307,0.146300
speech-replay,4.1335,0.088200
speech-replay,3.4731,0.066600
speech-replay,2.8932,0.063400
speech-replay,3.0968,0.085000
speech-replay,3.8372,0.086300
speech-replay,4.4216,0.073500
speech-replay,4.0411,0.079600
speech-replay,3.5520,0.066900
speech-replay,3.1811,0.081800
speech-replay,3.2379,0.080400
speech-replay,3.3057,0.151900
speech-replay,4.3685,0.089600
speech-replay,3.4284,0.081000
speech-replay,2.8714,0.061500
speech-replay,2.6832,0.059200
speech-replay,3.2551,0.085900
speech-replay,3.4309,0.063500
speech-replay,3.2359,0.063300
speech-replay,3.4537,0.066100
speech-replay,2.9465,0.057400
speech-replay,2.8619,0.061700
speech-replay,3.3060,0.068700
speech-replay,3.2327,0.080900
speech-replay,2.9545,0.062200
speech-replay,2.7911,0.061000
speech-replay,2.9366,0.085300
speech-replay,3.3542,0.067700
speech-replay,3.1567,0.107700
speech-replay,4.2739,0.121800
speech-replay,2.9859,0.067200
speech-replay,2.7405,0.094100
speech-replay,2.9500,0.066000
speech-replay,3.3119,0.065400
speech-replay,2.8881,0.107400
speech-replay,3.4851,0.091200
speech-replay,2.6961,0.060800
speech-replay,3.2532,0.087500
speech-replay,3.4088,0.070300
speech-replay,3.4774,0.072400
speech-replay,2.9017,0.059300
speech-replay,2.7183,0.092200
speech-replay,3.3666,0.098300
speech-replay,3.1754,0.087900
speech-replay,2.6778,0.058900
speech-replay,2.7066,0.059700
speech-replay,2.8359,0.064100
speech-replay,2.8737,0.060400
speech-replay,3.2355,0.100000
speech-replay,2.8610,0.062000
speech-replay,2.7410,0.056500
speech-replay,2.7887,0.056100
speech-replay,2.6323,0.082200
speech-replay,2.6906,0.065800
speech-replay,2.7714,0.073200
speech-replay,2.9910,0.061000
speech-replay,2.8330,0.056600
speech-replay,2.4289,0.079900
speech-replay,2.4546,0.052100
speech-replay,2.9301,0.065800
speech-replay,2.6128,0.058100
speech-replay,2.9952,0.083600
speech-replay,2.8729,0.058900
speech-replay,2.7650,0.088100
speech-replay,3.4281,0.062700
speech-replay,2.4393,0.054100
speech-replay,2.6276,0.054300
speech-replay,2.9452,0.059500
speech-replay,2.5947,0.059400
speech-replay,3.2709,0.121700
speech-replay,2.8524,0.074400
speech-replay,2.5679,0.052700
speech-replay,2.3870,0.050700
speech-replay,2.6857,0.075400
speech-replay,3.5513,0.068300
speech-replay,2.6078,0.054400
speech-replay,2.9753,0.065200
speech-replay,2.7320,0.052800
speech-replay,2.5204,0.056000
speech-replay,2.6870,0.055000
speech-replay,2.8120,0.079200
speech-replay,2.7428,0.058700
speech-replay,2.7225,0.061000
speech-replay,2.5127,0.057600
speech-replay,2.6594,0.055200
speech-replay,2.4048,0.053600
speech-replay,2.8746,0.108500
speech-replay,3.1768,0.057400
speech-replay,2.8339,0.063700
speech-replay,2.7979,0.053300
speech-replay,2.4221,0.050300
speech-replay,2.9127,0.083300
speech-replay,3.2432,0.061500
speech-replay,2.5465,0.083200
speech-replay,3.0757,0.067600
speech-replay,2.8398,0.058800
speech-replay,2.7765,0.124900
speech-replay,2.7199,0.055600
speech-replay,3.3468,0.083300
speech-replay,3.0418,0.072500
speech-replay,2.5965,0.054800
speech-replay,2.8364,0.088300
speech-replay,2.8419,0.057200
speech-replay,2.8298,0.063800
speech-replay,4.4340,0.076800
speech-replay,3.4272,0.113700
speech-replay,2.7832,0.055500
speech-replay,2.7274,0.087900
speech-replay,3.9228,0.066300
speech-replay,2.9167,0.064800
speech-replay,2.5766,0.053800
speech-replay,2.6299,0.057400
speech-replay,3.1470,0.057800
speech-replay,3.2702,0.109400
speech-replay,3.3526,0.071500
speech-replay,3.0307,0.079700
speech-replay,2.9376,0.060300
speech-replay,2.5581,0.060300
speech-replay,3.5804,0.066000
speech-replay,2.7995,0.062300
speech-replay,2.9410,0.056500
speech-replay,2.6518,0.067400
speech-replay,2.7850,0.065000
speech-replay,2.9713,0.065700
speech-replay,3.4453,0.094000
speech-replay,3.3042,0.061200
speech-replay,2.8988,0.062000
speech-replay,2.9864,0.058300
speech-replay,3.1087,0.070600
speech-replay,3.1904,0.060400
speech-replay,2.9328,0.078600
speech-replay,3.4717,0.059900
speech-replay,2.6847,0.056600
speech-replay,3.0958,0.072000
speech-replay,3.1392,0.063300
speech-replay,2.9422,0.060000
speech-replay,2.5823,0.061200
speech-replay,2.7607,0.061200
speech-replay,2.9174,0.097200
speech-replay,3.2233,0.083000
speech-replay,2.6399,0.054400
speech-replay,2.5783,0.078900
speech-replay,2.8368,0.060400
speech-replay,2.7966,0.058700
speech-replay,3.4668,0.119900
speech-replay,4.0687,0.079000
speech-replay,4.0509,0.092700
speech-replay,3.2725,0.073400
speech-replay,3.5539,0.111400
speech-replay,3.5770,0.081300
speech-replay,3.1374,0.064500
speech-replay,2.8633,0.065700
speech-replay,2.9105,0.095400
speech-replay,3.8442,0.112000
speech-replay,4.2395,0.112900
speech-replay,4.0877,0.072100
speech-replay,4.4536,0.093400
speech-replay,3.1126,0.076800
speech-replay,3.3513,0.062500
speech-replay,3.0644,0.060900
speech-replay,2.8853,0.066700
speech-replay,3.1568,0.066800
speech-replay,3.1698,0.061000
speech-replay,2.6910,0.055000
speech-replay,2.6614,0.066300
speech-replay,2.9368,0.064700
speech-replay,2.6449,0.054100
speech-replay,2.3025,0.100400
speech-replay,2.8089,0.056300
speech-replay,3.0540,0.064900
speech-replay,3.0519,0.061200
speech-replay,3.1024,0.086800
speech-replay,2.7987,0.084500
speech-replay,3.4775,0.063600
speech-replay,3.0951,0.059900
speech-replay,2.6647,0.059100
speech-replay,2.8183,0.059800
speech-replay,2.7893,0.079900
speech-replay,2.8601,0.055800
speech-replay,2.7904,0.080900
speech-replay,2.8766,0.056000
speech-replay,2.9281,0.068900
speech-replay,2.8609,0.062200
speech-replay,2.6674,0.055700
speech-replay,2.5902,0.057500
speech-replay,3.0267,0.070200
speech-replay,3.0730,0.064700
speech-replay,3.2893,0.088500
speech-replay,2.8221,0.054800
speech-replay,3.0155,0.066700
speech-replay,2.8802,0.073000
speech-replay,2.7354,0.069500
speech-replay,3.1563,0.075900
speech-replay,2.9904,0.068500
speech-replay,2.9466,0.083300
speech-replay,3.5895,0.126200
speech-replay,3.7914,0.080400
speech-replay,3.2694,0.094200
speech-replay,2.8350,0.060800
speech-replay,3.1304,0.078200
speech-replay,3.5210,0.079400
speech-replay,2.7145,0.056000
speech-replay,2.5691,0.056500
speech-replay,2.7308,0.060000
speech-replay,2.7173,0.056800
speech-replay,2.5808,0.055800
speech-replay,2.6035,0.066600
speech-replay,2.5048,0.057500
speech-replay,2.5233,0.054100
speech-replay,2.6712,0.053000
speech-replay,3.3981,0.076900
speech-replay,2.8549,0.062000
speech-replay,3.1323,0.120800
speech-replay,3.3288,0.063100
speech-replay,2.6172,0.063100
speech-replay,2.8167,0.060300
speech-replay,2.5573,0.062000
speech-replay,2.9129,0.062300
speech-replay,2.4976,0.052400
speech-replay,2.3270,0.049100
speech-replay,2.3529,0.058000
speech-replay,2.5760,0.059600
speech-replay,2.4673,0.076200
speech-replay,2.6399,0.057400
speech-replay,2.8008,0.054300
speech-replay,2.9148,0.082000
speech-replay,2.9711,0.056800
speech-replay,2.6890,0.057900
speech-replay,3.1829,0.070800
speech-replay,3.1234,0.056500
speech-replay,2.5202,0.055800
speech-replay,2.4035,0.054300
speech-replay,2.6196,0.064300
speech-replay,2.9481,0.062900
speech-replay,2.7636,0.059500
speech-replay,2.6677,0.060300
speech-replay,2.5034,0.051700
speech-replay,2.4475,0.062900
speech-replay,2.7418,0.091700
speech-replay,2.8768,0.061700
speech-replay,2.6079,0.060900
speech-replay,2.6470,0.059500
speech-replay,2.6420,0.059700
speech-replay,2.7498,0.056400
speech-replay,2.7456,0.082900
speech-replay,2.6678,0.072400
speech-replay,3.0126,0.094400
speech-replay,2.8272,0.059600
speech-replay,2.4864,0.058200
speech-replay,2.4550,0.051800
speech-replay,2.7213,0.057900
speech-replay,3.0300,0.062800
speech-replay,3.0110,0.069500
speech-replay,2.9589,0.059600
speech-replay,2.6740,0.054400
speech-replay,2.8197,0.078100
speech-replay,2.9847,0.066100
speech-replay,2.6987,0.061700
speech-replay,2.9954,0.060700
speech-replay,3.4723,0.065800
speech-replay,4.8263,0.087200
speech-replay,3.3054,0.067300
speech-replay,2.8402,0.060500
speech-replay,2.8989,0.068300
speech-replay,3.1884,0.061100
speech-replay,2.8215,0.057900
speech-replay,2.4827,0.053100
speech-replay,2.6974,0.060100
speech-replay,2.6538,0.058900
speech-replay,3.0266,0.065200
speech-replay,2.9464,0.062700
speech-replay,2.8061,0.088300
speech-replay,2.6642,0.062100
speech-replay,2.4198,0.061100
speech-replay,2.7184,0.074900
speech-replay,2.8041,0.053900
speech-replay,2.2489,0.052900
speech-replay,3.4334,0.073500
speech-replay,3.5870,0.064300
speech-replay,3.3930,0.067600
speech-replay,2.7905,0.061600
speech-replay,2.7705,0.149500
speech-replay,3.5500,0.061600
speech-replay,2.5740,0.078600
speech-replay,2.9203,0.060500
speech-replay,2.7133,0.071100
speech-replay,2.8051,0.063500
speech-replay,2.4799,0.056800
speech-replay,2.5076,0.053600
speech-replay,3.1567,0.058300
speech-replay,2.6425,0.058000
speech-replay,2.5758,0.054000
speech-replay,2.4975,0.051300
speech-replay,2.6650,0.054200
speech-replay,2.3156,0.059900
speech-replay,2.7158,0.058000
speech-replay,2.5227,0.073700
speech-replay,2.9799,0.057000
speech-replay,2.4672,0.053500
speech-replay,2.4836,0.076100
speech-replay,2.6097,0.057900
speech-replay,2.4463,0.054700
speech-replay,2.7265,0.064500
speech-replay,3.3298,0.060100
speech-replay,2.4456,0.090900
speech-replay,3.1179,0.054600
speech-replay,2.7314,0.055800
speech-replay,2.4694,0.062100
speech-replay,2.5690,0.060000
speech-replay,2.9463,0.062000
speech-replay,2.5919,0.055300
speech-replay,3.1832,0.066600
speech-replay,2.9195,0.059900
speech-replay,2.6114,0.055800
speech-replay,2.8521,0.074500
speech-replay,2.7840,0.061000
speech-replay,2.5424,0.087600
speech-replay,2.9414,0.070400
speech-replay,2.7232,0.057400
speech-replay,2.3446,0.051800
speech-replay,2.7236,0.064400
speech-replay,2.9465,0.060100
speech-replay,2.6262,0.055200
speech-replay,2.3269,0.053500
speech-replay,2.6251,0.060600
speech-replay,2.9565,0.069700
speech-replay,2.7927,0.055000
speech-replay,3.0761,0.075600
speech-replay,3.0030,0.080600
speech-replay,2.9526,0.056400
speech-replay,2.4287,0.053600
speech-replay,2.5143,0.054400
speech-replay,2.9701,0.055900
speech-replay,2.9921,0.064500
speech-replay,3.1500,0.057100
speech-replay,2.4616,0.054200
speech-replay,2.5468,0.069200
speech-replay,2.7304,0.054600
speech-replay,2.8994,0.073400
speech-replay,3.2083,0.092100
speech-replay,2.5592,0.055500
speech-replay,2.2460,0.050500
speech-replay,2.3355,0.057900
speech-replay,2.4261,0.061400
speech-replay,3.7192,0.073400
speech-replay,3.2336,0.084000
speech-replay,3.1982,0.056600
speech-replay,2.7978,0.057600
speech-replay,2.4933,0.052800
speech-replay,2.6270,0.061100
speech-replay,2.6883,0.059900
speech-replay,2.9912,0.055600
speech-replay,2.7030,0.056300
speech-replay,2.4722,0.054100
speech-replay,2.3089,0.075500
speech-replay,3.2063,0.066300
speech-replay,3.9557,0.178000
speech-replay,3.5988,0.073700
speech-replay,2.9212,0.056600
speech-replay,3.0598,0.059600
speech-replay,2.5615,0.055700
speech-replay,2.4442,0.052900
speech-replay,2.6868,0.056300
speech-replay,2.5816,0.055400
speech-replay,3.0229,0.057500
speech-replay,2.8119,0.058500
speech-replay,2.6885,0.053500
speech-replay,2.6744,0.056100
speech-replay,2.4604,0.053800
speech-replay,2.8912,0.095200
speech-replay,3.0282,0.057500
speech-replay,2.7886,0.085500
speech-replay,2.6119,0.055200
speech-replay,2.8499,0.071900
speech-replay,2.7825,0.065400
speech-replay,2.8234,0.059500
speech-replay,2.5910,0.070100
speech-replay,2.8647,0.066100
speech-replay,2.5424,0.053100
speech-replay,2.4184,0.053100
speech-replay,2.3438,0.049800
speech-replay,2.6600,0.053900
speech-replay,2.8799,0.054800
speech-replay,2.8089,0.082000
speech-replay,3.0047,0.080400
speech-replay,3.5719,0.069100
speech-replay,2.6786,0.058800
speech-replay,2.6055,0.052700
speech-replay,2.4917,0.051600
speech-replay,2.8254,0.060400
speech-replay,2.7953,0.058400
speech-replay,3.1017,0.057300
speech-replay,2.8222,0.069400
speech-replay,3.5930,0.081900
speech-replay,2.7605,0.058000
speech-replay,2.2673,0.051900
speech-replay,2.6490,0.057100
speech-replay,2.5588,0.062800
speech-replay,2.6095,0.055900
speech-replay,2.4195,0.057400
speech-replay,2.4038,0.054600
speech-replay,2.5429,0.068700
speech-replay,2.5075,0.054500
speech-replay,2.4650,0.085000
speech-replay,2.9083,0.056100
speech-replay,3.0454,0.104200
speech-replay,3.2937,0.062000
speech-replay,3.6624,0.063200
speech-replay,2.7068,0.054200
speech-replay,3.2480,0.057400
speech-replay,3.0481,0.060900
speech-replay,2.7460,0.079700
speech-replay,2.5837,0.061000
speech-replay,2.4210,0.052700
speech-replay,2.7135,0.063400
speech-replay,2.8316,0.055600
speech-replay,2.7297,0.085400
speech-replay,3.0714,0.058100
speech-replay,2.4860,0.132700
speech-replay,2.9824,0.059500
speech-replay,2.4863,0.058500
speech-replay,2.3439,0.056000
speech-replay,3.2352,0.107500
speech-replay,2.8243,0.065200
speech-replay,2.9183,0.068600
speech-replay,2.7404,0.061600
speech-replay,2.2984,0.060600
speech-replay,2.5121,0.061200
speech-replay,2.5881,0.054300
speech-replay,2.4671,0.058800
speech-replay,3.1031,0.057600
speech-replay,2.5005,0.056000
speech-replay,2.8139,0.067300
speech-replay,2.7394,0.057000
speech-replay,2.7153,0.058700
speech-replay,2.6732,0.057200
speech-replay,2.4129,0.053000
speech-replay,2.5377,0.065200
speech-replay,2.6001,0.053100
speech-replay,2.4116,0.053900
speech-replay,2.9721,0.061200
speech-replay,2.7063,0.057500
speech-replay,2.6706,0.078900
speech-replay,2.8342,0.053700
speech-replay,2.5217,0.053800
speech-replay,2.6073,0.060100
speech-replay,3.4008,0.058900
speech-replay,2.7521,0.061300
speech-replay,2.9085,0.063300
speech-replay,2.6173,0.051400
speech-replay,2.6784,0.229500
speech-replay,3.2789,0.054400
speech-replay,2.4747,0.058100
speech-replay,3.5786,0.149300
speech-replay,4.5992,0.150100
speech-replay,4.1371,0.158600
speech-replay,5.1623,0.087100
speech-replay,3.4128,0.068900
speech-replay,2.8449,0.076700
speech-replay,3.5424,0.114700
speech-replay,3.7831,0.138400
speech-replay,3.1892,0.069500
speech-replay,2.8600,0.062800
speech-replay,3.2113,0.062300
speech-replay,3.0670,0.063200
speech-replay,3.1304,0.073300
speech-replay,3.2222,0.064400
speech-replay,2.8178,0.063100
speech-replay,2.6529,0.060600
speech-replay,2.6691,0.055100
speech-replay,3.4600,0.077400
speech-replay,3.3740,0.094700
speech-replay,3.4319,0.064400
speech-replay,2.6695,0.056600
speech-replay,2.4939,0.074100
speech-replay,3.0385,0.066800
speech-replay,3.0691,0.067400
speech-replay,2.9758,0.058700
speech-replay,3.1239,0.066100
speech-replay,2.8414,0.054700
speech-replay,2.5120,0.057300
speech-replay,2.3627,0.078300
speech-replay,2.6024,0.060400
speech-replay,3.0515,0.070200
speech-replay,3.0978,0.054900
speech-replay,2.6345,0.055500
speech-replay,2.6582,0.055200
speech-replay,2.5237,0.065400
speech-replay,3.0760,0.084000
speech-replay,2.6238,0.067700
speech-replay,2.9268,0.096600
speech-replay,2.9441,0.055900
speech-replay,2.5267,0.078700
speech-replay,2.8705,0.059100
speech-replay,2.4109,0.051800
speech-replay,2.2498,0.057100
speech-replay,2.6981,0.057000
speech-replay,2.8740,0.059100
speech-replay,2.9819,0.062000
speech-replay,3.3104,0.117900
speech-replay,3.1092,0.078500
speech-replay,2.8903,0.060000
speech-replay,3.0074,0.080100
speech-replay,4.0047,0.086100
speech-replay,2.9987,0.067700
speech-replay,3.0438,0.067200
speech-replay,3.2456,0.077400
speech-replay,4.0861,0.085500
speech-replay,3.3389,0.081000
speech-replay,3.2269,0.066200
speech-replay,2.7453,0.054000
speech-replay,2.9439,0.056600
speech-replay,2.6867,0.054600
speech-replay,2.7621,0.062300
speech-replay,2.6851,0.071900
speech-replay,2.4568,0.052900
speech-replay,2.7522,0.100300
speech-replay,2.8615,0.082100
speech-replay,3.2233,0.058800
speech-replay,2.5385,0.054200
speech-replay,2.5739,0.054100
speech-replay,2.4762,0.051900
speech-replay,2.4717,0.056200
speech-replay,2.6285,0.053000
speech-replay,3.1760,0.066700
speech-replay,2.6467,0.056800
speech-replay,2.5610,0.053400
speech-replay,2.6173,0.057400
speech-replay,2.4860,0.058700
speech-replay,2.9019,0.061900
speech-replay,2.6607,0.057100
speech-replay,2.6466,0.054900
speech-replay,2.6591,0.058200
speech-replay,2.4695,0.053100
speech-replay,2.6606,0.059900
speech-replay,3.4648,0.056600
speech-replay,2.7020,0.065900
speech-replay,3.5820,0.063300
speech-replay,2.6854,0.064200
speech-replay,2.7635,0.064200
speech-replay,2.6097,0.054500
speech-replay,2.8104,0.075000
speech-replay,2.9988,0.060900
speech-replay,2.5711,0.060200
speech-replay,2.5644,0.055200
speech-replay,2.6863,0.055900
speech-replay,3.2456,0.080300
speech-replay,3.3432,0.059700
speech-replay,2.9326,0.107500
speech-replay,3.3982,0.058200
speech-replay,2.5968,0.052100
speech-replay,3.8312,0.115000
speech-replay,3.5176,0.093100
speech-replay,3.1838,0.078900
speech-replay,2.5930,0.053900
speech-replay,2.8182,0.058300
speech-replay,2.5030,0.054300
speech-replay,2.2294,0.053600
speech-replay,2.7216,0.059800
speech-replay,2.4202,0.052900
speech-replay,2.4399,0.051800
speech-replay,3.0226,0.064500
speech-replay,3.3874,0.060300
speech-replay,3.1079,0.057200
speech-replay,2.5603,0.054700
speech-replay,2.3965,0.062900
speech-replay,3.1181,0.064500
speech-replay,3.3099,0.072200
speech-replay,3.3548,0.063800
speech-replay,2.7182,0.061700
speech-replay,2.7993,0.062700
speech-replay,2.4285,0.065800
speech-replay,2.7443,0.069100
speech-replay,3.1115,0.055000
speech-replay,2.5783,0.053400
speech-replay,2.9340,0.062200
speech-replay,3.0513,0.057000
speech-replay,2.4924,0.057800
speech-replay,2.7992,0.065300
speech-replay,2.7398,0.055700
speech-replay,3.0531,0.070800
speech-replay,2.8006,0.066700
speech-replay,2.6681,0.057500
speech-replay,2.6435,0.058500
speech-replay,2.7675,0.060100
speech-replay,2.6343,0.056700
speech-replay,2.8697,0.056800
speech-replay,2.4836,0.073200
speech-replay,3.3039,0.058600
speech-replay,2.6231,0.061500
speech-replay,2.7172,0.057200
speech-replay,2.7149,0.058000
speech-replay,3.4657,0.059400
speech-replay,3.3390,0.065100
speech-replay,2.8035,0.061000
speech-replay,3.5063,0.089000
speech-replay,2.6610,0.065500
speech-replay,2.7899,0.052600
speech-replay,2.5978,0.083800
speech-replay,2.8378,0.069300
speech-replay,3.8243,0.077300
speech-replay,2.7982,0.058500
speech-replay,2.6882,0.054300
speech-replay,2.5650,0.057800
speech-replay,2.5637,0.057900
speech-replay,3.7253,0.126900
speech-replay,2.9070,0.069900
speech-replay,3.6713,0.067400
speech-replay,2.8291,0.066500
speech-replay,2.6589,0.055500
speech-replay,3.1416,0.076800
speech-replay,3.9238,0.070300
speech-replay,3.1107,0.077600
speech-replay,2.9387,0.058900
speech-replay,2.8109,0.060300
speech-replay,3.5352,0.064600
speech-replay,3.7677,0.069700
speech-replay,3.2931,0.060200
speech-replay,2.6322,0.054600
speech-replay,2.8330,0.080000
speech-replay,3.2794,0.064500
speech-replay,3.2386,0.068800
speech-replay,3.4050,0.058300
speech-replay,3.0228,0.063100
speech-replay,2.8879,0.057800
speech-replay,3.6607,0.078500
speech-replay,3.8124,0.070900
speech-replay,2.8137,0.067200
speech-replay,3.1237,0.258100
speech-replay,3.0087,0.061900
speech-replay,2.8854,0.054900
speech-replay,2.7768,0.067400
speech-replay,3.5727,0.059400
speech-replay,2.5484,0.059500
speech-replay,2.5836,0.064100
speech-replay,2.9313,0.062800
speech-replay,2.7933,0.056100
speech-replay,3.0304,0.073200
speech-replay,2.7194,0.054800
speech-replay,2.3357,0.054700
speech-replay,2.5430,0.061500
speech-replay,2.9190,0.063700
speech-replay,3.1184,0.147400
speech-replay,3.6522,0.109700
speech-replay,3.3910,0.086200
speech-replay,3.1599,0.085500
speech-replay,3.3113,0.119700
speech-replay,3.5452,0.072700
speech-replay,3.0484,0.061500
speech-replay,3.0864,0.072700
speech-replay,3.1761,0.058900
speech-replay,2.9818,0.058400
speech-replay,2.4580,0.053700
speech-replay,3.0481,0.060600
speech-replay,2.6800,0.071100
speech-replay,3.0638,0.061400
speech-replay,3.1097,0.066800
speech-replay,2.6939,0.055200
speech-replay,2.4782,0.057000
speech-replay,2.7239,0.080500
speech-replay,4.1687,0.119900
speech-replay,3.2012,0.070400
speech-replay,3.0798,0.067300
speech-replay,2.9783,0.060100
speech-replay,2.6529,0.056200
speech-replay,2.6972,0.080300
speech-replay,2.7804,0.058000
speech-replay,3.0825,0.062200
speech-replay,2.6470,0.055700
speech-replay,2.6739,0.056800
speech-replay,2.6713,0.058700
speech-replay,2.4891,0.076900
speech-replay,2.7889,0.061700
speech-replay,3.7875,0.089200
speech-replay,2.8722,0.061000
speech-replay,2.6352,0.060000
speech-replay,2.4218,0.055800
speech-replay,2.7433,0.086200
speech-replay,3.5668,0.073600
speech-replay,3.2070,0.072800
speech-replay,2.9070,0.084200
speech-replay,2.5454,0.080400
speech-replay,2.6119,0.056900
speech-replay,2.8511,0.064700
speech-replay,4.7400,0.129800
speech-replay,3.6211,0.086600
speech-replay,3.3646,0.062300
speech-replay,3.0304,0.101100
speech-replay,3.2236,0.060500
speech-replay,2.6519,0.061300
speech-replay,2.8999,0.057000
speech-replay,2.7879,0.056700
speech-replay,2.5388,0.062100
speech-replay,3.0254,0.070100
speech-replay,2.6875,0.056200
speech-replay,2.4054,0.051400
speech-replay,2.8690,0.070600
speech-replay,2.7234,0.053300
speech-replay,2.5975,0.059100
speech-replay,2.6961,0.065900
speech-replay,3.1886,0.058400
speech-replay,2.5908,0.085200
speech-replay,2.6304,0.049900
speech-replay,2.3524,0.075800
speech-replay,4.1594,0.079300
speech-replay,4.4171,0.090700
speech-replay,3.3479,0.066000
speech-replay,3.2138,0.063000
speech-replay,2.5945,0.055900
speech-replay,2.4156,0.057800
speech-replay,2.7995,0.079800
speech-replay,2.9381,0.058200
speech-replay,2.3714,0.058100
speech-replay,2.7928,0.057800
speech-replay,2.9013,0.059400
speech-replay,2.7252,0.058600
speech-replay,2.9863,0.057400
speech-replay,2.5730,0.094800
speech-replay,3.4516,0.056800
speech-replay,2.3149,0.053400
speech-replay,2.9470,0.055900
speech-replay,2.7219,0.057900
speech-replay,2.5990,0.081900
speech-replay,2.9622,0.054900
speech-replay,2.3092,0.051800
speech-replay,2.6357,0.054600
speech-replay,2.5734,0.058900
speech-replay,2.4712,0.070100
speech-replay,2.7674,0.064100
speech-replay,2.8484,0.058200
speech-replay,2.5399,0.055800
speech-replay,2.4709,0.053700
speech-replay,2.6634,0.055400
speech-replay,2.8793,0.062600
speech-replay,3.1949,0.098500
speech-replay,2.9707,0.066700
speech-replay,3.6673,0.076100
speech-replay,4.0113,0.068400
speech-replay,3.0312,0.062900
speech-replay,3.0970,0.082900
speech-replay,3.0915,0.065000
speech-replay,2.5559,0.086300
speech-replay,3.0417,0.063800
speech-replay,2.9241,0.071300
speech-replay,3.1144,0.072400
speech-replay,3.9115,0.097100
speech-replay,5.2943,0.118600
speech-replay,6.1265,0.127300
speech-replay,4.3972,0.099000
speech-replay,4.5964,0.079500
speech-replay,4.0200,0.116100
speech-replay,4.9292,0.125500
speech-replay,3.6550,0.087100
speech-replay,3.5877,0.092700
speech-replay,3.5742,0.687900
speech-replay,26.0573,0.096600
speech-replay,3.5354,0.094000
speech-replay,4.1239,0.068400
speech-replay,3.4071,0.104000
speech-replay,4.6861,0.085700
speech-replay,4.0390,0.095800
speech-replay,3.5976,0.073600
speech-replay,3.6332,0.097300
speech-replay,3.7868,0.069600
speech-replay,3.6238,0.071800
speech-replay,3.1542,0.061300
speech-replay,3.7442,0.071200
speech-replay,3.1045,0.063100
speech-replay,3.3248,0.066500
speech-replay,3.2170,0.091700
speech-replay,3.3951,0.082000
speech-replay,3.2191,0.095800
speech-replay,4.2194,0.233200
speech-replay,4.0904,0.065200
speech-replay,3.4924,0.076700
speech-replay,3.1581,0.061500
speech-replay,3.1183,0.063300
speech-replay,3.3989,0.125900
speech-replay,3.7463,0.098000
speech-replay,2.9955,0.071100
speech-replay,3.3586,0.064500
speech-replay,2.9314,0.068300
speech-replay,3.5589,0.112300
speech-replay,3.9378,0.063100
speech-replay,2.8645,0.062400
speech-replay,3.3586,0.070700
speech-replay,4.6944,0.087900
speech-replay,4.6993,0.120100
speech-replay,3.8693,0.069700
speech-replay,3.0758,0.092300
speech-replay,3.9328,0.149700
speech-replay,3.4825,0.102000
speech-replay,4.0158,0.075000
speech-replay,2.8698,0.060400
speech-replay,3.3871,0.084300
speech-replay,3.2676,0.116500
speech-replay,3.1995,0.077400
speech-replay,3.0413,0.141000
speech-replay,3.7315,0.108400
speech-replay,3.2838,0.061900
speech-replay,2.5774,0.056100
speech-replay,2.5468,0.053500
speech-replay,2.3925,0.063800
speech-replay,2.6142,0.063800
speech-replay,2.4931,0.075800
speech-replay,3.1406,0.072600
speech-replay,2.7375,0.084800
speech-replay,2.6434,0.050800
speech-replay,2.5794,0.093200
speech-replay,2.6816,0.057400
speech-replay,2.6744,0.144900
speech-replay,3.6669,0.077200
speech-replay,2.9455,0.096300
speech-replay,3.2225,0.060500
speech-replay,2.6807,0.055500
speech-replay,3.2094,0.078000
speech-replay,3.2117,0.061700
speech-replay,2.8933,0.080600
speech-replay,2.7133,0.054800
speech-replay,2.3359,0.051300
speech-replay,2.3895,0.052700
speech-replay,2.3772,0.059100
speech-replay,3.6664,0.085200
speech-replay,2.7947,0.078900
speech-replay,2.4376,0.051200
speech-replay,2.7834,0.060400
speech-replay,2.6857,0.053200
speech-replay,2.9855,0.092900
speech-replay,4.6951,0.084800
speech-replay,3.1856,0.065000
speech-replay,2.9536,0.066900
speech-replay,3.0875,0.087900
speech-replay,3.2803,0.062800
speech-replay,3.2724,0.080100
speech-replay,2.7320,0.067500
speech-replay,2.6214,0.065000
speech-replay,2.5545,0.090000
speech-replay,2.9511,0.056800
speech-replay,2.2656,0.051400
speech-replay,2.7125,0.064900
speech-replay,3.2096,0.058000
speech-replay,2.5060,0.058100
speech-replay,3.1664,0.069400
speech-replay,3.1179,0.059700
speech-replay,2.6891,0.058400
speech-replay,2.3480,0.050000
speech-replay,2.6315,0.061400
speech-replay,2.9143,0.076400
speech-replay,2.9568,0.072500
speech-replay,2.8431,0.061900
speech-replay,2.3757,0.051200
speech-replay,3.2841,0.119600
speech-replay,2.7295,0.052500
speech-replay,2.2726,0.089000
speech-replay,2.9656,0.072200
speech-replay,2.7493,0.053900
speech-replay,2.5650,0.061800
speech-replay,2.8509,0.057400
speech-replay,2.4957,0.056800
speech-replay,2.9963,0.066000
speech-replay,2.9374,0.063800
speech-replay,2.8062,0.070500
speech-replay,2.9520,0.064300
speech-replay,2.5011,0.058900
speech-replay,3.4607,0.073700
speech-replay,2.5806,0.054300
speech-replay,2.5424,0.054300
speech-replay,2.6449,0.082900
speech-replay,2.9066,0.083300
speech-replay,2.7718,0.055300
speech-replay,2.4764,0.053100
speech-replay,3.9042,0.065500
speech-replay,2.8820,0.069500
speech-replay,3.0041,0.092600
speech-replay,3.2148,0.081900
speech-replay,3.2538,0.093000
speech-replay,2.9627,0.058900
speech-replay,2.6178,0.055500
speech-replay,3.0332,0.064500
speech-replay,2.8922,0.063100
speech-replay,2.8582,0.070000
speech-replay,2.7481,0.057000
speech-replay,2.6000,0.065100
speech-replay,3.1130,0.063900
speech-replay,2.6949,0.054100
speech-replay,2.6444,0.054200
speech-replay,2.6766,0.082800
speech-replay,2.6982,0.056900
speech-replay,2.8329,0.064700
speech-replay,2.7601,0.055500
speech-replay,2.5112,0.055600
speech-replay,2.5318,0.052100
speech-replay,2.2551,0.064900
speech-replay,2.5198,0.055500
speech-replay,2.4687,0.059400
speech-replay,2.4216,0.078800
speech-replay,2.5004,0.052400
speech-replay,2.4728,0.067500
speech-replay,3.6436,0.064400
speech-replay,2.6895,0.057500
speech-replay,2.6239,0.064700
speech-replay,3.0214,0.066200
speech-replay,2.7526,0.052800
speech-replay,2.6364,0.083500
speech-replay,3.1459,0.063000
speech-replay,3.1925,0.073700
speech-replay,2.8937,0.058100
speech-replay,2.4329,0.056300
speech-replay,2.5766,0.055800
speech-replay,2.5255,0.054500
speech-replay,2.4853,0.054500
speech-replay,2.9161,0.080700
speech-replay,3.7192,0.058700
speech-replay,4.0831,0.064800
speech-replay,2.9561,0.059700
speech-replay,3.0473,0.068900
speech-replay,2.6710,0.059900
speech-replay,2.9862,0.070400
speech-replay,3.0896,0.070000
speech-replay,2.7484,0.056600
speech-replay,2.7991,0.066100
speech-replay,3.0464,0.087900
speech-replay,3.5384,0.059300
speech-replay,2.7315,0.056600
speech-replay,2.9595,0.124900
speech-replay,3.4429,0.061200
speech-replay,3.1923,0.087500
speech-replay,2.8673,0.057100
speech-replay,2.3858,0.053500
speech-replay,2.3542,0.057300
speech-replay,2.7444,0.063300
speech-replay,2.9409,0.075600
speech-replay,3.5393,0.085800
speech-replay,2.9253,0.055900
speech-replay,2.9855,0.063700
speech-replay,2.9457,0.061800
speech-replay,2.7812,0.065200
speech-replay,2.8452,0.060800
speech-replay,2.7154,0.056900
speech-replay,3.0343,0.060700
speech-replay,2.4700,0.055000
speech-replay,2.6330,0.070300
speech-replay,4.4635,0.072800
speech-replay,2.9294,0.064300
speech-replay,2.7035,0.056000
speech-replay,2.9697,0.063000
speech-replay,2.9659,0.059600
speech-replay,2.6204,0.051300
speech-replay,2.9976,0.060900
speech-replay,2.4982,0.057900
speech-replay,2.3879,0.051100
speech-replay,2.5868,0.057800
speech-replay,2.9998,0.068100
speech-replay,2.8179,0.060300
speech-replay,2.7851,0.059300
speech-replay,2.4518,0.056200
speech-replay,3.0644,0.066900
speech-replay,3.2735,0.063600
speech-replay,2.5789,0.059200
speech-replay,2.8423,0.065000
speech-replay,2.5795,0.055600
speech-replay,2.4981,0.052200
speech-replay,2.2787,0.050100
speech-replay,2.4186,0.105300
speech-replay,2.9877,0.066900
speech-replay,3.0216,0.079400
speech-replay,2.8707,0.062900
speech-replay,2.7111,0.058100
speech-replay,2.7969,0.095200
speech-replay,3.2662,0.072200
speech-replay,2.7133,0.057000
speech-replay,3.1813,0.069400
speech-replay,2.7808,0.058300
speech-replay,2.7471,0.061200
speech-replay,3.3971,0.063800
speech-replay,2.7672,0.066600
speech-replay,2.8370,0.060100
speech-replay,2.5783,0.056100
speech-replay,2.7886,0.060700
speech-replay,2.7506,0.056800
speech-replay,2.7200,0.074400
speech-replay,3.2120,0.061000
speech-replay,2.4882,0.051500
speech-replay,2.3196,0.051500
speech-replay,2.6944,0.055900
speech-replay,3.0189,0.063800
speech-replay,2.9403,0.058100
speech-replay,2.8208,0.054800
speech-replay,2.9583,0.062200
speech-replay,2.6212,0.056700
speech-replay,2.3288,0.054300
speech-replay,3.5247,0.072600
speech-replay,3.1343,0.065000
speech-replay,2.8980,0.065100
speech-replay,2.5958,0.058900
speech-replay,3.0139,0.056800
speech-replay,3.1040,0.063700
speech-replay,2.6534,0.078900
speech-replay,2.9586,0.066500
speech-replay,2.6934,0.055500
speech-replay,2.4301,0.052600
speech-replay,2.2699,0.073100
speech-replay,2.8802,0.067700
speech-replay,2.6590,0.056600
speech-replay,3.0060,0.065500
speech-replay,2.7268,0.056400
speech-replay,2.7777,0.052900
speech-replay,2.3841,0.049900
speech-replay,3.1746,0.065900
speech-replay,2.5589,0.065000
speech-replay,3.0047,0.067300
speech-replay,2.7523,0.054900
speech-replay,2.4270,0.049800
speech-replay,2.4434,0.057300
speech-replay,3.6307,0.067000
speech-replay,2.7631,0.063900
speech-replay,2.9717,0.112200
speech-replay,3.1172,0.057000
speech-replay,2.5215,0.053600
speech-replay,2.6283,0.081400
speech-replay,2.9898,0.066100
speech-replay,2.9189,0.056700
speech-replay,3.1858,0.088700
speech-replay,2.9224,0.059500
speech-replay,2.7708,0.077600
speech-replay,3.0288,0.060900
speech-replay,2.6602,0.057900
speech-replay,2.7667,0.081800
speech-replay,3.0583,0.062300
speech-replay,2.4103,0.052700
speech-replay,2.4494,0.056900
speech-replay,2.4763,0.057000
speech-replay,2.8626,0.061300
speech-replay,2.6792,0.065800
speech-replay,2.6971,0.064800
speech-replay,3.3561,0.057800
speech-replay,2.5304,0.056300
speech-replay,2.2518,0.067600
speech-replay,2.5375,0.059700
speech-replay,2.7221,0.056600
speech-replay,2.8730,0.095300
speech-replay,3.3690,0.061600
speech-replay,2.8893,0.067100
speech-replay,3.0078,0.060500
speech-replay,2.5225,0.054600
speech-replay,2.4930,0.076100
speech-replay,3.3309,0.082700
speech-replay,2.7993,0.059400
speech-replay,3.0206,0.063600
speech-replay,2.6331,0.056000
speech-replay,2.4654,0.054800
speech-replay,2.4291,0.053500
speech-replay,2.8497,0.080500
speech-replay,3.5615,0.063400
speech-replay,2.4934,0.056600
speech-replay,2.5013,0.055200
speech-replay,2.6604,0.060200
speech-replay,3.0441,0.073700
speech-replay,2.8413,0.063800
speech-replay,2.7706,0.059700
speech-replay,2.5453,0.074000
speech-replay,2.7333,0.061600
speech-replay,2.5965,0.057400
speech-replay,3.1192,0.086400
speech-replay,3.4392,0.057000
speech-replay,3.0182,0.061100
speech-replay,2.8755,0.061100
speech-replay,2.5471,0.060100
speech-replay,2.4402,0.055700
speech-replay,2.6582,0.066100
speech-replay,2.7924,0.060700
speech-replay,3.1771,0.071000
speech-replay,2.7759,0.055100
speech-replay,2.5900,0.056400
speech-replay,2.5376,0.053300
speech-replay,3.1893,0.071500
speech-replay,3.3115,0.061500
speech-replay,2.5747,0.060400
speech-replay,2.3229,0.055000
speech-replay,2.2445,0.056200
speech-replay,2.6503,0.068400
speech-replay,2.9850,0.101000
speech-replay,3.1035,0.061400
speech-replay,2.5491,0.054800
speech-replay,2.3732,0.054500
speech-replay,2.6561,0.061800
speech-replay,2.5624,0.085600
speech-replay,2.7350,0.080900
speech-replay,3.3414,0.082400
speech-replay,2.7838,0.055400
speech-replay,2.4742,0.056400
speech-replay,2.6406,0.058500
speech-replay,2.8714,0.091800
speech-replay,3.5901,0.065800
speech-replay,2.7169,0.068000
speech-replay,2.7923,0.058600
speech-replay,2.7407,0.061100
speech-replay,2.6321,0.056400
speech-replay,2.8445,0.063900
speech-replay,2.9091,0.079400
speech-replay,2.8518,0.070800
speech-replay,2.4345,0.055300
speech-replay,2.2685,0.053100
speech-replay,2.8165,0.070900
speech-replay,2.8885,0.059500
speech-replay,2.4274,0.055200
speech-replay,2.2905,0.080600
speech-replay,2.8720,0.053100
speech-replay,2.3257,0.051300
speech-replay,2.8797,0.097100
speech-replay,2.8982,0.056100
speech-replay,2.5392,0.054000
speech-replay,2.5870,0.057900
speech-replay,2.6357,0.055200
speech-replay,3.1167,0.090500
speech-replay,3.0429,0.088000
speech-replay,3.3409,0.064200
speech-replay,2.7449,0.056100
speech-replay,2.5208,0.054400
speech-replay,2.3632,0.057100
speech-replay,2.7616,0.060300
speech-replay,3.0766,0.062700
speech-replay,2.9065,0.058200
speech-replay,2.7829,0.067500
speech-replay,2.9368,0.058800
speech-replay,3.0043,0.064300
speech-replay,2.6375,0.057800
speech-replay,2.7079,0.061700
speech-replay,3.1484,0.072100
speech-replay,2.9336,0.064900
speech-replay,2.5679,0.057900
speech-replay,2.5329,0.054400
speech-replay,2.7577,0.058300
speech-replay,2.6543,0.059800
speech-replay,2.9677,0.094500
speech-replay,3.0467,0.057700
speech-replay,2.9535,0.061000
speech-replay,2.6912,0.060200
speech-replay,2.5387,0.055600
speech-replay,2.5382,0.053400
speech-replay,2.9731,0.081600
speech-replay,2.8169,0.058200
speech-replay,2.5913,0.053200
speech-replay,2.8562,0.062200
speech-replay,2.4544,0.052400
speech-replay,2.4756,0.060100
speech-replay,2.7140,0.069000
speech-replay,3.0453,0.059700
speech-replay,2.8657,0.056400
speech-replay,2.4546,0.053600
speech-replay,2.3873,0.073700
speech-replay,2.6168,0.053000
speech-replay,2.7620,0.094600
speech-replay,3.2292,0.088900
speech-replay,3.5951,0.063400
speech-replay,3.1719,0.058500
speech-replay,2.9194,0.056200
speech-replay,2.9813,0.065200
speech-replay,3.2320,0.073700
speech-replay,3.3908,0.083100
speech-replay,3.4472,0.064400
speech-replay,2.7340,0.056400
speech-replay,2.8264,0.064100
speech-replay,2.9379,0.061500
speech-replay,3.2484,0.080600
speech-replay,3.1482,0.059600
speech-replay,2.9051,0.062300
speech-replay,2.7381,0.062200
speech-replay,2.6664,0.056200
speech-replay,2.9915,0.068700
speech-replay,2.6294,0.055900
speech-replay,2.6181,0.094200
speech-replay,2.8387,0.054300
speech-replay,2.4270,0.056300
speech-replay,2.6804,0.082500
speech-replay,2.5624,0.053800
speech-replay,2.5171,0.059000
speech-replay,2.6730,0.098900
speech-replay,3.1035,0.055900
speech-replay,2.4646,0.141700
speech-replay,2.7044,0.051800
speech-replay,2.5784,0.055400
speech-replay,2.9116,0.060000
speech-replay,2.5617,0.055200
speech-replay,2.6071,0.078600
speech-replay,2.9221,0.060800
speech-replay,3.1484,0.057100
speech-replay,2.6831,0.069100
speech-replay,2.9219,0.062400
speech-replay,3.0537,0.075300
speech-replay,2.6653,0.059900
speech-replay,3.7892,0.128000
speech-replay,4.1647,0.067600
speech-replay,3.2153,0.060200
speech-replay,2.6227,0.060300
speech-replay,2.9479,0.056200
speech-replay,2.9718,0.058800
speech-replay,2.6911,0.060400
speech-replay,2.7132,0.076100
speech-replay,3.3339,0.054400
speech-replay,2.6895,0.077000
speech-replay,2.6536,0.055500
speech-replay,3.0978,0.067600
speech-replay,2.7641,0.086000
speech-replay,2.7150,0.058700
speech-replay,2.3980,0.060500
speech-replay,2.3695,0.054700
speech-replay,2.3904,0.053300
speech-replay,2.8470,0.070500
speech-replay,2.8694,0.075000
speech-replay,2.9752,0.053600
speech-replay,2.5373,0.061600
speech-replay,2.8899,0.060800
speech-replay,2.9685,0.058400
speech-replay,2.4909,0.054300
speech-replay,2.4687,0.056000
speech-replay,2.7906,0.101800
speech-replay,3.1074,0.054200
speech-replay,2.5285,0.076100
speech-replay,3.0053,0.060600
speech-replay,2.7876,0.061500
speech-replay,2.6394,0.059600
speech-replay,2.5819,0.058700
speech-replay,2.9295,0.059100
speech-replay,2.7472,0.066100
speech-replay,2.5953,0.055800
speech-replay,2.7579,0.061800
speech-replay,2.4424,0.052500
speech-replay,2.7813,0.061500
speech-replay,2.9247,0.066200
speech-replay,2.9596,0.056300
speech-replay,2.6236,0.058200
speech-replay,2.5767,0.075500
speech-replay,2.4166,0.051900
speech-replay,2.4962,0.051200
speech-replay,3.3714,0.069100
speech-replay,2.8622,0.060200
speech-replay,2.4623,0.055600
speech-replay,2.5431,0.050200
speech-replay,2.6366,0.057800
speech-replay,2.6154,0.061900
speech-replay,2.7223,0.058200
speech-replay,2.9461,0.068900
speech-replay,2.7955,0.059400
speech-replay,2.5058,0.060500
speech-replay,2.5521,0.059600
speech-replay,2.3304,0.058900
speech-replay,2.8081,0.060200
speech-replay,2.4504,0.060100
speech-replay,2.3811,0.061600
speech-replay,2.8510,0.061400
speech-replay,2.4021,0.051700
speech-replay,2.5319,0.064600
speech-replay,3.4597,0.065600
speech-replay,3.4431,0.102100
speech-replay,3.7915,0.065900
speech-replay,3.1448,0.112000
speech-replay,3.3289,0.059100
speech-replay,2.6506,0.067600
speech-replay,3.1697,0.069100
speech-replay,2.6859,0.063000
speech-replay,3.4916,0.099600
speech-replay,2.9634,0.082200
speech-replay,4.1886,0.079800
speech-replay,3.2547,0.067300
speech-replay,3.8425,0.073900
speech-replay,3.3762,0.098700
speech-replay,4.2802,0.081800
speech-replay,4.7095,0.098700
speech-replay,3.7777,0.073900
speech-replay,3.5606,0.069300
speech-replay,3.4250,0.089300
speech-replay,3.1932,0.066000
speech-replay,3.1931,0.090900
speech-replay,3.4830,0.069100
speech-replay,3.3003,0.073400
speech-replay,3.4895,0.094200
speech-replay,3.9179,0.066100
speech-replay,3.1698,0.203700
speech-replay,4.5029,0.121500
speech-replay,3.6825,0.070300
speech-replay,3.5603,0.117100
speech-replay,3.7444,0.068700
speech-replay,3.0715,0.064300
speech-replay,3.5685,0.070900
speech-replay,2.9407,0.064000
speech-replay,3.1985,0.071800
speech-replay,2.7409,0.056600
speech-replay,2.5958,0.074400
speech-replay,2.7952,0.071000
speech-replay,3.1802,0.068800
speech-replay,4.7183,0.078700
speech-replay,3.5225,0.097400
speech-replay,3.8841,0.065400
speech-replay,2.8624,0.059600
speech-replay,2.9546,0.061500
speech-replay,2.6810,0.061300
speech-replay,3.2846,0.062400
speech-replay,3.0640,0.067200
speech-replay,2.6227,0.058500
speech-replay,2.7097,0.052500
speech-replay,2.6751,0.054300
speech-replay,3.1605,0.073200
speech-replay,3.0569,0.054500
speech-replay,3.3265,0.090600
speech-replay,2.7602,0.057400
speech-replay,2.6457,0.055100
speech-replay,2.4915,0.057700
speech-replay,2.7068,0.062400
speech-replay,3.1015,0.070900
speech-replay,2.9517,0.057400
speech-replay,2.4853,0.054000
speech-replay,3.0692,0.066600
speech-replay,2.8892,0.058500
speech-replay,2.7639,0.185400
speech-replay,3.5311,0.064300
speech-replay,3.0762,0.063900
speech-replay,2.8984,0.063200
speech-replay,2.7046,0.093400
speech-replay,3.3251,0.059000
speech-replay,2.7239,0.054400
speech-replay,3.0367,0.062600
speech-replay,2.5845,0.053600
speech-replay,2.2783,0.061800
speech-replay,2.6656,0.058300
speech-replay,2.5714,0.052600
speech-replay,3.3616,0.074700
speech-replay,2.7803,0.059000
speech-replay,2.3816,0.058900
speech-replay,2.7685,0.082800
speech-replay,2.4444,0.054200
speech-replay,2.8705,0.105400
speech-replay,4.2578,0.065300
speech-replay,3.1705,0.071700
speech-replay,2.9082,0.072400
speech-replay,2.7355,0.054900
speech-replay,3.1245,0.076700
speech-replay,2.9610,0.053400
speech-replay,3.2283,0.077400
speech-replay,2.6943,0.052000
speech-replay,2.6997,0.056100
speech-replay,2.5040,0.052800
speech-replay,2.8793,0.070500
speech-replay,3.5096,0.068900
speech-replay,2.8144,0.054400
speech-replay,2.6075,0.074700
speech-replay,2.6635,0.053300
speech-replay,2.8104,0.079600
speech-replay,3.1275,0.104300
speech-replay,3.2288,0.075900
speech-replay,2.7994,0.057700
speech-replay,2.7076,0.058000
speech-replay,2.5534,0.075900
speech-replay,2.6830,0.053100
speech-replay,2.5998,0.052200
speech-replay,2.6658,0.053500
speech-replay,3.0252,0.061600
speech-replay,2.7243,0.060100
speech-replay,2.3427,0.052400
speech-replay,2.6048,0.053100
speech-replay,2.3022,0.055800
speech-replay,2.5121,0.057400
speech-replay,2.7095,0.100000
speech-replay,3.0822,0.058600
speech-replay,2.8936,0.069200
speech-replay,2.7645,0.055500
speech-replay,2.6154,0.054200
speech-replay,2.2287,0.050800
speech-replay,2.6451,0.061200
speech-replay,2.9082,0.065100
speech-replay,3.0704,0.065900
speech-replay,2.7066,0.055200
speech-replay,2.6622,0.056800
speech-replay,2.9292,0.057300
speech-replay,2.6584,0.059000
speech-replay,2.4586,0.077400
speech-replay,3.7162,0.062600
speech-replay,2.5211,0.053800
speech-replay,2.7231,0.061100
speech-replay,2.7186,0.055900
speech-replay,2.7613,0.057800
speech-replay,3.8161,0.057000
speech-replay,2.8133,0.076200
speech-replay,2.6732,0.054700
speech-replay,2.3076,0.050900
speech-replay,2.4144,0.109200
speech-replay,2.8986,0.055900
speech-replay,2.5502,0.053600
speech-replay,2.6649,0.057900
speech-replay,2.3805,0.053100
speech-replay,2.4867,0.070300
speech-replay,2.8282,0.058600
speech-replay,2.4001,0.052900
speech-replay,2.6969,0.057400
speech-replay,3.1175,0.058000
speech-replay,2.5221,0.053000
speech-replay,2.5612,0.059600
speech-replay,2.8820,0.058300
speech-replay,2.3725,0.052800
speech-replay,2.4347,0.051200
speech-replay,2.5512,0.057100
speech-replay,2.6486,0.056700
speech-replay,2.6052,0.056200
speech-replay,2.4480,0.052300
speech-replay,2.5833,0.068400
speech-replay,3.0345,0.058700
speech-replay,2.5401,0.057600
speech-replay,2.4309,0.055200
speech-replay,2.4494,0.053300
speech-replay,2.6269,0.062400
speech-replay,3.2681,0.060600
speech-replay,2.6161,0.062300
speech-replay,2.8244,0.076800
speech-replay,2.5097,0.055600
speech-replay,2.3761,0.073700
speech-replay,2.5635,0.056200
speech-replay,3.1073,0.074100
speech-replay,3.0675,0.060800
speech-replay,2.9472,0.053800
speech-replay,2.4835,0.053800
speech-replay,2.9463,0.058700
speech-replay,2.5268,0.052900
speech-replay,3.4968,0.066700
speech-replay,2.8378,0.067000
speech-replay,3.1593,0.067100
speech-replay,2.8336,0.080500
speech-replay,2.5625,0.053400
speech-replay,2.4026,0.081300
speech-replay,2.6049,0.052800
speech-replay,2.7579,0.064700
speech-replay,2.8445,0.060500
speech-replay,2.4387,0.052400
speech-replay,2.4455,0.050600
speech-replay,2.7266,0.065700
speech-replay,2.6712,0.060700
speech-replay,2.5648,0.054500
speech-replay,2.4245,0.079800
speech-replay,2.9800,0.054500
speech-replay,3.0822,0.059300
speech-replay,3.2638,0.093100
speech-replay,3.8665,0.071900
speech-replay,3.7667,0.104100
speech-replay,3.0527,0.066900
speech-replay,2.9924,0.064900
speech-replay,3.2366,0.071000
speech-replay,2.8610,0.064300
speech-replay,3.1147,0.089700
speech-replay,3.3565,0.068000
speech-replay,3.4147,0.072300
speech-replay,2.9804,0.063200
speech-replay,3.0084,0.068200
speech-replay,3.6386,0.086700
speech-replay,4.5625,0.102100
speech-replay,4.1143,0.075600
speech-replay,3.2409,0.065000
speech-replay,3.4014,0.098900
speech-replay,3.6381,0.081100
speech-replay,3.3972,0.099500
speech-replay,3.3331,0.065800
speech-replay,3.3702,0.075800
speech-replay,3.5032,0.082900
speech-replay,3.5949,0.107000
speech-replay,3.3256,0.066500
speech-replay,2.7032,0.063600
speech-replay,3.0191,0.066200
speech-replay,3.0881,0.064600
speech-replay,4.1026,0.123200
speech-replay,4.2893,0.094400
speech-replay,4.0526,0.080100
speech-replay,3.1871,0.070700
speech-replay,3.7464,0.068600
speech-replay,3.5439,0.072800
speech-replay,3.0060,0.065600
speech-replay,2.8981,0.058200
speech-replay,3.4091,0.110700
speech-replay,3.3102,0.059700
speech-replay,3.1532,0.091700
speech-replay,3.3839,0.070400
speech-replay,3.7629,0.139600
speech-replay,3.9134,0.070500
speech-replay,3.0396,0.066200
speech-replay,2.8074,0.063400
speech-replay,3.4023,0.066300
speech-replay,3.3500,0.064800
speech-replay,4.0845,0.074000
speech-replay,3.3047,0.069700
speech-replay,2.8294,0.060000
speech-replay,3.3174,0.090600
speech-replay,3.2663,0.069900
speech-replay,3.7619,0.083100
speech-replay,3.0365,0.079800
speech-replay,3.0646,0.068000
speech-replay,2.5136,0.056700
speech-replay,2.6776,0.057800
speech-replay,3.0812,0.095400
speech-replay,4.2141,0.109200
speech-replay,3.8619,0.108700
speech-replay,5.2926,0.098200
speech-replay,4.1521,0.089800
speech-replay,5.0972,0.108000
speech-replay,4.2219,0.078500
speech-replay,3.9024,0.085300
speech-replay,4.3196,0.086700
speech-replay,4.9720,0.097300
speech-replay,4.2840,0.281100
speech-replay,3.9661,0.079700
speech-replay,3.6860,0.095400
speech-replay,4.2423,0.118200
speech-replay,4.7704,0.116500
speech-replay,4.3071,0.106800
speech-replay,4.1517,0.102200
speech-replay,5.1362,0.078000
speech-replay,4.3074,0.097800
speech-replay,4.0715,0.069400
speech-replay,3.6792,0.083600
speech-replay,3.8414,0.095700
speech-replay,3.5507,0.067400
speech-replay,3.1136,0.064200
speech-replay,3.3737,0.127000
speech-replay,3.6696,0.060900
speech-replay,3.5797,0.080400
speech-replay,3.6917,0.069500
speech-replay,3.0658,0.075200
speech-replay,3.2999,0.062400
speech-replay,2.7544,0.097200
speech-replay,3.3377,0.066200
speech-replay,2.8413,0.072100
speech-replay,3.6012,0.093800
speech-replay,3.7470,0.076300
speech-replay,3.5422,0.068500
speech-replay,3.3375,0.079000
speech-replay,3.0404,0.059700
speech-replay,3.1732,0.064100
speech-replay,3.1704,0.091100
speech-replay,3.8247,0.097600
speech-replay,3.5527,0.070700
speech-replay,2.8690,0.078000
speech-replay,2.9584,0.098400
speech-replay,3.1566,0.089500
speech-replay,3.2627,0.113800
speech-replay,3.6215,0.084300
speech-replay,2.9679,0.058300
speech-replay,3.2793,0.071400
speech-replay,2.9289,0.090700
speech-replay,3.1180,0.078600
speech-replay,3.4141,0.074500
speech-replay,3.3150,0.076300
speech-replay,3.1351,0.095100
speech-replay,3.0086,0.093000
speech-replay,2.9806,0.065200
speech-replay,3.0915,0.063800
speech-replay,3.1731,0.070800
speech-replay,3.1604,0.072900
speech-replay,3.2844,0.088400
speech-replay,2.9107,0.067700
speech-replay,3.1620,0.140900
speech-replay,3.9367,0.071100
speech-replay,3.1435,0.064900
speech-replay,3.2394,0.105100
speech-replay,3.6273,0.090800
speech-replay,3.9464,0.076200
speech-replay,4.1810,0.091700
speech-replay,3.4061,0.069100
speech-replay,2.9282,0.064800
speech-replay,2.7204,0.082200
speech-replay,2.7084,0.065800
speech-replay,2.7579,0.109600
speech-replay,2.8471,0.058900
speech-replay,2.8038,0.056200
speech-replay,2.6349,0.056000
speech-replay,2.8732,0.089500
speech-replay,3.4972,0.058800
speech-replay,2.7088,0.055000
speech-replay,2.9361,0.064200
speech-replay,2.9165,0.063500
speech-replay,3.1275,0.073600
speech-replay,2.7646,0.055100
speech-replay,2.5271,0.056300
speech-replay,2.7496,0.062300
speech-replay,4.4718,0.059400
speech-replay,2.6838,0.058500
speech-replay,2.7747,0.056100
speech-replay,2.7895,0.067300
speech-replay,2.9811,0.065500
speech-replay,2.8697,0.056900
speech-replay,2.5930,0.053300
speech-replay,3.1871,0.067600
speech-replay,2.7515,0.054200
speech-replay,2.8360,0.076900
speech-replay,3.5044,0.063400
speech-replay,2.6556,0.060200
speech-replay,3.1072,0.065600
speech-replay,2.6848,0.056100
speech-replay,2.5224,0.054000
speech-replay,2.5834,0.056600
speech-replay,3.0390,0.079400
speech-replay,2.9710,0.083600
speech-replay,3.1175,0.060200
speech-replay,3.1434,0.074400
speech-replay,2.4839,0.054400
speech-replay,2.2563,0.056400
speech-replay,3.2809,0.067900
speech-replay,3.1331,0.057600
speech-replay,2.9149,0.090700
speech-replay,2.9341,0.057200
speech-replay,2.7814,0.142300
speech-replay,3.4075,0.062200
speech-replay,2.6670,0.061000
speech-replay,2.9404,0.055400
speech-replay,3.0037,0.058500
speech-replay,2.7475,0.054000
speech-replay,2.6157,0.055600
speech-replay,3.0036,0.089000
speech-replay,2.9262,0.057900
speech-replay,2.6200,0.056300
speech-replay,3.3016,0.074600
speech-replay,3.1700,0.090800
speech-replay,2.7212,0.086000
speech-replay,2.4777,0.055900
speech-replay,2.6159,0.056700
speech-replay,2.6201,0.059100
speech-replay,2.6680,0.062300
speech-replay,3.5858,0.080500
speech-replay,3.9031,0.076800
speech-replay,3.7597,0.071500
speech-replay,3.8888,0.075200
speech-replay,3.7972,0.076400
speech-replay,3.2898,0.069200
speech-replay,3.6550,0.072800
speech-replay,3.4721,0.081600
speech-replay,3.7122,0.108400
speech-replay,2.8635,0.058000
speech-replay,3.5807,0.065300
speech-replay,2.5612,0.057000
speech-replay,2.9513,0.089800
speech-replay,2.9602,0.068900
speech-replay,2.5390,0.053500
speech-replay,2.9712,0.068400
speech-replay,2.9526,0.062100
speech-replay,3.1487,0.075900
speech-replay,3.1141,0.061700
speech-replay,3.1206,0.082700
speech-replay,3.0059,0.074200
speech-replay,2.7341,0.078900
speech-replay,2.9862,0.057300
speech-replay,2.7140,0.054000
speech-replay,3.0609,0.159000
speech-replay,3.2418,0.056700
speech-replay,2.7920,0.059600
speech-replay,2.5837,0.052300
speech-replay,2.8005,0.058800
speech-replay,2.8375,0.063000
speech-replay,3.1273,0.062600
speech-replay,3.6004,0.076500
speech-replay,3.1389,0.101500
speech-replay,3.6622,0.066400
speech-replay,3.5520,0.079800
speech-replay,3.6143,0.082700
speech-replay,3.3248,0.064900
speech-replay,3.1475,0.127100
speech-replay,3.7204,0.084200
speech-replay,3.7702,0.086500
speech-replay,3.7451,0.111500
speech-replay,4.2354,0.129800
speech-replay,3.6179,0.064600
speech-replay,3.7727,0.076400
speech-replay,3.5432,0.088900
speech-replay,3.7889,0.136600
speech-replay,3.3252,0.091200
speech-replay,3.5803,0.079100
speech-replay,3.7817,0.068400
speech-replay,3.5517,0.079800
speech-replay,3.4219,0.068200
speech-replay,3.4945,0.066800
speech-replay,4.0929,0.097800
speech-replay,4.1027,0.075200
speech-replay,3.7006,0.095900
speech-replay,4.7595,0.113200
speech-replay,5.5047,0.075500
speech-replay,3.3995,0.077100
speech-replay,4.0897,0.090000
speech-replay,4.3224,0.079200
speech-replay,3.8709,0.120700
speech-replay,5.8426,0.074500
speech-replay,4.8588,0.183500
speech-replay,5.1987,0.115200
speech-replay,4.1535,0.082300
speech-replay,4.2938,0.086000
speech-replay,3.8193,0.108200
speech-replay,3.6549,0.069900
speech-replay,4.3956,0.076400
speech-replay,3.6778,0.108300
speech-replay,4.1167,0.095900
speech-replay,3.7105,0.064100
speech-replay,5.1054,0.089400
speech-replay,4.5457,0.090300
speech-replay,4.5615,0.105300
speech-replay,5.0882,0.108300
speech-replay,4.1172,0.071200
speech-replay,4.4645,0.071700
speech-replay,4.6081,0.069400
speech-replay,3.6893,0.073600
speech-replay,3.1421,0.071000
speech-replay,4.0986,0.076200
speech-replay,3.6386,0.072100
speech-replay,3.6127,0.130800
speech-replay,3.8099,0.083700
speech-replay,4.2579,0.093500
speech-replay,4.3825,0.093900
speech-replay,4.8994,0.076500
speech-replay,4.6951,0.102600
speech-replay,3.4907,0.069200
speech-replay,3.9590,0.113400
speech-replay,3.7045,0.087400
speech-replay,4.6227,0.071600
speech-replay,3.2171,0.113600
speech-replay,3.4210,0.090500
speech-replay,5.0373,0.075300
speech-replay,3.2442,0.074400
speech-replay,3.9982,0.074400
speech-replay,3.8255,0.113000
speech-replay,4.4104,0.080000
speech-replay,3.4155,0.094200
speech-replay,3.5463,0.068100
speech-replay,3.7488,0.116900
speech-replay,4.7348,0.121500
speech-replay,5.6561,0.102600
speech-replay,25.5857,0.122500
speech-replay,4.8494,0.107800
speech-replay,4.9416,0.094500
speech-replay,6.0108,0.100900
speech-replay,4.5650,0.080900
speech-replay,3.5029,0.072200
speech-replay,3.5799,0.064300
speech-replay,3.4561,0.070600
speech-replay,3.4988,0.067800
speech-replay,3.8042,0.090200
speech-replay,3.7793,0.099300
speech-replay,3.4346,0.069100
speech-replay,3.0543,0.063500
speech-replay,3.1953,0.074700
speech-replay,4.0924,0.083200
speech-replay,2.9656,0.065200
speech-replay,3.3934,0.065100
speech-replay,3.1958,0.066100
speech-replay,3.9843,0.065900
speech-replay,3.6519,0.084500
speech-replay,3.4098,0.065100
speech-replay,3.1535,0.057100
speech-replay,3.4760,0.083300
speech-replay,3.7905,0.076700
speech-replay,4.0750,0.077600
speech-replay,3.1860,0.060100
speech-replay,3.8472,0.075900
speech-replay,3.1626,0.060800
speech-replay,4.4083,0.091200
speech-replay,5.0732,0.115100
speech-replay,3.8997,0.078500
speech-replay,3.8627,0.107200
speech-replay,3.5551,0.069400
speech-replay,4.0793,0.071600
speech-replay,3.3063,0.098000
speech-replay,3.7641,0.123500
speech-replay,4.3623,0.099500
speech-replay,5.1174,0.074100
speech-replay,3.9083,0.102200
speech-replay,3.2429,0.062400
speech-replay,3.4722,0.133100
speech-replay,3.2440,0.064800
speech-replay,3.9897,0.076500
speech-replay,3.6744,0.098000
speech-replay,3.7442,0.078800
speech-replay,3.0619,0.062400
speech-replay,3.6346,0.103100
speech-replay,3.9254,0.103800
speech-replay,4.3951,0.145900
speech-replay,4.2093,0.077400
speech-replay,3.4291,0.065000
speech-replay,3.0669,0.100400
speech-replay,3.4398,0.068900
speech-replay,3.8479,0.081000
speech-replay,4.1270,0.073800
speech-replay,3.4966,0.119800
speech-replay,3.8958,0.070200
speech-replay,3.5006,0.082300
speech-replay,3.1296,0.073700
speech-replay,4.1607,0.106100
speech-replay,3.5709,0.069700
speech-replay,3.7602,0.156700
speech-replay,4.2705,0.075600
speech-replay,3.3186,0.089400
speech-replay,3.8466,0.081000
speech-replay,3.2959,0.065300
speech-replay,3.1674,0.064900
speech-replay,3.6532,0.085700
speech-replay,3.6842,0.072500
speech-replay,3.6875,0.071400
speech-replay,3.8533,0.088900
speech-replay,3.6935,0.086800
speech-replay,4.1621,0.125200
speech-replay,3.8597,0.064300
speech-replay,2.9583,0.083700
speech-replay,2.5547,0.053200
speech-replay,3.5915,0.096600
speech-replay,3.6128,0.083500
speech-replay,3.2098,0.061200
speech-replay,2.6118,0.063300
speech-replay,3.7029,0.097200
speech-replay,3.8205,0.082300
speech-replay,4.0217,0.117500
speech-replay,3.5918,0.080000
speech-replay,3.2187,0.064000
speech-replay,3.5476,0.096100
speech-replay,4.4933,0.107900
speech-replay,3.9874,0.074000
speech-replay,3.4989,0.074800
speech-replay,3.3262,0.075900
speech-replay,3.3668,0.069900
speech-replay,3.5909,0.065700
speech-replay,3.0052,0.060000
speech-replay,2.7392,0.058700
speech-replay,2.9334,0.060100
speech-replay,2.6514,0.058800
speech-replay,2.8583,0.057500
speech-replay,3.4133,0.059500
speech-replay,3.0179,0.062200
speech-replay,2.9334,0.076900
speech-replay,2.9301,0.057500
speech-replay,2.6426,0.055300
speech-replay,2.5811,0.076000
speech-replay,2.5278,0.054600
speech-replay,3.3018,0.059500
speech-replay,2.8195,0.059100
speech-replay,2.5133,0.092700
speech-replay,3.2658,0.064700
speech-replay,2.6670,0.052800
speech-replay,2.6316,0.054500
speech-replay,2.9710,0.088800
speech-replay,3.5799,0.061700
speech-replay,2.6109,0.057100
speech-replay,2.6922,0.059600
speech-replay,2.8007,0.081900
speech-replay,2.6356,0.054900
speech-replay,2.4323,0.054200
speech-replay,2.3542,0.051400
speech-replay,2.5206,0.069500
speech-replay,2.8218,0.073300
speech-replay,2.9367,0.058000
speech-replay,3.0143,0.071500
speech-replay,2.7884,0.056100
speech-replay,2.6578,0.054800
speech-replay,2.7065,0.059800
speech-replay,3.4624,0.060100
speech-replay,2.5572,0.061600
speech-replay,3.0694,0.055200
speech-replay,2.3436,0.052700
speech-replay,2.8757,0.083800
speech-replay,2.8233,0.058800
speech-replay,2.8979,0.062600
speech-replay,2.9838,0.059400
speech-replay,2.4626,0.057800
speech-replay,2.3020,0.058400
speech-replay,2.6871,0.055100
speech-replay,2.2724,0.052700
speech-replay,2.4251,0.053100
speech-replay,2.8327,0.063200
speech-replay,2.9967,0.059800
speech-replay,2.7058,0.056800
speech-replay,2.6284,0.052600
speech-replay,2.4835,0.054100
speech-replay,2.8851,0.069000
speech-replay,3.2764,0.065100
speech-replay,3.0771,0.066400
speech-replay,2.7744,0.061800
speech-replay,2.4756,0.059400
speech-replay,2.6239,0.054700
speech-replay,3.3793,0.062000
speech-replay,3.0466,0.066900
speech-replay,2.9216,0.056700
speech-replay,2.5962,0.054800
speech-replay,2.2295,0.050300
speech-replay,2.5926,0.059500
speech-replay,3.2202,0.118400
speech-replay,3.5451,0.070000
speech-replay,2.9424,0.072900
speech-replay,3.0388,0.057400
speech-replay,2.5786,0.054700
speech-replay,2.2816,0.051800
speech-replay,2.5251,0.064300
speech-replay,3.1406,0.065300
speech-replay,2.6510,0.052500
speech-replay,2.6141,0.054300
speech-replay,2.4871,0.054300
speech-replay,2.4423,0.058500
speech-replay,2.5834,0.053900
speech-replay,2.4174,0.053000
speech-replay,2.7174,0.057300
speech-replay,2.7802,0.079500
speech-replay,2.3258,0.055600
speech-replay,2.6504,0.060700
speech-replay,3.1979,0.062400
speech-replay,2.5870,0.067900
speech-replay,2.9405,0.056400
speech-replay,2.5721,0.056600
speech-replay,2.8222,0.147900
speech-replay,3.2099,0.098000
speech-replay,2.8452,0.107400
speech-replay,3.4015,0.056800
speech-replay,2.4751,0.055100
speech-replay,2.7267,0.053500
speech-replay,2.8300,0.057900
speech-replay,2.9983,0.102500
speech-replay,2.8567,0.053500
speech-replay,2.3764,0.052600
speech-replay,2.7882,0.056900
speech-replay,2.7826,0.073300
speech-replay,4.0162,0.079600
speech-replay,3.7315,0.062400
speech-replay,3.2942,0.066900
speech-replay,3.2344,0.075300
speech-replay,3.5567,0.071500
speech-replay,3.0651,0.074000
speech-replay,3.3231,0.073900
speech-replay,3.3533,0.069100
speech-replay,3.1819,0.077800
speech-replay,2.9528,0.062500
speech-replay,2.7877,0.062900
speech-replay,3.3260,0.064700
speech-replay,3.0498,0.058500
speech-replay,3.7933,0.065400
speech-replay,2.7626,0.059000
speech-replay,3.1939,0.068800
speech-replay,3.0154,0.055000
speech-replay,2.8740,0.065800
speech-replay,2.7126,0.061800
speech-replay,2.8648,0.066500
speech-replay,3.6878,0.098900
speech-replay,2.8935,0.059900
speech-replay,3.6813,0.065000
speech-replay,2.8803,0.063400
speech-replay,3.3700,0.080000
speech-replay,2.8351,0.058900
speech-replay,3.2919,0.064400
speech-replay,2.6344,0.060400
speech-replay,2.8077,0.086400
speech-replay,3.6946,0.088100
speech-replay,2.7611,0.093400
speech-replay,3.0106,0.062600
speech-replay,2.9320,0.057900
speech-replay,3.5761,0.076800
speech-replay,2.8898,0.061400
speech-replay,3.0644,0.076800
speech-replay,3.4880,0.063100
speech-replay,2.7166,0.094200
speech-replay,3.1249,0.067900
speech-replay,3.1065,0.174800
speech-replay,4.9804,0.061000
speech-replay,3.3370,0.076900
speech-replay,3.5139,0.095200
speech-replay,3.4293,0.063800
speech-replay,2.9162,0.063500
speech-replay,3.1475,0.084900
speech-replay,3.4593,0.065700
speech-replay,2.6024,0.056300
speech-replay,3.8765,0.099700
speech-replay,2.9475,0.058300
speech-replay,3.1736,0.082100
speech-replay,3.3029,0.060600
speech-replay,3.3890,0.069000
speech-replay,2.9106,0.058800
speech-replay,3.5011,0.092600
speech-replay,2.8298,0.057800
speech-replay,2.5834,0.080900
speech-replay,3.4329,0.069100
speech-replay,3.3822,0.068300
speech-replay,3.2587,0.065700
speech-replay,2.7673,0.061300
speech-replay,3.3605,0.065500
speech-replay,3.0269,0.096800
speech-replay,3.2249,0.168200
speech-replay,3.0677,0.060800
speech-replay,2.4708,0.079300
speech-replay,2.8496,0.058500
speech-replay,2.4521,0.054400
speech-replay,3.4212,0.126600
speech-replay,3.2796,0.058800
speech-replay,2.7558,0.069900
speech-replay,2.6965,0.059900
speech-replay,2.4738,0.052300
speech-replay,3.0621,0.073700
speech-replay,2.8338,0.061900
speech-replay,2.7293,0.085500
speech-replay,2.9186,0.052600
speech-replay,2.3713,0.050300
speech-replay,2.6912,0.056700
speech-replay,3.0030,0.059700
speech-replay,2.8415,0.088700
speech-replay,2.8138,0.064000
speech-replay,2.5152,0.052400
speech-replay,2.8434,0.061600
speech-replay,2.5269,0.056100
speech-replay,3.1821,0.076000
speech-replay,2.9839,0.060900
speech-replay,2.4314,0.051800
speech-replay,2.7826,0.064100
speech-replay,2.6349,0.055900
speech-replay,2.8792,0.192200
speech-replay,3.5088,0.062600
speech-replay,3.0576,0.082900
speech-replay,3.2561,0.079500
speech-replay,2.5520,0.051600
speech-replay,3.3718,0.094300
speech-replay,2.7524,0.053900
speech-replay,2.6571,0.058400
speech-replay,2.8323,0.059900
speech-replay,2.7277,0.054800
speech-replay,2.8926,0.063700
speech-replay,2.5285,0.055400
speech-replay,2.5884,0.059600
speech-replay,2.9081,0.061900
speech-replay,2.5107,0.058700
speech-replay,2.7976,0.061400
speech-replay,2.8096,0.057500
speech-replay,2.6541,0.085500
speech-replay,2.9767,0.061800
speech-replay,2.5296,0.052500
speech-replay,2.8757,0.056300
speech-replay,2.5703,0.052200
speech-replay,2.4796,0.057700
speech-replay,2.9715,0.057700
speech-replay,2.6499,0.051600
speech-replay,2.4557,0.062800
speech-replay,2.7696,0.053700
speech-replay,2.3969,0.061200
speech-replay,3.0077,0.072100
speech-replay,2.7104,0.053100
speech-replay,2.6204,0.121800
speech-replay,3.3963,0.058600
speech-replay,2.4315,0.076000
speech-replay,2.8584,0.111800
speech-replay,2.7098,0.051400
speech-replay,2.4822,0.055100
speech-replay,2.7001,0.054100
speech-replay,2.5457,0.050500
speech-replay,2.5396,0.065600
speech-replay,3.2225,0.055300
speech-replay,2.3136,0.073900
speech-replay,3.1652,0.059000
speech-replay,2.2874,0.053900
speech-replay,2.4742,0.094100
speech-replay,2.7796,0.054100
speech-replay,2.4996,0.056300
speech-replay,3.3146,0.060000
speech-replay,2.6748,0.074400
speech-replay,2.8045,0.058900
speech-replay,2.9556,0.061800
speech-replay,2.4216,0.055400
speech-replay,2.7469,0.057800
speech-replay,2.4595,0.052300
speech-replay,2.7153,0.061800
speech-replay,2.6800,0.057100
speech-replay,2.3104,0.050600
speech-replay,2.8772,0.079700
speech-replay,3.0023,0.056100
speech-replay,2.4691,0.055500
speech-replay,2.6621,0.053700
speech-replay,2.4639,0.055300
speech-replay,2.8339,0.087200
speech-replay,3.4467,0.057800
speech-replay,2.4040,0.056900
speech-replay,2.6129,0.057400
speech-replay,2.3649,0.051400
speech-replay,2.4334,0.087200
speech-replay,2.6939,0.054700
speech-replay,2.6296,0.053000
speech-replay,2.7440,0.067200
speech-replay,2.7941,0.055400
speech-replay,2.2182,0.056700
speech-replay,2.6922,0.059800
speech-replay,2.4224,0.054400
speech-replay,2.1948,0.051600
speech-replay,3.1300,0.068900
speech-replay,2.7146,0.056100
speech-replay,2.7534,0.064100
speech-replay,2.4492,0.055600
speech-replay,2.1890,0.051400
speech-replay,2.7680,0.069200
speech-replay,3.1839,0.059900
speech-replay,2.9068,0.061300
speech-replay,2.7455,0.056100
speech-replay,2.4843,0.052000
speech-replay,3.0310,0.058000
speech-replay,3.1441,0.096400
speech-replay,4.1393,0.101300
speech-replay,2.9569,0.057200
speech-replay,2.9599,0.066200
speech-replay,3.0033,0.058400
speech-replay,3.1411,0.068800
speech-replay,3.4033,0.068000
speech-replay,2.9833,0.078900
speech-replay,2.9073,0.058200
speech-replay,2.7422,0.052300
speech-replay,3.7825,0.181700
speech-replay,3.2475,0.128500
speech-replay,144.5273,0.090500
speech-replay,6.7031,0.093600
speech-replay,4.6209,0.082300
speech-replay,3.7571,0.071700
speech-replay,4.0585,0.078400
speech-replay,3.4751,0.093900
speech-replay,4.1618,0.068400
speech-replay,3.4577,0.098100
speech-replay,3.2066,0.058400
speech-replay,2.5482,0.052000
speech-replay,3.6788,0.100300
speech-replay,2.9779,0.056400
speech-replay,3.2900,0.068100
speech-replay,2.7364,0.060800
speech-replay,3.2341,0.067000
speech-replay,3.4121,0.062600
speech-replay,2.7593,0.064400
speech-replay,2.7884,0.056500
speech-replay,2.9032,0.058900
speech-replay,3.5654,0.096400
speech-replay,3.0342,0.107500
speech-replay,3.3037,0.071600
speech-replay,2.8978,0.056100
speech-replay,3.5275,0.099700
speech-replay,3.5096,0.128300
speech-replay,4.1569,0.075600
speech-replay,2.9758,0.058800
speech-replay,3.1166,0.063100
speech-replay,2.8830,0.054500
speech-replay,2.9204,0.086000
speech-replay,3.5020,0.061600
speech-replay,3.0954,0.077100
speech-replay,3.0953,0.068100
speech-replay,2.8424,0.057400
speech-replay,3.6843,0.081100
speech-replay,3.8432,0.107100
speech-replay,4.2000,0.103000
speech-replay,5.0178,0.112600
speech-replay,5.3135,0.111100
speech-replay,4.4928,0.084800
speech-replay,5.1270,0.086200
speech-replay,5.1050,0.131300
speech-replay,4.8265,0.088000
speech-replay,4.7408,0.088700
speech-replay,4.4765,0.076800
speech-replay,3.9212,0.072400
speech-replay,3.8173,0.137200
speech-replay,4.5136,0.101200
speech-replay,4.7911,0.102000
speech-replay,4.5606,0.082300
speech-replay,3.7420,0.063100
speech-replay,3.4159,0.084700
speech-replay,3.6657,0.088400
speech-replay,3.4114,0.066100
speech-replay,3.1734,0.102900
speech-replay,3.3069,0.097800
speech-replay,3.4275,0.088000
speech-replay,3.4608,0.067500
speech-replay,3.0807,0.058300
speech-replay,2.5989,0.060700
speech-replay,3.0251,0.077800
speech-replay,3.3346,0.071500
speech-replay,2.8452,0.059900
speech-replay,2.6801,0.053800
speech-replay,3.1384,0.065600
speech-replay,3.2846,0.069500
speech-replay,3.0297,0.064900
speech-replay,3.8380,0.070100
speech-replay,3.0019,0.068500
speech-replay,3.0721,0.064300
speech-replay,2.6670,0.086300
speech-replay,3.5614,0.115000
speech-replay,3.2039,0.088300
speech-replay,3.4348,0.076900
speech-replay,3.3808,0.070100
speech-replay,3.1621,0.078400
speech-replay,3.3819,0.066700
speech-replay,3.5054,0.082600
speech-replay,3.1453,0.061200
speech-replay,3.2497,0.074000
speech-replay,3.3333,0.089200
speech-replay,3.3558,0.080300
speech-replay,3.4974,0.069500
speech-replay,3.5603,0.075000
speech-replay,3.3030,0.066900
speech-replay,3.1745,0.074500
speech-replay,3.4606,0.070700
speech-replay,3.0998,0.066700
speech-replay,3.4067,0.065400
speech-replay,3.3981,0.064800
speech-replay,3.7718,0.075900
speech-replay,3.2980,0.079200
speech-replay,3.3608,0.066600
speech-replay,2.8757,0.067300
speech-replay,5.2393,0.081400
speech-replay,4.4998,0.173500
speech-replay,4.0351,0.076500
speech-replay,3.7949,0.070700
speech-replay,3.1802,0.066600
speech-replay,3.7788,0.062600
speech-replay,2.9212,0.087100
speech-replay,3.3056,0.064100
speech-replay,3.0817,0.059000
speech-replay,3.2104,0.076100
speech-replay,2.8988,0.059500
speech-replay,3.1775,0.067800
speech-replay,2.9891,0.059000
speech-replay,2.8644,0.065500
speech-replay,2.9725,0.062200
speech-replay,2.9793,0.067000
speech-replay,3.1606,0.058800
speech-replay,2.6433,0.054400
speech-replay,3.5826,0.082500
speech-replay,3.0402,0.058300
speech-replay,2.8334,0.068500
speech-replay,3.1506,0.059700
speech-replay,2.7551,0.086700
speech-replay,3.6717,0.068300
speech-replay,2.8590,0.095400
speech-replay,3.3463,0.065600
speech-replay,2.7902,0.054400
speech-replay,2.7560,0.060200
speech-replay,2.9459,0.059200
speech-replay,2.7152,0.079500
speech-replay,2.9366,0.066400
speech-replay,2.6947,0.056400
speech-replay,2.7873,0.058900
speech-replay,2.7119,0.056000
speech-replay,3.0843,0.075000
speech-replay,3.2385,0.059800
speech-replay,2.4155,0.056900
speech-replay,2.7764,0.060900
speech-replay,2.7579,0.073900
speech-replay,3.1796,0.092500
speech-replay,3.0139,0.063500
speech-replay,2.6761,0.092900
speech-replay,3.2816,0.065900
speech-replay,2.5955,0.054100
speech-replay,3.0222,0.073700
speech-replay,3.0470,0.055800
speech-replay,2.6475,0.061800
speech-replay,2.8582,0.061300
speech-replay,2.3997,0.056200
speech-replay,2.8955,0.064400
speech-replay,3.1815,0.074900
speech-replay,2.9436,0.123900
speech-replay,3.0979,0.057700
speech-replay,2.5218,0.074600
speech-replay,3.0840,0.062600
speech-replay,2.8805,0.060500
speech-replay,3.3199,0.088200
speech-replay,2.9421,0.060700
speech-replay,2.8918,0.070700
speech-replay,3.3201,0.058400
speech-replay,2.5423,0.060900
speech-replay,2.9098,0.058000
speech-replay,2.4232,0.055500
speech-replay,2.9304,0.060200
speech-replay,2.6418,0.055200
speech-replay,3.1084,0.064600
speech-replay,3.4479,0.064400
speech-replay,2.6210,0.051900
speech-replay,2.2987,0.054500
speech-replay,2.4987,0.059800
speech-replay,2.3711,0.052900
speech-replay,2.5533,0.066000
speech-replay,3.2178,0.076100
speech-replay,3.7111,0.073800
speech-replay,3.7554,0.062100
speech-replay,3.1287,0.057900
speech-replay,3.0930,0.064500
speech-replay,3.0619,0.063200
speech-replay,2.9711,0.062300
speech-replay,2.7256,0.083800
speech-replay,2.7349,0.056400
speech-replay,2.3968,0.054600
speech-replay,4.3650,0.124200
speech-replay,4.3654,0.089800
speech-replay,3.2260,0.074400
speech-replay,3.3346,0.066200
speech-replay,3.5647,0.069400
speech-replay,3.5317,0.080900
speech-replay,3.0766,0.059700
speech-replay,2.7286,0.060200
speech-replay,2.8262,0.074200
speech-replay,3.5696,0.102000
speech-replay,4.5218,0.099900
speech-replay,3.0820,0.145700
speech-replay,3.9291,0.072000
speech-replay,3.0775,0.062000
speech-replay,3.2195,0.114400
speech-replay,2.9310,0.077900
speech-replay,2.9774,0.060100
speech-replay,2.7751,0.070700
speech-replay,3.3654,0.063300
speech-replay,3.4256,0.081500
speech-replay,2.9912,0.062600
speech-replay,2.8116,0.056000
speech-replay,2.5911,0.053200
speech-replay,2.3422,0.056300
speech-replay,3.5346,0.071600
speech-replay,2.8377,0.071000
speech-replay,3.0594,0.058800
speech-replay,2.5002,0.054200
speech-replay,2.6689,0.055700
speech-replay,3.0043,0.106100
speech-replay,2.6689,0.053000
speech-replay,3.0090,0.064500
speech-replay,2.6792,0.056400
speech-replay,2.6755,0.065100
speech-replay,3.3424,0.058400
speech-replay,3.2943,0.064300
speech-replay,2.7924,0.062200
speech-replay,2.3564,0.055600
speech-replay,3.1021,0.113400
speech-replay,3.2272,0.090400
speech-replay,3.3214,0.055700
speech-replay,2.9287,0.068300
speech-replay,2.6832,0.076500
speech-replay,2.6855,0.052000
speech-replay,2.3031,0.049700
speech-replay,3.0425,0.065300
speech-replay,2.9629,0.056600
speech-replay,2.8147,0.065400
speech-replay,2.8079,0.055400
speech-replay,2.4241,0.051400
speech-replay,2.7372,0.055800
speech-replay,2.8773,0.068300
speech-replay,2.8122,0.057000
speech-replay,2.7233,0.071200
speech-replay,2.8848,0.054800
speech-replay,2.4639,0.055900
speech-replay,2.5151,0.051000
speech-replay,2.5191,0.060500
speech-replay,3.1102,0.066100
speech-replay,2.8240,0.060900
speech-replay,3.0911,0.070000
speech-replay,2.5658,0.052800
speech-replay,2.4271,0.057200
speech-replay,2.7002,0.060700
speech-replay,2.6697,0.053500
speech-replay,2.4573,0.080000
speech-replay,3.2408,0.060700
speech-replay,2.4726,0.053800
speech-replay,2.9819,0.065600
speech-replay,2.7228,0.064400
speech-replay,2.6152,0.059100
speech-replay,2.7626,0.057200
speech-replay,2.5157,0.056300
speech-replay,2.8042,0.061000
speech-replay,2.8037,0.059300
speech-replay,2.8963,0.099200
speech-replay,3.1776,0.061800
speech-replay,2.5651,0.058600
speech-replay,2.5645,0.061500
speech-replay,2.8991,0.061600
speech-replay,2.6044,0.055900
speech-replay,2.4959,0.050700
speech-replay,2.3466,0.055300
speech-replay,3.0309,0.065800
speech-replay,2.6361,0.053900
speech-replay,2.6783,0.098100
speech-replay,3.6148,0.096100
speech-replay,2.4241,0.051300
speech-replay,2.6884,0.081600
speech-replay,2.8596,0.056000
speech-replay,2.8472,0.066000
speech-replay,3.4731,0.062400
speech-replay,3.1409,0.079000
speech-replay,3.2765,0.082600
speech-replay,3.4634,0.063900
speech-replay,2.6660,0.083400
speech-replay,2.8358,0.056100
speech-replay,2.6433,0.056600
speech-replay,2.8519,0.060800
speech-replay,2.8461,0.058900
speech-replay,3.2008,0.067700
speech-replay,3.0010,0.057900
speech-replay,2.7524,0.057200
speech-replay,2.8988,0.080200
speech-replay,3.1218,0.081500
speech-replay,3.8185,0.096900
speech-replay,3.7658,0.108200
speech-replay,4.0446,0.084100
speech-replay,3.4075,0.094700
speech-replay,4.1410,0.068300
speech-replay,3.7396,0.082700
speech-replay,3.2572,0.105000
speech-replay,3.6994,0.087700
speech-replay,3.4874,0.077700
speech-replay,3.1409,0.067900
speech-replay,3.6115,0.075800
speech-replay,3.9515,0.085800
speech-replay,4.2253,0.118100
speech-replay,4.7328,0.130700
speech-replay,4.4345,0.103200
speech-replay,3.8590,0.094800
speech-replay,3.8587,0.072600
speech-replay,3.8611,0.099600
speech-replay,3.9468,0.072800
speech-replay,3.3893,0.085200
speech-replay,3.7255,0.103000
speech-replay,4.4466,0.124100
speech-replay,4.0035,0.088600
speech-replay,3.9070,0.105000
speech-replay,3.5181,0.067700
speech-replay,4.0456,0.078800
speech-replay,3.7529,0.108900
speech-replay,3.2341,0.097500
speech-replay,3.3084,0.085700
speech-replay,3.0427,0.098300
speech-replay,3.6655,0.090000
speech-replay,4.2520,0.136200
speech-replay,3.4835,0.090200
speech-replay,4.0950,0.080500
speech-replay,3.2032,0.075900
speech-replay,3.3259,0.076700
speech-replay,3.8901,0.081500
speech-replay,3.5377,0.117500
speech-replay,3.3671,0.104500
speech-replay,3.3757,0.133900
speech-replay,3.3749,0.065400
speech-replay,3.6650,0.104300
speech-replay,2.9989,0.088100
speech-replay,3.4053,0.060300
speech-replay,2.9720,0.082700
speech-replay,3.2639,0.067900
speech-replay,3.1406,0.078500
speech-replay,3.3975,0.088800
speech-replay,3.0953,0.063400
speech-replay,3.1832,0.065400
speech-replay,2.8080,0.061500
speech-replay,3.0111,0.062000
speech-replay,2.5536,0.054600
speech-replay,2.5246,0.074600
speech-replay,3.6303,0.100900
speech-replay,2.8311,0.055400
speech-replay,2.4045,0.052500
speech-replay,2.8828,0.070500
speech-replay,2.7954,0.057100
speech-replay,3.0871,0.109400
speech-replay,3.2188,0.063600
speech-replay,2.8831,0.067200
speech-replay,3.3762,0.070000
speech-replay,3.1799,0.063700
speech-replay,3.4419,0.107000
speech-replay,3.0286,0.066600
speech-replay,3.4888,0.141500
speech-replay,3.7714,0.096800
speech-replay,4.3345,0.084800
speech-replay,4.1348,0.130200
speech-replay,3.6336,0.105100
speech-replay,5.4344,0.114700
speech-replay,4.9041,0.117500
speech-replay,5.1967,0.104600
speech-replay,5.6034,0.129100
speech-replay,4.5185,0.086600
speech-replay,3.9447,0.081200
speech-replay,3.7726,0.097900
speech-replay,5.1341,0.138900
speech-replay,5.9047,0.147600
speech-replay,5.1048,0.193900
speech-replay,6.7954,0.144700
speech-replay,6.3728,0.140500
speech-replay,5.9449,0.089100
speech-replay,4.3650,0.078500
speech-replay,4.5042,0.160400
speech-replay,5.6678,0.119400
speech-replay,5.3638,0.105100
speech-replay,4.0289,0.100700
speech-replay,3.6824,0.077100
speech-replay,4.9662,0.128400
speech-replay,4.8557,0.104400
speech-replay,5.8235,0.122400
speech-replay,5.2109,0.092400
speech-replay,5.5575,0.099200
speech-replay,6.0076,0.087800
speech-replay,5.2402,0.118800
speech-replay,7.1427,0.149300
speech-replay,5.8070,0.249700
speech-replay,7.5119,0.153700
speech-replay,7.7424,0.134900
speech-replay,7.4180,0.099000
speech-replay,6.3946,0.157900
speech-replay,5.2795,0.143900
speech-replay,6.0155,0.103500
speech-replay,6.4866,0.103000
speech-replay,5.6931,0.105500
speech-replay,6.2292,0.107500
speech-replay,6.1221,0.098700
speech-replay,6.7249,0.149500
speech-replay,7.0951,0.123800
speech-replay,6.0948,0.134200
speech-replay,7.8997,0.088800
speech-replay,5.2026,0.095600
speech-replay,5.0602,0.112300
speech-replay,5.6436,0.078500
speech-replay,5.7701,0.077300
speech-replay,4.1525,0.104100
speech-replay,4.4473,0.085300
speech-replay,4.2187,0.109500
speech-replay,4.3857,0.121900
speech-replay,4.9311,0.080700
speech-replay,5.6005,0.081900
speech-replay,4.7158,0.079600
speech-replay,3.8591,0.078400
speech-replay,5.4681,0.089300
speech-replay,4.3175,0.104600
speech-replay,3.7734,0.080300
speech-replay,3.2913,0.090200
speech-replay,3.7424,0.085900
speech-replay,3.6230,0.071700
speech-replay,3.9593,0.081900
speech-replay,4.6606,0.072300
speech-replay,3.7629,0.103600
speech-replay,3.8534,0.095400
speech-replay,3.3440,0.096900
speech-replay,3.9230,0.125600
speech-replay,3.6628,0.070600
speech-replay,3.5059,0.065700
speech-replay,3.3179,0.062300
speech-replay,3.2477,0.077900
speech-replay,2.8529,0.071100
speech-replay,4.4460,0.075400
speech-replay,4.1421,0.074400
speech-replay,3.3477,0.066300
speech-replay,3.1145,0.063900
speech-replay,3.4929,0.097100
speech-replay,3.5298,0.093000
speech-replay,3.4776,0.072500
speech-replay,3.3499,0.067500
speech-replay,3.2546,0.084700
speech-replay,3.6557,0.086600
speech-replay,2.9985,0.062000
speech-replay,3.4196,0.094500
speech-replay,3.1685,0.066300
speech-replay,2.7346,0.092700
speech-replay,3.7442,0.120800
speech-replay,3.6781,0.087800
speech-replay,3.3895,0.067900
speech-replay,2.7279,0.059500
speech-replay,2.7478,0.063000
speech-replay,2.8312,0.104400
speech-replay,3.1697,0.065200
speech-replay,3.5586,0.140200
speech-replay,3.3222,0.063800
speech-replay,3.3225,0.096000
speech-replay,3.9536,0.077300
speech-replay,3.3315,0.067500
speech-replay,3.2816,0.123300
speech-replay,3.9449,0.084100
speech-replay,4.3163,0.117700
speech-replay,3.6034,0.129000
speech-replay,4.3217,0.072500
speech-replay,4.1072,0.110800
speech-replay,3.6597,0.072400
speech-replay,3.8340,0.075700
speech-replay,3.6685,0.068700
speech-replay,3.6994,0.165100
speech-replay,4.0639,0.081700
speech-replay,3.9249,0.121300
speech-replay,5.0091,0.077500
speech-replay,4.2026,0.155200
speech-replay,4.1269,0.083600
speech-replay,3.8868,0.076500
speech-replay,4.2809,0.113800
speech-replay,4.2544,0.096600
speech-replay,3.4625,0.074700
speech-replay,3.7502,0.109000
speech-replay,4.7010,0.101300
speech-replay,4.9373,0.074100
speech-replay,3.4296,0.074700
speech-replay,3.0958,0.097100
speech-replay,4.2333,0.083800
speech-replay,3.5654,0.096500
speech-replay,3.5895,0.072800
speech-replay,3.2712,0.179400
speech-replay,4.7601,0.092100
speech-replay,4.7199,0.122200
speech-replay,3.8342,0.114800
speech-replay,3.0580,0.085200
speech-replay,4.4573,0.092400
speech-replay,4.9445,0.098900
speech-replay,4.4911,0.084900
speech-replay,4.4456,0.083200
speech-replay,4.0711,0.113300
speech-replay,5.7266,0.123800
speech-replay,5.1287,0.078200
speech-replay,4.5574,0.125000
speech-replay,5.9439,0.144600
speech-replay,4.4575,0.112700
speech-replay,4.6762,0.087000
speech-replay,4.9871,0.113000
speech-replay,4.3133,0.069000
speech-replay,4.7002,0.106700
speech-replay,4.7755,0.111000
speech-replay,4.2610,0.074700
speech-replay,4.6853,0.079900
speech-replay,5.2166,0.089700
speech-replay,4.4565,0.119200
speech-replay,4.3868,0.084400
speech-replay,4.7064,0.117400
speech-replay,4.4304,0.088900
speech-replay,4.6357,0.094000
speech-replay,5.2539,0.109800
speech-replay,4.3531,0.098300
speech-replay,5.6152,0.099600
speech-replay,4.2340,0.072500
speech-replay,3.9238,0.072300
speech-replay,4.0489,0.084600
speech-replay,4.2961,0.096800
speech-replay,4.1631,0.086800
speech-replay,3.9131,0.077500
speech-replay,3.6535,0.081100
speech-replay,3.7697,0.110900
speech-replay,4.3657,0.086100
speech-replay,4.0734,0.068900
speech-replay,3.4609,0.095600
speech-replay,4.1722,0.077500
speech-replay,4.2202,0.106000
speech-replay,3.6446,0.063600
speech-replay,3.3367,0.078800
speech-replay,3.1225,0.064500
speech-replay,6.0505,0.127700
speech-replay,4.8274,0.080700
speech-replay,3.7761,0.079000
speech-replay,4.5124,0.073300
speech-replay,4.0064,0.078500
speech-replay,3.6185,0.113000
speech-replay,3.4020,0.067700
speech-replay,4.9875,0.122500
speech-replay,5.1445,0.110000
speech-replay,4.0213,0.109000
speech-replay,3.7191,0.079400
speech-replay,3.7399,0.071100
speech-replay,3.9358,0.073200
speech-replay,3.6074,0.205600
speech-replay,3.6056,0.063100
speech-replay,3.3984,0.072000
speech-replay,3.1936,0.068500
speech-replay,3.5847,0.069200
speech-replay,3.6736,0.069900
speech-replay,5.3676,0.081000
speech-replay,4.5075,0.085100
speech-replay,4.1685,0.097600
speech-replay,4.0236,0.079600
speech-replay,3.9318,0.097400
speech-replay,4.0815,0.078200
speech-replay,4.2923,0.076200
speech-replay,3.2514,0.065600
speech-replay,4.0427,0.086700
speech-replay,4.3441,0.078300
speech-replay,3.6416,0.085700
speech-replay,3.6881,0.062700
speech-replay,3.7532,0.064200
speech-replay,3.3449,0.079200
speech-replay,4.0959,0.074100
speech-replay,3.4282,0.088500
speech-replay,3.3529,0.071400
speech-replay,3.9503,0.076400
speech-replay,3.7606,0.076000
speech-replay,4.2314,0.079800
speech-replay,3.6523,0.071100
speech-replay,3.5768,0.073800
speech-replay,3.5320,0.069700
speech-replay,4.1694,0.162300
speech-replay,3.8924,0.067200
speech-replay,4.0819,0.070900
speech-replay,4.0579,0.100000
speech-replay,4.1542,0.099800
speech-replay,5.7297,0.082600
speech-replay,4.9783,0.091600
speech-replay,4.7593,0.082900
speech-replay,5.3273,0.092400
speech-replay,4.2772,0.086300
speech-replay,4.8257,0.145700
speech-replay,5.3916,0.085800
speech-replay,4.4709,0.075100
speech-replay,3.6552,0.063600
speech-replay,4.0403,0.081600
speech-replay,5.4101,0.082100
speech-replay,3.9741,0.090000
speech-replay,4.4277,0.096400
speech-replay,3.5483,0.084400
speech-replay,4.5434,0.076400
speech-replay,4.0862,0.077100
speech-replay,3.7888,0.068900
speech-replay,4.6755,0.115000
speech-replay,4.5970,0.092700
speech-replay,3.7057,0.111300
speech-replay,4.1565,0.076800
speech-replay,3.6475,0.104600
speech-replay,3.7775,0.104100
speech-replay,3.3787,0.061900
speech-replay,3.4394,0.074800
speech-replay,3.4540,0.062800
speech-replay,3.6130,0.109900
speech-replay,4.2481,0.109200
speech-replay,3.7613,0.080300
speech-replay,4.0921,0.100800
speech-replay,4.0032,0.073900
speech-replay,3.8205,0.119600
speech-replay,4.8239,0.107100
speech-replay,4.6857,0.074300
speech-replay,4.2259,0.078800
speech-replay,3.6092,0.166900
speech-replay,4.2992,0.120100
speech-replay,4.1307,0.068100
speech-replay,3.5992,0.075500
speech-replay,3.3975,0.072400
speech-replay,4.0103,0.071900
speech-replay,3.1497,0.085700
speech-replay,4.1126,0.092100
speech-replay,3.8606,0.097500
speech-replay,4.5937,0.081900
speech-replay,4.3565,0.074800
speech-replay,3.2649,0.070200
speech-replay,3.2074,0.066600
speech-replay,3.1737,0.074100
speech-replay,3.6965,0.082300
speech-replay,3.2204,0.078000
speech-replay,3.3336,0.094100
speech-replay,3.3321,0.059100
speech-replay,3.1843,0.067200
speech-replay,3.6182,0.075000
speech-replay,3.4819,0.070800
speech-replay,3.1027,0.092300
speech-replay,3.9042,0.072500
speech-replay,3.1335,0.070100
speech-replay,3.3589,0.105700
speech-replay,3.3686,0.069000
speech-replay,2.9269,0.087700
speech-replay,4.1983,0.123400
speech-replay,4.6443,0.085200
speech-replay,3.3725,0.063700
speech-replay,3.6334,0.075500
speech-replay,2.7839,0.055300
speech-replay,3.5202,0.084700
speech-replay,3.6443,0.098000
speech-replay,3.8997,0.073400
speech-replay,2.5933,0.058200
speech-replay,2.8069,0.085500
speech-replay,3.8330,0.070300
speech-replay,4.8311,0.081600
speech-replay,4.4066,0.146700
speech-replay,6.0951,0.210900
speech-replay,5.9924,0.111900
speech-replay,5.1540,0.102900
speech-replay,4.8936,0.154700
speech-replay,5.1954,0.108500
speech-replay,6.2556,0.199900
speech-replay,6.0901,0.119100
speech-replay,5.0294,0.110600
speech-replay,4.3980,0.093500
speech-replay,4.9714,0.119000
speech-replay,5.0575,0.127600
speech-replay,4.7009,0.097200
speech-replay,4.4311,0.088100
speech-replay,4.5319,0.094900
speech-replay,4.5527,0.110600
speech-replay,4.6604,0.085900
speech-replay,4.5442,0.139500
speech-replay,3.6963,0.071100
speech-replay,3.9681,0.089900
speech-replay,3.9685,0.088100
speech-replay,4.0429,0.067500
speech-replay,3.7762,0.067800
speech-replay,3.7377,0.077900
speech-replay,4.3034,0.085000
speech-replay,3.9863,0.174500
speech-replay,4.5311,0.075500
speech-replay,4.2088,0.130800
speech-replay,4.0740,0.091300
speech-replay,4.6321,0.095600
speech-replay,3.7368,0.125300
speech-replay,4.4643,0.073600
speech-replay,4.0269,0.114200
speech-replay,4.1565,0.144500
speech-replay,4.8303,0.078500
speech-replay,4.0062,0.105800
speech-replay,4.1158,0.107900
speech-replay,4.2624,0.076700
speech-replay,3.8040,0.280900
speech-replay,5.5436,0.088300
speech-replay,4.1883,0.130400
speech-replay,3.5071,0.064700
speech-replay,3.1474,0.589400
speech-replay,27.7189,0.116500
speech-replay,4.4859,0.084100
speech-replay,4.6027,0.110900
speech-replay,3.7183,0.071300
speech-replay,3.4436,0.088100
speech-replay,4.1434,0.087200
speech-replay,3.7223,0.088600
speech-replay,4.9285,0.087600
speech-replay,4.1083,0.105800
speech-replay,5.7220,0.075700
speech-replay,4.1815,0.199200
speech-replay,4.7244,0.075900
speech-replay,3.7422,0.066700
speech-replay,3.6651,0.090100
speech-replay,4.0102,0.068600
speech-replay,3.3463,0.121600
speech-replay,3.1490,0.081600
speech-replay,3.7108,0.101600
speech-replay,3.4135,0.101400
speech-replay,3.8320,0.097300
speech-replay,3.4994,0.094700
speech-replay,3.6893,0.081800
speech-replay,3.2641,0.067300
speech-replay,3.1526,0.059500
speech-replay,2.9021,0.070100
speech-replay,3.5793,0.072900
speech-replay,4.1239,0.124000
speech-replay,3.2499,0.062500
speech-replay,2.9640,0.090000
speech-replay,2.9093,0.080000
speech-replay,4.0803,0.158200
speech-replay,5.2534,0.110000
speech-replay,3.7399,0.070400
speech-replay,3.4192,0.084400
speech-replay,3.5018,0.065100
speech-replay,3.5262,0.134100
speech-replay,3.3199,0.066900
speech-replay,2.9868,0.058800
speech-replay,2.8681,0.057100
speech-replay,3.7391,0.083300
speech-replay,4.0241,0.089100
speech-replay,4.2241,0.072800
speech-replay,3.2855,0.094100
speech-replay,3.3208,0.071200
speech-replay,2.9006,0.063700
speech-replay,3.5392,0.090700
speech-replay,3.8259,0.067500
speech-replay,3.8822,0.086000
speech-replay,3.1468,0.107600
speech-replay,3.8823,0.079200
speech-replay,3.3696,0.102400
speech-replay,4.7219,0.112000
speech-replay,4.5186,0.079400
speech-replay,3.5588,0.068400
speech-replay,3.2633,0.095400
speech-replay,3.8021,0.064600
speech-replay,3.8192,0.112200
speech-replay,3.8686,0.112600
speech-replay,3.7040,0.077000
speech-replay,3.4944,0.104000
speech-replay,4.1897,0.081800
speech-replay,3.3056,0.069000
speech-replay,3.5547,0.118100
speech-replay,4.0788,0.092100
speech-replay,3.4889,0.067500
speech-replay,3.5182,0.075200
speech-replay,3.3168,0.098000
speech-replay,3.7542,0.069900
speech-replay,4.3437,0.082100
speech-replay,3.8198,0.071000
speech-replay,3.1731,0.073900
speech-replay,3.7158,0.071300
speech-replay,3.4404,0.086900
speech-replay,3.7641,0.096300
speech-replay,3.4530,0.067200
speech-replay,4.2868,0.140300
speech-replay,3.7429,0.072900
speech-replay,4.0516,0.116100
speech-replay,3.7072,0.101800
speech-replay,4.6526,0.094900
speech-replay,4.5725,0.101100
speech-replay,4.3972,0.085100
speech-replay,3.4499,0.066600
speech-replay,3.7461,0.105600
speech-replay,5.3199,0.283100
speech-replay,5.1261,0.077100
speech-replay,3.9051,0.071900
speech-replay,3.9921,0.086100
speech-replay,3.6639,0.134200
speech-replay,4.0142,0.069600
speech-replay,3.7684,0.091800
speech-replay,3.5115,0.087600
speech-replay,3.8471,0.074200
speech-replay,3.7793,0.078900
speech-replay,4.1022,0.150300
speech-replay,5.2293,0.111300
speech-replay,3.8919,0.114500
speech-replay,3.4446,0.072600
speech-replay,3.4088,0.067800
speech-replay,3.5979,0.078900
speech-replay,3.9959,0.106900
speech-replay,4.8028,0.101800
speech-replay,4.8442,0.100100
speech-replay,3.9706,0.103800
speech-replay,4.2207,0.077300
speech-replay,3.6708,0.105800
speech-replay,4.5215,0.111300
speech-replay,3.5670,0.070900
speech-replay,3.3906,0.066100
speech-replay,3.2604,0.067600
speech-replay,3.6337,0.105400
speech-replay,3.5699,0.113100
speech-replay,3.5303,0.075200
speech-replay,3.6200,0.080800
speech-replay,3.4172,0.120600
speech-replay,4.7459,0.075600
speech-replay,3.2019,0.065200
speech-replay,3.6700,0.085400
speech-replay,4.3014,0.100900
speech-replay,3.6184,0.069100
speech-replay,3.8103,0.087600
speech-replay,3.7513,0.061500
speech-replay,3.5667,0.104200
speech-replay,3.5446,0.066900
speech-replay,3.0841,0.064700
speech-replay,2.5604,0.057500
speech-replay,2.5603,0.112200
speech-replay,3.3312,0.059700
speech-replay,2.8774,0.057100
speech-replay,2.7852,0.056600
speech-replay,3.0067,0.062800
speech-replay,3.5319,0.088700
speech-replay,2.9332,0.096100
speech-replay,3.3138,0.067100
speech-replay,2.6627,0.054500
speech-replay,2.4445,0.058300
speech-replay,3.2367,0.076000
speech-replay,3.4702,0.061300
speech-replay,3.4110,0.077200
speech-replay,3.2952,0.063900
speech-replay,2.7341,0.059500
speech-replay,2.4359,0.056500
speech-replay,3.0118,0.085200
speech-replay,3.7075,0.065700
speech-replay,3.2874,0.064900
speech-replay,3.1041,0.062800
speech-replay,2.9358,0.060000
speech-replay,2.8668,0.060900
speech-replay,2.6707,0.057500
speech-replay,2.8947,0.091300
speech-replay,4.1116,0.075500
speech-replay,3.7513,0.071200
speech-replay,4.7951,0.098700
speech-replay,3.9411,0.074500
speech-replay,3.6375,0.079800
speech-replay,4.0109,0.121500
speech-replay,3.8782,0.070400
speech-replay,3.7481,0.061700
speech-replay,3.4441,0.108100
speech-replay,3.7722,0.066200
speech-replay,2.9656,0.067900
speech-replay,3.4088,0.069500
speech-replay,3.2936,0.085800
speech-replay,3.3912,0.131900
speech-replay,3.0691,0.074200
speech-replay,3.5351,0.064400
speech-replay,3.0096,0.068000
speech-replay,3.8841,0.067800
speech-replay,2.7945,0.071500
speech-replay,3.9136,0.071900
speech-replay,2.8225,0.057600
speech-replay,3.3829,0.067100
speech-replay,3.3117,0.073000
speech-replay,3.7521,0.078600
speech-replay,3.3010,0.076000
speech-replay,3.6699,0.071900
speech-replay,3.0476,0.067900
speech-replay,3.3700,0.089200
speech-replay,2.8982,0.085400
speech-replay,3.4694,0.065800
speech-replay,2.8888,0.054300
speech-replay,2.5980,0.059400
speech-replay,2.9334,0.088600
speech-replay,2.5580,0.076500
speech-replay,3.4129,0.099300
speech-replay,3.3486,0.062400
speech-replay,3.1330,0.070100
speech-replay,3.4832,0.078100
speech-replay,4.1164,0.074300
speech-replay,2.9142,0.070700
speech-replay,2.8015,0.070100
speech-replay,3.0708,0.069600
speech-replay,2.8993,0.071900
speech-replay,3.5715,0.075200
speech-replay,2.5588,0.054800
speech-replay,3.5035,0.135900
speech-replay,3.3058,0.059100
speech-replay,3.3881,0.064600
speech-replay,2.9713,0.056900
speech-replay,3.2124,0.067100
speech-replay,3.0936,0.060700
speech-replay,3.2585,0.083500
speech-replay,2.7730,0.058800
speech-replay,3.6977,0.073300
speech-replay,3.5187,0.072000
speech-replay,3.1046,0.079900
speech-replay,3.6806,0.068100
speech-replay,2.8433,0.080600
speech-replay,4.4671,0.063300
speech-replay,3.6889,0.075000
speech-replay,3.1352,0.066900
speech-replay,2.5868,0.065700
speech-replay,3.0851,0.069000
speech-replay,3.0543,0.058700
speech-replay,3.0088,0.070700
speech-replay,3.3971,0.060800
speech-replay,2.7324,0.058900
speech-replay,2.8476,0.054000
speech-replay,3.0330,0.085100
speech-replay,2.9887,0.061100
speech-replay,2.4599,0.058100
speech-replay,3.2070,0.065300
speech-replay,2.9268,0.070800
speech-replay,2.9945,0.088900
speech-replay,3.1214,0.065100
speech-replay,2.6543,0.057700
speech-replay,3.5154,0.074200
speech-replay,3.2495,0.070100
speech-replay,3.9545,0.071300
speech-replay,2.9787,0.059500
speech-replay,3.6183,0.076400
speech-replay,3.5553,0.065600
speech-replay,3.5885,0.082100
speech-replay,2.9106,0.070900
speech-replay,3.5983,0.069600
speech-replay,3.1330,0.062900
speech-replay,3.5000,0.083500
speech-replay,3.1854,0.275900
speech-replay,3.2703,0.061400
speech-replay,2.5906,0.059700
speech-replay,2.8429,0.061700
speech-replay,3.7423,0.076300
speech-replay,3.1523,0.080300
speech-replay,2.5885,0.063300
speech-replay,3.2881,0.068300
speech-replay,2.7619,0.059600
speech-replay,2.9563,0.057200
speech-replay,2.8707,0.099200
speech-replay,4.1058,0.063200
speech-replay,2.9582,0.080000
speech-replay,3.5749,0.068300
speech-replay,2.7780,0.061200
speech-replay,3.2544,0.080800
speech-replay,2.7093,0.054500
speech-replay,3.0021,0.075000
speech-replay,2.8591,0.054600
speech-replay,2.8369,0.055500
speech-replay,2.7155,0.056700
speech-replay,2.6477,0.052100
speech-replay,3.1796,0.068800
speech-replay,2.9780,0.055300
speech-replay,2.9206,0.065700
speech-replay,2.6333,0.055700
speech-replay,2.9069,0.057600
speech-replay,2.9179,0.055900
speech-replay,2.6604,0.056000
speech-replay,2.6971,0.072400
speech-replay,3.0619,0.059100
speech-replay,2.7204,0.078100
speech-replay,2.7691,0.054700
speech-replay,2.5022,0.054500
speech-replay,2.6111,0.066000
speech-replay,3.1158,0.056500
speech-replay,2.4651,0.054000
speech-replay,2.6478,0.054100
speech-replay,2.5035,0.057300
speech-replay,2.7917,0.056900
speech-replay,2.7272,0.061000
speech-replay,3.3582,0.130600
speech-replay,3.7968,0.065500
speech-replay,2.5788,0.056600
speech-replay,2.9213,0.055300
speech-replay,2.6305,0.051800
speech-replay,2.6311,0.061500
speech-replay,2.8704,0.084100
speech-replay,2.7901,0.074700
speech-replay,2.8984,0.054500
speech-replay,2.5724,0.079800
speech-replay,2.7497,0.053800
speech-replay,3.0200,0.065700
speech-replay,3.7753,0.062500
speech-replay,3.0137,0.058700
speech-replay,2.5481,0.057800
speech-replay,2.9034,0.055500
speech-replay,3.0465,0.066700
speech-replay,2.9583,0.074500
speech-replay,3.2889,0.059800
speech-replay,3.1228,0.066700
speech-replay,2.6849,0.053000
speech-replay,2.8919,0.057000
speech-replay,2.7091,0.080400
speech-replay,3.6512,0.063300
speech-replay,2.7358,0.065800
speech-replay,2.5953,0.061400
speech-replay,2.5816,0.059300
speech-replay,2.7914,0.073500
speech-replay,3.9841,0.134300
speech-replay,3.1887,0.066500
speech-replay,2.8575,0.057200
speech-replay,2.6657,0.058500
speech-replay,2.5476,0.053600
speech-replay,2.7994,0.075100
speech-replay,2.7723,0.061000
speech-replay,2.8079,0.056200
speech-replay,2.5204,0.054400
speech-replay,2.3038,0.053500
speech-replay,2.3519,0.051700
speech-replay,3.2974,0.072000
speech-replay,3.0887,0.064800
speech-replay,3.3785,0.062800
speech-replay,2.8382,0.070800
speech-replay,2.6888,0.057800
speech-replay,2.8064,0.106300
speech-replay,2.5342,0.051400
speech-replay,2.5683,0.087000
speech-replay,2.7166,0.060000
speech-replay,2.8672,0.053600
speech-replay,2.9380,0.055800
speech-replay,2.5600,0.052400
speech-replay,2.8506,0.057000
speech-replay,2.8004,0.065200
speech-replay,2.7947,0.057900
speech-replay,2.4146,0.054000
speech-replay,2.2647,0.053600
speech-replay,2.2550,0.057600
speech-replay,2.7909,0.080700
speech-replay,2.5776,0.079600
speech-replay,2.9453,0.078500
speech-replay,3.1550,0.059400
speech-replay,3.6019,0.092900
speech-replay,2.6734,0.058100
speech-replay,2.4604,0.075600
speech-replay,2.6220,0.064600
speech-replay,2.5035,0.054200
speech-replay,2.3786,0.071600
speech-replay,2.8488,0.060100
speech-replay,2.6796,0.056100
speech-replay,2.6941,0.063600
speech-replay,2.9234,0.054900
speech-replay,2.3859,0.071400
speech-replay,2.3536,0.055700
speech-replay,2.6866,0.057000
speech-replay,2.2386,0.049700
speech-replay,2.7756,0.102100
speech-replay,3.0486,0.053100
speech-replay,2.5345,0.056700
speech-replay,2.5733,0.056500
speech-replay,2.6465,0.054000
speech-replay,2.6480,0.057500
speech-replay,2.6920,0.058100
speech-replay,2.7478,0.064000
speech-replay,3.6399,0.060900
speech-replay,2.8108,0.059000
speech-replay,2.8799,0.056800
speech-replay,2.4612,0.054100
speech-replay,2.6768,0.092800
speech-replay,3.7834,0.063600
speech-replay,2.9992,0.066500
speech-replay,2.8891,0.058400
speech-replay,2.5356,0.052300
speech-replay,2.8675,0.063100
speech-replay,2.7295,0.059600
speech-replay,2.6359,0.060600
speech-replay,3.3163,0.061900
speech-replay,2.9401,0.078400
speech-replay,3.5546,0.061400
speech-replay,2.6801,0.056500
speech-replay,3.4169,0.131800
speech-replay,4.9397,0.153000
speech-replay,3.4840,0.061700
speech-replay,3.1753,0.069700
speech-replay,3.5589,0.078900
speech-replay,3.4878,0.116900
speech-replay,3.6019,0.064100
speech-replay,3.1704,0.093800
speech-replay,3.3279,0.105100
speech-replay,3.7968,0.092400
speech-replay,3.5771,0.078700
speech-replay,3.5220,0.097700
speech-replay,3.2654,0.061500
speech-replay,3.5714,0.067300
speech-replay,4.0626,0.078800
speech-replay,4.0019,0.072400
speech-replay,3.1786,0.064500
speech-replay,3.3569,0.068800
speech-replay,3.7539,0.077700
speech-replay,4.0626,0.108200
speech-replay,3.5139,0.069000
speech-replay,3.4757,0.065900
speech-replay,3.5920,0.103100
speech-replay,5.8367,0.075900
speech-replay,3.8703,0.071900
speech-replay,3.3696,0.088900
speech-replay,3.0718,0.164400
speech-replay,3.3176,0.068600
speech-replay,4.0292,0.066800
speech-replay,2.9793,0.078200
speech-replay,3.3053,0.127600
speech-replay,5.1302,0.087600
speech-replay,3.7926,0.093500
speech-replay,3.5330,0.070000
speech-replay,3.9481,0.066600
speech-replay,3.1735,0.060500
speech-replay,4.2072,0.108800
speech-replay,3.3332,0.094600
speech-replay,3.7908,0.094000
speech-replay,3.3011,0.131400
speech-replay,4.3871,0.094300
speech-replay,3.3694,0.074900
speech-replay,3.4433,0.066600
speech-replay,5.0429,0.074300
speech-replay,3.8241,0.070900
speech-replay,4.3791,0.091500
speech-replay,3.8611,0.113300
speech-replay,3.7515,0.092300
speech-replay,3.6298,0.075700
speech-replay,4.3781,0.066800
speech-replay,4.8481,0.094500
speech-replay,4.1652,0.106700
speech-replay,3.6765,0.070300
speech-replay,3.4743,0.092700
speech-replay,4.0389,0.067500
speech-replay,4.4082,0.140400
speech-replay,4.2225,0.113400
speech-replay,3.4996,0.077000
speech-replay,3.8324,0.069300
speech-replay,3.9779,0.077200
speech-replay,3.9316,0.083100
speech-replay,3.7664,0.075500
speech-replay,3.4526,0.081700
speech-replay,3.6498,0.064000
speech-replay,4.3561,0.096200
speech-replay,3.3774,0.063500
speech-replay,3.9036,0.072000
speech-replay,3.3819,0.063800
speech-replay,3.1505,0.064900
speech-replay,3.5633,0.084000
speech-replay,3.4024,0.068700
speech-replay,2.9298,0.062200
speech-replay,4.0739,0.070800
speech-replay,3.3627,0.061500
speech-replay,3.3734,0.066000
speech-replay,3.2329,0.062000
speech-replay,3.2208,0.097100
speech-replay,3.3035,0.112200
speech-replay,2.9488,0.083800
speech-replay,3.6609,0.138800
speech-replay,3.3528,0.065200
speech-replay,3.4801,0.073500
speech-replay,3.0708,0.067600
speech-replay,3.9578,0.141100
speech-replay,4.6607,0.077000
speech-replay,3.1651,0.062100
speech-replay,3.5765,0.110300
speech-replay,3.5432,0.065200
speech-replay,3.6659,0.086200
speech-replay,3.6968,0.062000
speech-replay,3.6053,0.082400
speech-replay,3.0047,0.060100
speech-replay,4.0745,0.084700
speech-replay,3.5105,0.071100
speech-replay,3.7759,0.067600
speech-replay,2.9530,0.062200
speech-replay,3.4164,0.070300
speech-replay,3.2525,0.066500
speech-replay,3.6726,0.079700
speech-replay,3.2011,0.066800
speech-replay,3.1041,0.079700
speech-replay,3.0639,0.060200
speech-replay,3.6038,0.165100
speech-replay,3.6161,0.074400
speech-replay,3.3347,0.063300
speech-replay,2.7828,0.061000
speech-replay,3.1246,0.077100
speech-replay,3.4432,0.061000
speech-replay,2.8342,0.071600
speech-replay,3.1765,0.070300
speech-replay,2.6495,0.055400
speech-replay,2.9353,0.070800
speech-replay,2.7067,0.058700
speech-replay,3.0815,0.065600
speech-replay,3.9041,0.064400
speech-replay,2.9627,0.065900
speech-replay,3.1878,0.064500
speech-replay,3.0094,0.065100
speech-replay,3.6386,0.072200
speech-replay,3.0529,0.057600
speech-replay,3.6102,0.072300
speech-replay,2.8755,0.058100
speech-replay,3.3055,0.073300
speech-replay,3.5111,0.073900
speech-replay,3.7329,0.067100
speech-replay,2.7685,0.061500
speech-replay,3.6689,0.073600
speech-replay,3.3170,0.066400
speech-replay,4.2852,0.096200
speech-replay,3.6762,0.064300
speech-replay,3.4069,0.096200
speech-replay,2.9426,0.061700
speech-replay,3.2135,0.068900
speech-replay,2.9778,0.064000
speech-replay,3.1079,0.087400
speech-replay,3.1141,0.059500
speech-replay,2.8612,0.077100
speech-replay,3.6930,0.086400
speech-replay,3.2797,0.101700
speech-replay,3.8884,0.071800
speech-replay,3.6379,0.071300
speech-replay,3.5768,0.064900
speech-replay,3.1303,0.072300
speech-replay,3.1709,0.064800
speech-replay,2.8881,0.076600
speech-replay,3.9359,0.087800
speech-replay,3.0842,0.073300
speech-replay,3.7726,0.125000
speech-replay,3.6219,0.090700
speech-replay,3.3918,0.071700
speech-replay,2.9789,0.097300
speech-replay,3.2566,0.065400
speech-replay,2.7957,0.058300
speech-replay,4.2839,0.104500
speech-replay,3.2135,0.061900
speech-replay,3.5010,0.071900
speech-replay,2.8021,0.058900
speech-replay,3.0268,0.067100
speech-replay,2.9895,0.061000
speech-replay,3.0454,0.074100
speech-replay,3.0906,0.059800
speech-replay,2.5941,0.058100
speech-replay,3.1653,0.062400
speech-replay,2.8709,0.065400
speech-replay,3.1423,0.061100
speech-replay,2.9463,0.066100
speech-replay,3.0222,0.083200
speech-replay,4.2482,0.063300
speech-replay,3.2605,0.087400
speech-replay,3.6880,0.074600
speech-replay,3.8623,0.075500
speech-replay,3.0040,0.069700
speech-replay,3.0252,0.063100
speech-replay,3.0679,0.071400
speech-replay,2.8921,0.089500
speech-replay,2.8576,0.063200
speech-replay,2.4948,0.054000
speech-replay,3.0593,0.075800
speech-replay,3.7172,0.077900
speech-replay,3.6961,0.078900
speech-replay,3.7650,0.104900
speech-replay,3.4439,0.085800
speech-replay,3.6740,0.094500
speech-replay,4.1998,0.073600
speech-replay,3.9666,0.096900
speech-replay,3.4281,0.064800
speech-replay,3.0923,0.103200
speech-replay,3.7310,0.072800
speech-replay,3.1914,0.164500
speech-replay,3.7749,0.067400
speech-replay,2.8393,0.057900
speech-replay,3.0228,0.068400
speech-replay,3.8345,0.073700
speech-replay,4.0768,0.072200
speech-replay,2.7869,0.060300
speech-replay,3.2185,0.069700
speech-replay,3.6788,0.072400
speech-replay,3.4515,0.069600
speech-replay,2.9696,0.069100
speech-replay,3.1458,0.069400
speech-replay,3.0841,0.074400
speech-replay,4.1967,0.072100
speech-replay,3.6964,0.111200
speech-replay,4.8287,0.078500
speech-replay,3.8377,0.084300
speech-replay,4.5229,0.093000
speech-replay,4.5858,0.136000
speech-replay,4.7857,0.138100
speech-replay,4.5557,0.072500
speech-replay,3.0006,0.060500
speech-replay,3.4161,0.129700
speech-replay,4.0965,0.065800
speech-replay,3.0414,0.057500
speech-replay,3.0603,0.058800
speech-replay,3.0243,0.053300
speech-replay,3.4666,0.079400
speech-replay,3.2359,0.072800
speech-replay,2.7688,0.061600
speech-replay,3.3464,0.078900
speech-replay,3.0518,0.062900
speech-replay,2.7109,0.079600
speech-replay,3.4711,0.061700
speech-replay,2.6075,0.055700
speech-replay,3.0750,0.062000
speech-replay,2.5899,0.051100
speech-replay,2.6411,0.050400
speech-replay,2.6420,0.087400
speech-replay,5.0130,0.086700
speech-replay,3.2202,0.060100
speech-replay,4.5328,0.085000
speech-replay,4.5942,0.114300
speech-replay,4.6545,0.120100
speech-replay,6.3613,0.081500
speech-replay,3.9319,0.109200
speech-replay,5.2406,0.125500
speech-replay,3.7783,0.092600
speech-replay,4.5450,0.136400
speech-replay,3.9838,0.078400
speech-replay,3.4567,0.069200
speech-replay,3.3397,0.071300
speech-replay,3.6345,0.076300
speech-replay,2.9759,0.063800
speech-replay,3.4948,0.125800
speech-replay,4.4573,0.096900
speech-replay,3.8291,0.103800
speech-replay,3.3557,0.063000
speech-replay,2.6728,0.056200
speech-replay,4.0962,0.082100
speech-replay,2.8814,0.058200
speech-replay,2.7420,0.061300
speech-replay,2.4310,0.051100
speech-replay,2.3250,0.050500
speech-replay,3.1633,0.095600
speech-replay,4.0142,0.066900
speech-replay,3.2016,0.060000
speech-replay,2.7177,0.052900
speech-replay,2.2905,0.049500
speech-replay,3.9318,0.164000
speech-replay,3.8444,0.085700
speech-replay,2.9805,0.060700
speech-replay,3.0037,0.061600
speech-replay,2.5387,0.061900
speech-replay,4.6354,0.095700
speech-replay,3.3154,0.069500
speech-replay,2.9474,0.085000
speech-replay,2.6579,0.055800
speech-replay,3.0894,0.071000
speech-replay,3.3197,0.069000
speech-replay,2.6938,0.057100
speech-replay,3.2741,0.062800
speech-replay,2.9519,0.057200
speech-replay,3.3517,0.101700
speech-replay,5.1952,0.118400
speech-replay,3.3787,0.068400
speech-replay,3.0202,0.063100
speech-replay,3.7842,0.103600
speech-replay,4.0598,0.067100
speech-replay,3.4548,0.076800
speech-replay,3.4542,0.066000
speech-replay,3.5724,0.173800
speech-replay,4.4179,0.077200
speech-replay,2.9455,0.064300
speech-replay,2.8501,0.057600
speech-replay,2.5991,0.057100
speech-replay,4.4280,0.159300
speech-replay,3.8867,0.063000
speech-replay,2.9406,0.063900
speech-replay,3.0191,0.060500
speech-replay,2.5797,0.085100
speech-replay,3.9422,0.077700
speech-replay,3.0738,0.071700
speech-replay,2.9563,0.077200
speech-replay,3.2037,0.063800
speech-replay,4.0191,0.139800
speech-replay,3.8882,0.067200
speech-replay,3.0246,0.074900
speech-replay,2.9512,0.055700
speech-replay,2.5287,0.050500
speech-replay,3.5382,0.089700
speech-replay,3.8334,0.060600
speech-replay,2.7317,0.054000
speech-replay,2.5172,0.071500
speech-replay,2.5972,0.072200
speech-replay,3.4248,0.096800
speech-replay,2.9885,0.056100
speech-replay,2.5425,0.055600
speech-replay,2.9864,0.060000
speech-replay,2.3738,0.052200
speech-replay,2.8108,0.095900
speech-replay,3.8951,0.069700
speech-replay,3.1151,0.060400
speech-replay,2.6278,0.055000
speech-replay,2.7096,0.053200
speech-replay,2.8805,0.065200
speech-replay,4.4707,0.085500
speech-replay,3.4670,0.069300
speech-replay,2.5805,0.071400
speech-replay,2.4202,0.050600
speech-replay,3.7967,0.160900
speech-replay,3.9391,0.062300
speech-replay,2.8294,0.057600
speech-replay,2.4739,0.052500
speech-replay,2.4746,0.052100
speech-replay,3.1944,0.076200
speech-replay,3.4630,0.111100
speech-replay,2.7022,0.056500
speech-replay,2.7367,0.054100
speech-replay,2.4637,0.050700
speech-replay,2.7589,0.086300
speech-replay,4.0535,0.068200
speech-replay,2.6265,0.054600
speech-replay,2.5568,0.051200
speech-replay,2.4165,0.050000
speech-replay,2.4989,0.073700
speech-replay,3.7780,0.068000
speech-replay,3.1301,0.064000
speech-replay,2.7869,0.055200
speech-replay,2.5074,0.073100
speech-replay,2.3952,0.049700
speech-replay,3.1636,0.074900
speech-replay,3.1645,0.094800
speech-replay,2.7314,0.058000
speech-replay,2.4149,0.054700
speech-replay,3.0955,0.062100
speech-replay,4.7388,0.117200
speech-replay,4.4672,0.069300
speech-replay,3.4834,0.069200
speech-replay,3.0431,0.058000
speech-replay,3.9276,0.091700
speech-replay,3.4501,0.063700
speech-replay,3.3045,0.060800
speech-replay,2.9880,0.057600
speech-replay,3.0990,0.076700
speech-replay,3.6919,0.062800
speech-replay,2.9482,0.055500
speech-replay,2.7785,0.057300
speech-replay,2.4443,0.053700
speech-replay,2.7211,0.055900
speech-replay,3.4741,0.070400
speech-replay,2.9718,0.056300
speech-replay,3.0951,0.066500
speech-replay,3.2624,0.062500
speech-replay,3.2137,0.066500
speech-replay,3.5865,0.065500
speech-replay,3.0031,0.064900
speech-replay,2.9465,0.055700
speech-replay,2.6500,0.055000
speech-replay,3.2850,0.093500
speech-replay,3.6789,0.068300
speech-replay,3.1772,0.063600
speech-replay,2.8675,0.063900
speech-replay,2.4010,0.054200
speech-replay,3.0425,0.092900
speech-replay,4.4393,0.088300
speech-replay,3.7235,0.101400
speech-replay,3.9429,0.070100
speech-replay,4.3820,0.082100
speech-replay,3.8290,0.078700
speech-replay,4.6121,0.078800
speech-replay,3.5282,0.068400
speech-replay,2.6455,0.059600
speech-replay,4.2379,0.089500
speech-replay,3.5820,0.129300
speech-replay,4.3060,0.075500
speech-replay,3.4839,0.096700
speech-replay,4.0447,0.107600
speech-replay,4.9566,0.092600
speech-replay,3.4759,0.095000
speech-replay,3.8358,0.079500
speech-replay,3.0587,0.064200
speech-replay,3.8891,0.080900
speech-replay,3.6939,0.124300
speech-replay,5.0515,0.072800
speech-replay,3.9011,0.080600
speech-replay,3.9002,0.075000
speech-replay,4.0808,0.072100
speech-replay,3.4691,0.120200
speech-replay,4.5560,0.068500
speech-replay,3.6661,0.078400
speech-replay,3.9276,0.080400
speech-replay,3.8167,0.124800
speech-replay,11.4017,0.341500
speech-replay,6.9470,0.115800
speech-replay,8.0048,0.150700
speech-replay,7.6543,0.138200
speech-replay,10.9652,0.263900
speech-replay,17.0426,0.345500
speech-replay,14.9351,0.151800
speech-replay,14.6559,0.128700
speech-replay,9.0640,0.094300
speech-replay,7.7624,0.260400
speech-replay,15.8400,0.234000
speech-replay,10.3936,0.127500
speech-replay,7.6006,0.102000
speech-replay,8.9244,0.129000
speech-replay,7.0266,0.139500
speech-replay,7.2502,0.093000
speech-replay,4.8687,0.086600
speech-replay,3.8655,0.150200
speech-replay,4.2185,0.072700
speech-replay,3.6702,0.081600
speech-replay,4.7374,0.119700
speech-replay,4.2690,0.076900
speech-replay,3.0107,0.069300
speech-replay,3.5663,0.083500
speech-replay,3.7055,0.067800
speech-replay,3.5378,0.077000
speech-replay,4.0370,0.083400
speech-replay,3.7563,0.068900
speech-replay,3.0848,0.079100
speech-replay,3.1499,0.091100
speech-replay,4.1728,0.067800
speech-replay,3.0476,0.063900
speech-replay,3.0074,0.093300
speech-replay,4.2741,0.069600
speech-replay,3.3589,0.074300
speech-replay,3.0837,0.085700
speech-replay,3.6067,0.068700
speech-replay,3.2818,0.064300
speech-replay,2.6546,0.055800
speech-replay,3.1010,0.097900
speech-replay,3.6113,0.070300
speech-replay,3.0044,0.057500
speech-replay,2.5183,0.062900
speech-replay,3.4951,0.070200
speech-replay,3.0733,0.084100
speech-replay,2.8224,0.091000
speech-replay,3.3426,0.097500
speech-replay,3.7734,0.068300
speech-replay,2.9702,0.061000
speech-replay,2.8017,0.089800
speech-replay,4.3302,0.094100
speech-replay,4.3515,0.124300
speech-replay,4.0021,0.095900
speech-replay,3.7875,0.077000
speech-replay,3.4137,0.071300
speech-replay,3.3110,0.070700
speech-replay,3.6385,0.071700
speech-replay,3.2519,0.064100
speech-replay,3.0748,0.094400
speech-replay,3.3974,0.069500
speech-replay,2.9395,0.059500
speech-replay,2.7939,0.057000
speech-replay,3.1859,0.064900
speech-replay,3.4639,0.066500
speech-replay,3.0917,0.061500
speech-replay,2.8988,0.149300
speech-replay,3.4461,0.075500
speech-replay,3.2303,0.134200
speech-replay,3.1359,0.056700
speech-replay,3.4982,0.074400
speech-replay,2.9603,0.060400
speech-replay,2.5308,0.059800
speech-replay,2.5424,0.059000
speech-replay,3.9288,0.072900
speech-replay,3.1342,0.122600
speech-replay,3.7920,0.048200
speech-replay,25.4377,0.103200
speech-replay,3.2154,0.059400
speech-replay,2.5918,0.076200
speech-replay,2.8977,0.064100
speech-replay,3.3212,0.061300
speech-replay,2.7428,0.055800
speech-replay,2.3899,0.083200
speech-replay,2.8882,0.084200
speech-replay,3.2167,0.062900
speech-replay,2.6772,0.082800
speech-replay,2.7502,0.054300
speech-replay,3.0737,0.085100
speech-replay,3.0324,0.060400
speech-replay,2.4920,0.053900
speech-replay,2.2391,0.049600
speech-replay,2.9181,0.080300
speech-replay,2.9833,0.064800
speech-replay,2.8547,0.060600
speech-replay,2.4696,0.053800
speech-replay,3.1315,0.070200
speech-replay,3.1816,0.062000
speech-replay,2.6415,0.056300
speech-replay,2.4710,0.071800
speech-replay,3.4454,0.095000
speech-replay,3.0350,0.059200
speech-replay,2.6256,0.055200
speech-replay,2.9006,0.117500
speech-replay,3.8736,0.111500
speech-replay,2.8851,0.053000
speech-replay,2.5561,0.052400
speech-replay,3.2025,0.069800
speech-replay,3.2581,0.062100
speech-replay,2.5978,0.051900
speech-replay,2.5251,0.063800
speech-replay,3.1021,0.071200
speech-replay,2.7892,0.052700
speech-replay,2.3622,0.048800
speech-replay,2.2309,0.050300
speech-replay,3.2071,0.071300
speech-replay,2.8067,0.058600
speech-replay,2.3438,0.056400
speech-replay,2.3505,0.053700
speech-replay,3.0190,0.091200
speech-replay,3.1955,0.061700
speech-replay,2.9350,0.056300
speech-replay,2.7158,0.056500
speech-replay,3.1741,0.067100
speech-replay,2.6000,0.068500
speech-replay,2.6059,0.052500
speech-replay,2.4434,0.055000
speech-replay,3.0753,0.061900
speech-replay,2.6719,0.069100
speech-replay,2.5187,0.068300
speech-replay,2.3715,0.048700
speech-replay,3.0440,0.064700
speech-replay,2.7290,0.057200
speech-replay,2.4315,0.055800
speech-replay,2.1085,0.049600
speech-replay,2.7629,0.062400
speech-replay,2.7426,0.054600
speech-replay,2.6437,0.052900
speech-replay,2.3723,0.048600
speech-replay,2.5101,0.058300
speech-replay,2.8931,0.055400
speech-replay,2.9019,0.055700
speech-replay,2.3608,0.051000
speech-replay,2.3536,0.075200
speech-replay,3.0960,0.060200
speech-replay,2.6619,0.056500
speech-replay,2.2613,0.070600
speech-replay,2.2494,0.068400
speech-replay,4.4773,0.085200
speech-replay,2.6271,0.053700
speech-replay,2.4472,0.054100
speech-replay,2.5597,0.089100
speech-replay,3.0019,0.056900
speech-replay,2.4231,0.051600
speech-replay,2.2948,0.049300
speech-replay,2.1762,0.052900
speech-replay,2.6482,0.060200
speech-replay,2.4155,0.052800
speech-replay,2.1763,0.047900
speech-replay,2.0382,0.046900
speech-replay,2.3628,0.095900
speech-replay,3.1553,0.055200
speech-replay,2.3178,0.051700
speech-replay,2.2525,0.050200
speech-replay,2.5884,0.082500
speech-replay,2.7241,0.061000
speech-replay,2.8399,0.081700
speech-replay,3.1329,0.060400
speech-replay,2.8654,0.058800
speech-replay,2.8086,0.056500
speech-replay,2.4684,0.051400
speech-replay,2.3176,0.051200
speech-replay,2.5112,0.059700
speech-replay,3.0567,0.078400
speech-replay,2.4060,0.051300
speech-replay,2.2128,0.049300
speech-replay,2.3515,0.048500
speech-replay,2.4896,0.065500
speech-replay,2.5686,0.061200
speech-replay,2.4263,0.049100
speech-replay,2.4333,0.051100
speech-replay,2.2742,0.056700
speech-replay,2.5852,0.056800
speech-replay,2.5126,0.050600
speech-replay,2.5009,0.059400
speech-replay,2.2791,0.048300
speech-replay,2.6123,0.064600
speech-replay,2.7699,0.054800
speech-replay,2.2590,0.050800
speech-replay,2.2751,0.048600
speech-replay,2.6036,0.060500
speech-replay,3.2616,0.057900
speech-replay,2.5766,0.052600
speech-replay,2.2165,0.048400
speech-replay,2.3415,0.069600
speech-replay,3.0231,0.063400
speech-replay,2.6228,0.055900
speech-replay,2.6589,0.055200
speech-replay,2.6092,0.073800
speech-replay,3.1601,0.058500
speech-replay,2.5435,0.051200
speech-replay,2.4007,0.050000
speech-replay,2.1487,0.047600
speech-replay,3.3055,0.077800
speech-replay,2.5312,0.054500
speech-replay,2.1838,0.050500
speech-replay,2.1756,0.048100
speech-replay,2.8028,0.061800
speech-replay,2.8250,0.086100
speech-replay,3.0273,0.054600
speech-replay,2.5838,0.049800
speech-replay,2.9190,0.067600
speech-replay,2.7028,0.053100
speech-replay,2.4361,0.052100
speech-replay,2.3996,0.049300
speech-replay,2.5259,0.061100
speech-replay,2.8474,0.057900
speech-replay,2.3835,0.050900
speech-replay,2.2793,0.048500
speech-replay,2.2767,0.062100
speech-replay,3.3532,0.067000
speech-replay,2.6667,0.054000
speech-replay,2.5742,0.048900
speech-replay,2.3605,0.051500
speech-replay,2.8954,0.063400
speech-replay,2.4495,0.066000
speech-replay,2.7063,0.054400
speech-replay,2.3855,0.048400
speech-replay,2.5332,0.058800
speech-replay,2.6717,0.061300
speech-replay,2.4079,0.051000
speech-replay,2.2957,0.070200
speech-replay,2.6108,0.058400
speech-replay,2.9205,0.057400
speech-replay,2.5532,0.051300
speech-replay,2.4206,0.048600
speech-replay,2.2124,0.064000
speech-replay,2.7594,0.059000
speech-replay,2.7575,0.052300
speech-replay,2.6311,0.052400
speech-replay,2.4420,0.065800
speech-replay,3.7751,0.069000
speech-replay,2.8447,0.056400
speech-replay,2.4680,0.050200
speech-replay,2.6339,0.073100
speech-replay,3.1640,0.061400
speech-replay,2.6277,0.049800
speech-replay,2.4379,0.049500
speech-replay,2.5634,0.070300
speech-replay,3.4143,0.069700
speech-replay,2.6922,0.053200
speech-replay,2.4422,0.052200
speech-replay,2.7251,0.058100
speech-replay,2.9155,0.053700
speech-replay,2.4736,0.052100
speech-replay,2.4950,0.055200
speech-replay,2.3545,0.073600
speech-replay,2.8317,0.055200
speech-replay,2.5393,0.050700
speech-replay,2.4547,0.050600
speech-replay,2.3122,0.047700
speech-replay,2.8252,0.063000
speech-replay,2.7069,0.054300
speech-replay,2.2217,0.049900
speech-replay,2.2845,0.052100
speech-replay,2.3511,0.058800
speech-replay,3.0078,0.057400
speech-replay,2.6181,0.053900
speech-replay,2.4661,0.049800
speech-replay,2.2507,0.070100
speech-replay,2.9480,0.065800
speech-replay,2.5141,0.052000
speech-replay,2.3239,0.050600
speech-replay,2.2007,0.048000
speech-replay,2.8280,0.063300
speech-replay,2.8584,0.053900
speech-replay,2.3505,0.050700
speech-replay,2.3089,0.047200
speech-replay,2.5850,0.057800
speech-replay,3.2211,0.068100
speech-replay,2.5592,0.052700
speech-replay,2.3039,0.049300
speech-replay,2.1322,0.075800
speech-replay,2.9900,0.091300
speech-replay,2.5969,0.056800
speech-replay,2.7727,0.053200
speech-replay,2.4415,0.076500
speech-replay,3.1551,0.064000
speech-replay,2.5334,0.051000
speech-replay,2.2995,0.047900
speech-replay,2.1427,0.048300
speech-replay,3.2259,0.067800
speech-replay,2.7051,0.055800
speech-replay,2.4406,0.048900
speech-replay,2.2127,0.048900
speech-replay,2.9014,0.073500
speech-replay,2.7822,0.056600
speech-replay,2.3085,0.054000
speech-replay,2.2705,0.050300
speech-replay,2.3862,0.078000
speech-replay,3.1602,0.056400
speech-replay,2.4394,0.052100
speech-replay,2.2091,0.050100
speech-replay,2.3901,0.078600
speech-replay,3.0073,0.058800
speech-replay,2.4264,0.056900
speech-replay,2.4286,0.049700
speech-replay,2.0983,0.071800
speech-replay,2.5160,0.060400
speech-replay,2.7276,0.054900
speech-replay,2.4563,0.060100
speech-replay,2.2472,0.057400
speech-replay,2.2718,0.058000
speech-replay,2.9252,0.063700
speech-replay,2.6412,0.051100
speech-replay,2.3163,0.049600
speech-replay,2.4190,0.080000
speech-replay,2.5612,0.079000
speech-replay,2.4003,0.056200
speech-replay,2.4286,0.056800
speech-replay,2.2222,0.047700
speech-replay,2.4103,0.058700
speech-replay,3.0352,0.056900
speech-replay,2.6873,0.052500
speech-replay,2.1954,0.073800
speech-replay,2.1843,0.072400
speech-replay,2.8531,0.064400
speech-replay,2.5893,0.053900
speech-replay,2.5878,0.051200
speech-replay,2.1275,0.048900
speech-replay,2.9320,0.087800
speech-replay,2.8087,0.056000
speech-replay,2.2436,0.049200
speech-replay,2.0467,0.048100
speech-replay,2.4275,0.090200
speech-replay,3.0564,0.060000
speech-replay,2.3839,0.050900
speech-replay,2.2796,0.047900
speech-replay,2.3275,0.053600
speech-replay,3.0200,0.063700
speech-replay,2.8632,0.053500
speech-replay,2.1809,0.050800
speech-replay,2.1226,0.047800
speech-replay,2.6584,0.063600
speech-replay,2.7654,0.060000
speech-replay,2.4548,0.051400
speech-replay,2.2949,0.050400
speech-replay,2.4312,0.059000
speech-replay,2.7492,0.053300
speech-replay,2.3684,0.050100
speech-replay,2.3480,0.050300
speech-replay,2.1923,0.047600
speech-replay,2.5686,0.063700
speech-replay,2.6744,0.054600
speech-replay,2.4651,0.055000
speech-replay,2.5328,0.051400
speech-replay,2.7226,0.061100
speech-replay,2.8844,0.061700
speech-replay,2.4771,0.066000
speech-replay,2.5236,0.056900
speech-replay,2.5469,0.092800
speech-replay,2.9756,0.055200
speech-replay,2.4034,0.050300
speech-replay,2.4242,0.048400
speech-replay,2.3353,0.105100
speech-replay,2.9394,0.065400
speech-replay,2.7055,0.052100
speech-replay,2.3716,0.053600
speech-replay,2.3187,0.047600
speech-replay,3.0299,0.072800
speech-replay,2.7476,0.056300
speech-replay,2.3917,0.051400
speech-replay,2.2463,0.048100
speech-replay,3.4429,0.086100
speech-replay,3.0096,0.058000
speech-replay,2.6584,0.064700
speech-replay,2.2402,0.050200
speech-replay,2.5896,0.059100
speech-replay,2.5194,0.058100
speech-replay,2.2275,0.051600
speech-replay,2.2124,0.048900
speech-replay,2.3051,0.076200
speech-replay,3.1661,0.071900
speech-replay,2.7358,0.055000
speech-replay,2.4461,0.054200
speech-replay,3.2196,0.124300
speech-replay,3.6405,0.071100
speech-replay,3.3015,0.068800
speech-replay,3.7497,0.070600
speech-replay,2.7037,0.061700
speech-replay,2.3536,0.051100
speech-replay,3.1267,0.096700
speech-replay,2.8953,0.055700
speech-replay,2.4199,0.054400
speech-replay,2.2521,0.049000
speech-replay,2.6029,0.061300
speech-replay,2.7866,0.055800
speech-replay,2.4750,0.051500
speech-replay,2.4370,0.049400
speech-replay,3.3162,0.117000
speech-replay,3.0773,0.056400
speech-replay,2.5921,0.051500
speech-replay,2.8292,0.052000
speech-replay,3.9278,0.085300
speech-replay,3.6982,0.064900
speech-replay,2.5615,0.056700
speech-replay,2.7716,0.081100
speech-replay,2.8646,0.056500
speech-replay,2.4370,0.051100
speech-replay,2.5855,0.050800
speech-replay,2.7381,0.060900
speech-replay,2.8720,0.062100
speech-replay,2.5714,0.053500
speech-replay,2.3792,0.064500
speech-replay,2.1860,0.052900
speech-replay,2.8341,0.066900
speech-replay,2.5982,0.054400
speech-replay,2.2302,0.051600
speech-replay,2.4437,0.050000
speech-replay,2.4126,0.055900
speech-replay,2.5914,0.056900
speech-replay,2.5836,0.053700
speech-replay,2.3539,0.050200
speech-replay,2.2728,0.053800
speech-replay,3.6620,0.062100
speech-replay,2.7957,0.055600
speech-replay,2.5097,0.051700
speech-replay,2.6674,0.063700
speech-replay,2.9464,0.057000
speech-replay,2.5426,0.052000
speech-replay,2.2839,0.050100
speech-replay,2.2683,0.067800
speech-replay,2.7710,0.073500
speech-replay,2.7368,0.054200
speech-replay,2.3440,0.049800
speech-replay,2.4743,0.051100
speech-replay,3.0440,0.066500
speech-replay,2.5528,0.054700
speech-replay,2.1761,0.049800
speech-replay,2.1348,0.047700
speech-replay,2.4345,0.059600
speech-replay,2.7923,0.053300
speech-replay,2.3215,0.049200
speech-replay,2.1397,0.049500
speech-replay,2.1490,0.049000
speech-replay,3.0375,0.121200
speech-replay,2.9951,0.060500
speech-replay,2.9598,0.056100
speech-replay,2.2926,0.051000
speech-replay,2.9540,0.059700
speech-replay,2.7522,0.053400
speech-replay,2.2688,0.053500
speech-replay,2.2412,0.051400
speech-replay,2.4891,0.095100
speech-replay,2.6115,0.056400
speech-replay,2.4480,0.053200
speech-replay,2.3330,0.047600
speech-replay,2.4897,0.054300
speech-replay,2.7941,0.057800
speech-replay,2.4656,0.053300
speech-replay,2.3484,0.049900
speech-replay,2.1135,0.048400
speech-replay,2.7660,0.063200
speech-replay,2.8198,0.065900
speech-replay,2.5442,0.054500
speech-replay,2.3715,0.049900
speech-replay,2.5686,0.068600
speech-replay,2.8922,0.054900
speech-replay,2.5128,0.051200
speech-replay,2.1432,0.048600
speech-replay,2.3952,0.053200
speech-replay,2.8189,0.058100
speech-replay,2.5954,0.056200
speech-replay,2.3180,0.047600
speech-replay,2.1719,0.046900
speech-replay,2.8382,0.062300
speech-replay,2.6834,0.060900
speech-replay,2.4015,0.049800
speech-replay,2.2012,0.048300
speech-replay,2.4851,0.059000
speech-replay,2.8234,0.069400
speech-replay,2.3698,0.048700
speech-replay,2.2356,0.047400
speech-replay,2.4543,0.069700
speech-replay,3.1793,0.062500
speech-replay,2.5559,0.051200
speech-replay,2.2354,0.048300
speech-replay,2.0484,0.046500
speech-replay,2.4019,0.062100
speech-replay,2.6699,0.052400
speech-replay,2.4042,0.050600
speech-replay,2.5328,0.048800
speech-replay,2.2406,0.078400
speech-replay,2.7860,0.061800
speech-replay,2.5007,0.056900
speech-replay,2.2698,0.048800
speech-replay,2.6770,0.053300
speech-replay,2.8777,0.088400
speech-replay,2.9518,0.058700
speech-replay,2.3593,0.051700
speech-replay,2.5425,0.048500
speech-replay,2.6456,0.063800
speech-replay,2.7452,0.054600
speech-replay,2.2375,0.049900
speech-replay,2.1750,0.048300
speech-replay,2.3492,0.056800
speech-replay,2.6179,0.056300
speech-replay,2.3021,0.049500
speech-replay,2.6090,0.054000
speech-replay,2.4743,0.047700
speech-replay,2.8905,0.062800
speech-replay,2.6997,0.053200
speech-replay,2.5182,0.051400
speech-replay,2.3791,0.047500
speech-replay,2.8101,0.067300
speech-replay,2.7487,0.057400
speech-replay,2.4792,0.051200
speech-replay,2.4197,0.047300
speech-replay,2.6434,0.064900
speech-replay,2.8174,0.056400
speech-replay,2.4979,0.052400
speech-replay,2.3015,0.048300
speech-replay,2.3693,0.053700
speech-replay,3.0489,0.058100
speech-replay,2.6188,0.051600
speech-replay,2.4252,0.047200
speech-replay,2.3515,0.049300
speech-replay,3.0797,0.070200
speech-replay,2.6516,0.054100
speech-replay,2.3867,0.049600
speech-replay,2.3601,0.068900
speech-replay,2.8750,0.073400
speech-replay,2.9533,0.057300
speech-replay,2.6493,0.055100
speech-replay,2.4443,0.056500
speech-replay,3.5145,0.087900
speech-replay,3.3624,0.065800
speech-replay,3.4213,0.096200
speech-replay,3.1929,0.056100
speech-replay,2.4225,0.052300
speech-replay,2.3476,0.048900
speech-replay,2.9129,0.060000
speech-replay,2.8555,0.063200
speech-replay,2.4506,0.057400
speech-replay,2.1798,0.049200
speech-replay,2.6897,0.105900
speech-replay,3.1538,0.053800
speech-replay,2.3215,0.050000
speech-replay,2.1203,0.071500
speech-replay,2.8592,0.065400
speech-replay,2.7992,0.053900
speech-replay,2.2310,0.049800
speech-replay,2.3183,0.049000
speech-replay,2.3813,0.057600
speech-replay,2.8409,0.055900
speech-replay,2.5156,0.055200
speech-replay,2.2772,0.050100
speech-replay,2.5125,0.076100
speech-replay,3.2272,0.055700
speech-replay,2.8994,0.054900
speech-replay,3.0329,0.058000
speech-replay,3.8174,0.081600
speech-replay,3.1296,0.066100
speech-replay,2.9305,0.086500
speech-replay,4.1885,0.099300
speech-replay,3.9651,0.109100
speech-replay,3.4119,0.123600
speech-replay,4.4006,0.096400
speech-replay,3.5400,0.256800
speech-replay,4.1025,0.099500
speech-replay,3.9997,0.069200
speech-replay,3.2597,0.078200
speech-replay,3.2083,0.077600
speech-replay,3.2945,0.063600
speech-replay,2.7898,0.057700
speech-replay,3.0990,0.069700
speech-replay,3.4014,0.068600
speech-replay,2.9804,0.060100
speech-replay,3.3258,0.078000
speech-replay,4.1574,0.073500
speech-replay,3.4371,0.075100
speech-replay,2.8032,0.059500
speech-replay,3.1198,0.084800
speech-replay,3.5202,0.065200
speech-replay,3.1472,0.061000
speech-replay,3.2546,0.069700
speech-replay,2.9592,0.064100
speech-replay,3.0092,0.062100
speech-replay,2.8613,0.065700
speech-replay,3.3010,0.062900
speech-replay,2.7947,0.060300
speech-replay,2.6030,0.051700
speech-replay,3.3482,0.094100
speech-replay,3.1742,0.061800
speech-replay,2.8276,0.059500
speech-replay,3.1608,0.065100
speech-replay,3.5290,0.067700
speech-replay,3.3208,0.080300
speech-replay,3.7013,0.112100
speech-replay,3.5518,0.064500
speech-replay,2.8583,0.058500
speech-replay,2.8373,0.066800
speech-replay,3.2596,0.065800
speech-replay,3.1249,0.060000
speech-replay,2.7140,0.085900
speech-replay,3.6188,0.070300
speech-replay,3.1384,0.065800
speech-replay,2.9887,0.063200
speech-replay,3.1396,0.072900
speech-replay,2.9740,0.070200
speech-replay,2.6441,0.053600
speech-replay,2.4567,0.075700
speech-replay,3.0305,0.060600
speech-replay,2.6712,0.056700
speech-replay,2.3998,0.052000
speech-replay,2.2852,0.056000
speech-replay,2.6354,0.055900
speech-replay,2.4887,0.050400
speech-replay,2.2745,0.048300
speech-replay,2.3131,0.074000
speech-replay,3.5654,0.071200
speech-replay,3.2284,0.060600
speech-replay,2.8625,0.058300
speech-replay,3.8742,0.096600
speech-replay,3.6095,0.063300
speech-replay,2.6756,0.057800
speech-replay,2.9524,0.063800
speech-replay,2.7883,0.058500
speech-replay,2.4980,0.056500
speech-replay,3.3119,0.093400
speech-replay,3.9645,0.072700
speech-replay,3.2937,0.078300
speech-replay,2.7536,0.053900
speech-replay,2.5248,0.054600
speech-replay,3.4351,0.126100
speech-replay,3.4309,0.084000
speech-replay,2.7263,0.057600
speech-replay,2.4233,0.054600
speech-replay,2.4299,0.054000
speech-replay,2.6968,0.078700
speech-replay,3.5440,0.070700
speech-replay,2.8527,0.059500
speech-replay,2.5513,0.052900
speech-replay,2.6144,0.051500
speech-replay,4.9324,0.151700
speech-replay,3.8615,0.067200
speech-replay,2.9854,0.061300
speech-replay,2.9630,0.086900
speech-replay,3.7673,0.114900
speech-replay,3.3970,0.076200
speech-replay,3.6132,0.097100
speech-replay,2.8299,0.063700
speech-replay,4.0722,0.116200
speech-replay,3.3345,0.071900
speech-replay,3.6110,0.071300
speech-replay,3.5283,0.155300
speech-replay,4.4851,0.081900
speech-replay,3.1278,0.333600
speech-replay,4.0377,0.103600
speech-replay,3.0421,0.066200
speech-replay,2.5800,0.057900
speech-replay,3.3193,0.132000
speech-replay,3.8620,0.085000
speech-replay,2.9279,0.069200
speech-replay,2.9962,0.072900
speech-replay,3.4666,0.064500
speech-replay,2.7662,0.057100
speech-replay,2.8805,0.057300
speech-replay,3.3252,0.068900
speech-replay,2.7495,0.056700
speech-replay,2.5768,0.053300
speech-replay,2.3717,0.052900
speech-replay,2.7507,0.097600
speech-replay,3.3291,0.067600
speech-replay,2.6693,0.069100
speech-replay,2.8492,0.086100
speech-replay,3.1901,0.076200
speech-replay,2.6686,0.057600
speech-replay,2.6729,0.054600
speech-replay,2.8408,0.082700
speech-replay,3.4362,0.076000
speech-replay,2.7302,0.060900
speech-replay,2.7115,0.055200
speech-replay,3.2440,0.077900
speech-replay,3.2674,0.060200
speech-replay,2.6651,0.062500
speech-replay,2.4860,0.053000
speech-replay,2.7891,0.066200
speech-replay,3.4992,0.061500
speech-replay,2.8076,0.055900
speech-replay,2.5425,0.058900
speech-replay,4.4784,0.120800
speech-replay,3.8664,0.086200
speech-replay,3.2452,0.080900
speech-replay,3.1340,0.067800
speech-replay,2.7192,0.063100
speech-replay,2.6721,0.077700
speech-replay,3.1381,0.093200
speech-replay,3.8933,0.066300
speech-replay,2.8527,0.057400
speech-replay,2.5754,0.121100
speech-replay,3.3730,0.066100
speech-replay,2.7232,0.057700
speech-replay,2.7447,0.057300
speech-replay,2.9861,0.063500
speech-replay,3.1904,0.072100
speech-replay,2.8489,0.055200
speech-replay,2.9921,0.058800
speech-replay,3.5694,0.122000
speech-replay,4.5596,0.102100
speech-replay,3.0975,0.062800
speech-replay,3.2872,0.077900
speech-replay,3.1169,0.061900
speech-replay,2.8524,0.061100
speech-replay,2.7155,0.080700
speech-replay,3.5587,0.110900
speech-replay,3.5637,0.094900
speech-replay,2.9845,0.057600
speech-replay,3.7994,0.112000
speech-replay,3.2178,0.064800
speech-replay,3.0285,0.061300
speech-replay,3.0217,0.073400
speech-replay,3.2518,0.065900
speech-replay,2.9005,0.060300
speech-replay,2.5900,0.055600
speech-replay,2.8081,0.065000
speech-replay,2.8484,0.064300
speech-replay,2.9037,0.056800
speech-replay,2.7602,0.056100
speech-replay,3.2505,0.081300
speech-replay,3.0363,0.063300
speech-replay,2.5965,0.057800
speech-replay,2.5577,0.059600
speech-replay,3.4507,0.070500
speech-replay,2.8273,0.056300
speech-replay,2.5215,0.055000
speech-replay,2.7842,0.086700
speech-replay,3.9637,0.094800
speech-replay,2.8064,0.060200
speech-replay,2.6463,0.054700
speech-replay,3.3692,0.076700
speech-replay,3.0820,0.063700
speech-replay,2.6338,0.057600
speech-replay,2.5188,0.078900
speech-replay,4.0351,0.070700
speech-replay,2.7986,0.085500
speech-replay,3.0371,0.058600
speech-replay,3.0757,0.065700
speech-replay,3.0875,0.066400
speech-replay,2.8970,0.058900
speech-replay,2.5481,0.055600
speech-replay,3.3208,0.075200
speech-replay,3.0499,0.057400
speech-replay,2.7443,0.057600
speech-replay,2.8088,0.079100
speech-replay,3.5175,0.063000
speech-replay,2.9494,0.067100
speech-replay,2.6232,0.052400
speech-replay,2.6608,0.060000
speech-replay,2.8889,0.104800
speech-replay,3.4044,0.070400
speech-replay,2.6979,0.054900
speech-replay,3.5082,0.082800
speech-replay,3.3505,0.059100
speech-replay,2.5295,0.054100
speech-replay,2.8332,0.070500
speech-replay,3.3924,0.061700
speech-replay,2.5318,0.055900
speech-replay,2.5037,0.053100
speech-replay,2.7460,0.080000
speech-replay,3.1908,0.062400
speech-replay,2.5219,0.056100
speech-replay,2.3930,0.050500
speech-replay,2.2021,0.075300
speech-replay,3.0419,0.067900
speech-replay,2.7415,0.057800
speech-replay,2.6132,0.058100
speech-replay,2.9271,0.063400
speech-replay,3.5191,0.063600
speech-replay,2.6842,0.058400
speech-replay,2.5821,0.053000
speech-replay,2.6319,0.077900
speech-replay,3.1305,0.062100
speech-replay,2.5676,0.054000
speech-replay,2.6258,0.049600
speech-replay,2.6805,0.093700
speech-replay,2.9677,0.055900
speech-replay,2.8669,0.068700
speech-replay,2.8433,0.055100
speech-replay,2.7524,0.071500
speech-replay,2.9264,0.058200
speech-replay,2.5383,0.055600
speech-replay,2.3562,0.050700
speech-replay,2.8302,0.063400
speech-replay,2.8876,0.069100
speech-replay,2.7279,0.054000
speech-replay,2.4743,0.050100
speech-replay,2.5748,0.079800
speech-replay,3.6680,0.107600
speech-replay,2.8497,0.059500
speech-replay,2.5833,0.050500
speech-replay,2.8471,0.080800
speech-replay,3.1057,0.056400
speech-replay,2.5717,0.068600
speech-replay,2.6451,0.053000
speech-replay,3.0189,0.069200
speech-replay,2.6873,0.060600
speech-replay,2.6404,0.060100
speech-replay,2.4318,0.050600
speech-replay,3.0679,0.142300
speech-replay,3.5452,0.058200
speech-replay,2.3634,0.052200
speech-replay,2.2865,0.049600
speech-replay,2.8965,0.065300
speech-replay,3.2136,0.064200
speech-replay,2.8323,0.053800
speech-replay,2.5140,0.073400
speech-replay,3.7306,0.083000
speech-replay,2.9830,0.052100
speech-replay,2.3587,0.050900
speech-replay,2.9048,0.105500
speech-replay,3.1986,0.060000
speech-replay,2.5306,0.052400
speech-replay,2.5086,0.051300
speech-replay,2.4048,0.079000
speech-replay,3.2864,0.086900
speech-replay,2.9077,0.051600
speech-replay,2.6318,0.050200
speech-replay,2.6894,0.063500
speech-replay,2.9359,0.057700
speech-replay,2.5395,0.053100
speech-replay,2.4525,0.051300
speech-replay,2.6977,0.085000
speech-replay,3.0522,0.064000
speech-replay,2.5424,0.065300
speech-replay,2.4249,0.054800
speech-replay,2.3802,0.053100
speech-replay,3.3316,0.069500
speech-replay,2.7809,0.056000
speech-replay,2.8818,0.083400
speech-replay,3.2593,0.061300
speech-replay,2.5282,0.053300
speech-replay,2.4853,0.054400
speech-replay,2.6214,0.060700
speech-replay,2.6860,0.055500
speech-replay,2.5528,0.054600
speech-replay,2.3838,0.053500
speech-replay,2.5836,0.059300
speech-replay,2.9415,0.057700
speech-replay,2.6151,0.052600
speech-replay,2.4417,0.055200
speech-replay,2.9093,0.060200
speech-replay,2.6456,0.054800
speech-replay,2.4267,0.054200
speech-replay,2.3306,0.050900
speech-replay,2.2609,0.056100
speech-replay,2.8635,0.062000
speech-replay,2.6560,0.085900
speech-replay,2.7544,0.054700
speech-replay,2.4027,0.053600
speech-replay,3.1749,0.065800
speech-replay,2.8503,0.056600
speech-replay,2.3397,0.050600
speech-replay,2.5338,0.085900
speech-replay,3.1600,0.060200
speech-replay,2.8478,0.055000
speech-replay,2.5095,0.051900
speech-replay,2.9727,0.060100
speech-replay,3.0087,0.060500
speech-replay,2.7581,0.051700
speech-replay,2.1416,0.048800
speech-replay,2.7621,0.080100
speech-replay,3.3709,0.062500
speech-replay,2.5191,0.051200
speech-replay,2.1355,0.049000
speech-replay,2.9487,0.097700
speech-replay,3.2284,0.054700
speech-replay,2.7118,0.054400
speech-replay,2.3363,0.049100
speech-replay,2.7835,0.077000
speech-replay,2.7890,0.057200
speech-replay,2.4271,0.050300
speech-replay,2.2342,0.048500
speech-replay,2.9659,0.072900
speech-replay,2.9978,0.062400
speech-replay,2.4339,0.051200
speech-replay,2.4134,0.048100
speech-replay,2.9368,0.079600
speech-replay,2.9560,0.054700
speech-replay,3.0105,0.087400
speech-replay,2.9621,0.086200
speech-replay,3.0230,0.063000
speech-replay,2.4389,0.053800
speech-replay,2.2596,0.049900
speech-replay,2.0970,0.080500
speech-replay,3.4423,0.078500
speech-replay,2.8585,0.055300
speech-replay,2.4259,0.053800
speech-replay,2.3025,0.058600
speech-replay,3.0491,0.062700
speech-replay,2.6418,0.074400
speech-replay,2.6975,0.051500
speech-replay,2.1860,0.075200
speech-replay,2.8382,0.064000
speech-replay,2.6542,0.055900
speech-replay,2.4892,0.049600
speech-replay,2.1198,0.058300
speech-replay,3.2155,0.072200
speech-replay,2.6806,0.056700
speech-replay,2.4358,0.081500
speech-replay,2.3775,0.052700
speech-replay,2.7078,0.063300
speech-replay,2.6342,0.101500
speech-replay,2.6188,0.051200
speech-replay,2.2759,0.048500
speech-replay,2.7318,0.062200
speech-replay,3.0517,0.057400
speech-replay,2.4417,0.051400
speech-replay,2.4196,0.051200
speech-replay,2.6431,0.073000
speech-replay,2.8562,0.058200
speech-replay,2.4915,0.051100
speech-replay,2.1426,0.048800
speech-replay,2.5480,0.057700
speech-replay,3.3789,0.075200
speech-replay,3.2166,0.068500
speech-replay,2.5330,0.051000
speech-replay,2.5228,0.071800
speech-replay,2.5866,0.056200
speech-replay,2.3070,0.051700
speech-replay,2.5032,0.054900
speech-replay,3.0040,0.091800
speech-replay,2.9217,0.060100
speech-replay,2.5471,0.050800
speech-replay,2.2828,0.047600
speech-replay,2.6806,0.061400
speech-replay,2.9418,0.062300
speech-replay,2.4171,0.050100
speech-replay,2.1523,0.048800
speech-replay,2.6416,0.090500
speech-replay,3.1780,0.058600
speech-replay,2.9121,0.068600
speech-replay,2.6916,0.054800
speech-replay,3.3725,0.087700
speech-replay,3.2098,0.057900
speech-replay,2.5417,0.059200
speech-replay,3.5855,0.123100
speech-replay,4.2279,0.069500
speech-replay,3.2738,0.059000
speech-replay,3.5353,0.113500
speech-replay,3.8947,0.068300
speech-replay,3.3866,0.060500
speech-replay,3.8141,0.127900
speech-replay,4.0184,0.074400
speech-replay,3.0754,0.059600
speech-replay,3.6412,0.109600
speech-replay,4.2006,0.073300
speech-replay,3.0879,0.078300
speech-replay,3.5590,0.099100
speech-replay,3.6231,0.125200
speech-replay,3.2809,0.057900
speech-replay,3.6962,0.102700
speech-replay,3.2333,0.059400
speech-replay,2.6547,0.056700
speech-replay,3.5931,0.073700
speech-replay,3.4869,0.070100
speech-replay,3.1081,0.061900
speech-replay,3.6799,0.070800
speech-replay,3.8404,0.076300
speech-replay,3.2052,0.064000
speech-replay,3.1455,0.101900
speech-replay,4.0449,0.081900
speech-replay,3.1726,0.060000
speech-replay,3.7179,0.086200
speech-replay,3.9474,0.065800
speech-replay,2.8757,0.078800
speech-replay,2.9315,0.070100
speech-replay,4.5814,0.069100
speech-replay,3.0327,0.059200
speech-replay,3.1300,0.099000
speech-replay,3.4188,0.064000
speech-replay,3.0400,0.053800
speech-replay,3.2056,0.091600
speech-replay,4.0155,0.067100
speech-replay,3.0959,0.056600
speech-replay,2.6309,0.052500
speech-replay,3.2587,0.107300
speech-replay,3.3857,0.061900
speech-replay,3.1673,0.055600
speech-replay,2.8728,0.073600
speech-replay,3.1957,0.060100
speech-replay,2.7148,0.067700
speech-replay,2.8115,0.107300
speech-replay,3.7325,0.081900
speech-replay,2.9303,0.057800
speech-replay,2.3396,0.053200
speech-replay,2.9709,0.063700
speech-replay,3.8409,0.067200
speech-replay,2.8619,0.055900
speech-replay,2.6669,0.078100
speech-replay,3.7805,0.075900
speech-replay,2.9500,0.058500
speech-replay,2.5400,0.074600
speech-replay,3.7394,0.094000
speech-replay,3.4001,0.059900
speech-replay,2.7554,0.057200
speech-replay,2.9797,0.074400
speech-replay,3.5051,0.070200
speech-replay,2.8781,0.056600
speech-replay,2.7641,0.059700
speech-replay,3.3141,0.089400
speech-replay,2.8448,0.055600
speech-replay,2.7582,0.056700
speech-replay,2.6420,0.064700
speech-replay,3.3337,0.060100
speech-replay,2.7879,0.061400
speech-replay,2.3543,0.050600
speech-replay,2.6751,0.076600
speech-replay,3.8527,0.065600
speech-replay,2.7666,0.092500
speech-replay,3.2245,0.066300
speech-replay,3.3448,0.076400
speech-replay,2.6386,0.056000
speech-replay,3.0185,0.057100
speech-replay,2.9814,0.069800
speech-replay,3.2231,0.071200
speech-replay,2.4131,0.054500
speech-replay,2.5352,0.057400
speech-replay,3.7161,0.064900
speech-replay,2.8125,0.058400
speech-replay,2.4715,0.050800
speech-replay,2.5423,0.059900
speech-replay,3.4768,0.058700
speech-replay,2.6898,0.053900
speech-replay,2.3117,0.050300
speech-replay,2.7185,0.059400
speech-replay,2.6739,0.058200
speech-replay,2.4082,0.050400
speech-replay,2.1227,0.048900
speech-replay,2.6030,0.108000
speech-replay,3.0978,0.050700
speech-replay,2.5297,0.050600
speech-replay,2.6050,0.070900
speech-replay,2.9461,0.061500
speech-replay,2.6781,0.081200
speech-replay,2.7898,0.072400
speech-replay,2.3110,0.048600
speech-replay,2.5459,0.065900
speech-replay,2.5649,0.055100
speech-replay,2.3300,0.051600
speech-replay,2.2133,0.048600
speech-replay,2.6528,0.091300
speech-replay,3.3347,0.061200
speech-replay,2.8340,0.057900
speech-replay,2.4669,0.050800
speech-replay,3.4397,0.063400
speech-replay,2.6955,0.057400
speech-replay,2.7993,0.057900
speech-replay,2.8296,0.085000
speech-replay,3.2281,0.078100
speech-replay,2.9080,0.077500
speech-replay,2.5509,0.049400
speech-replay,3.2523,0.106300
speech-replay,3.8988,0.061900
speech-replay,2.5152,0.055500
speech-replay,2.5320,0.060600
speech-replay,2.9663,0.063500
speech-replay,2.7142,0.076100
speech-replay,2.5195,0.050500
speech-replay,3.1677,0.082200
speech-replay,2.8040,0.057700
speech-replay,2.4185,0.052100
speech-replay,2.4659,0.050500
speech-replay,3.4196,0.078200
speech-replay,3.2179,0.060200
speech-replay,2.4245,0.051900
speech-replay,2.7596,0.086600
speech-replay,3.5881,0.082300
speech-replay,2.9876,0.054400
speech-replay,2.2755,0.049400
speech-replay,3.8836,0.081400
speech-replay,2.6217,0.055400
speech-replay,2.4463,0.053500
speech-replay,2.7909,0.158300
speech-replay,3.6903,0.065300
speech-replay,2.8369,0.055200
speech-replay,2.4806,0.053000
speech-replay,3.9963,0.089800
speech-replay,3.2833,0.081500
speech-replay,2.6603,0.055300
speech-replay,3.0652,0.078700
speech-replay,2.9593,0.057100
speech-replay,2.6303,0.056300
speech-replay,2.4858,0.055000
speech-replay,2.4678,0.050900
speech-replay,2.5557,0.123500
speech-replay,3.6894,0.068400
speech-replay,2.5462,0.052900
speech-replay,2.3965,0.050800
speech-replay,2.3850,0.050900
speech-replay,2.4049,0.052800
speech-replay,3.5799,0.094700
speech-replay,2.9161,0.056300
speech-replay,2.4906,0.050600
speech-replay,2.3910,0.071200
speech-replay,2.4220,0.067500
speech-replay,3.6133,0.069500
speech-replay,2.7871,0.053800
speech-replay,2.5138,0.051900
speech-replay,2.3562,0.049500
speech-replay,2.1639,0.047400
speech-replay,2.4517,0.056400
speech-replay,5.1462,0.110100
speech-replay,3.1984,0.058700
speech-replay,2.4078,0.053500
speech-replay,2.3145,0.050000
speech-replay,3.4622,0.155400
speech-replay,3.2586,0.058800
speech-replay,2.4471,0.051600
speech-replay,2.2587,0.050500
speech-replay,2.1220,0.048700
speech-replay,2.2919,0.061200
speech-replay,3.2850,0.093800
speech-replay,2.6850,0.051200
speech-replay,2.4374,0.048100
speech-replay,2.5305,0.047700
speech-replay,2.1301,0.047300
speech-replay,2.9808,0.065800
speech-replay,2.7910,0.061500
speech-replay,2.2773,0.052000
speech-replay,2.3819,0.071600
speech-replay,2.7628,0.057600
speech-replay,2.6664,0.078000
speech-replay,2.9997,0.059200
speech-replay,2.6543,0.053700
speech-replay,2.2500,0.049400
speech-replay,2.4032,0.050000
speech-replay,2.3138,0.048600
speech-replay,3.5299,0.101900
speech-replay,3.1100,0.055200
speech-replay,2.8737,0.064100
speech-replay,2.5663,0.050900
speech-replay,2.4066,0.053000
speech-replay,4.0511,0.095100
speech-replay,3.0747,0.061200
speech-replay,2.6485,0.060300
speech-replay,2.7135,0.053100
speech-replay,2.2924,0.050400
speech-replay,3.1251,0.081500
speech-replay,3.0541,0.060200
speech-replay,2.9339,0.059900
speech-replay,2.5786,0.055500
speech-replay,2.4979,0.050100
speech-replay,2.8015,0.070300
speech-replay,3.2888,0.058600
speech-replay,2.5042,0.054600
speech-replay,2.7422,0.053000
speech-replay,2.3455,0.049200
speech-replay,2.9815,0.110000
speech-replay,2.8331,0.056500
speech-replay,2.2715,0.050000
speech-replay,2.1362,0.048500
speech-replay,2.2076,0.050200
speech-replay,2.2090,0.075400
speech-replay,2.6647,0.084700
speech-replay,2.9380,0.058900
speech-replay,2.2394,0.052800
speech-replay,2.2138,0.048300
speech-replay,2.6003,0.106000
speech-replay,2.3383,0.048700
speech-replay,2.6151,0.099000
speech-replay,2.5111,0.053500
speech-replay,2.2150,0.051400
speech-replay,2.2770,0.048500
speech-replay,2.2288,0.047300
speech-replay,2.2061,0.047200
speech-replay,2.7941,0.073200
speech-replay,2.9114,0.057500
speech-replay,2.4095,0.050100
speech-replay,2.3394,0.055300
speech-replay,2.3040,0.048000
speech-replay,2.3459,0.068100
speech-replay,3.5783,0.098800
speech-replay,3.0271,0.060600
speech-replay,2.4031,0.053400
speech-replay,2.2902,0.049800
speech-replay,2.3742,0.048500
speech-replay,3.0499,0.069600
speech-replay,2.9949,0.059300
speech-replay,2.4085,0.073200
speech-replay,2.2339,0.048400
speech-replay,2.0689,0.046900
speech-replay,2.1841,0.056600
speech-replay,3.3007,0.079400
speech-replay,2.7439,0.056300
speech-replay,2.5424,0.055800
speech-replay,2.3160,0.069800
speech-replay,2.1201,0.069200
speech-replay,2.1516,0.053000
speech-replay,3.0956,0.099800
speech-replay,2.7087,0.053800
speech-replay,2.5962,0.054400
speech-replay,2.4999,0.047800
speech-replay,2.0590,0.047100
speech-replay,2.5496,0.064000
speech-replay,2.8959,0.061200
speech-replay,2.3855,0.053900
speech-replay,2.1359,0.050100
speech-replay,2.1305,0.052100
speech-replay,2.4023,0.048200
speech-replay,2.7727,0.068500
speech-replay,2.8077,0.056000
speech-replay,2.3450,0.050400
speech-replay,2.1655,0.047700
speech-replay,2.2242,0.047500
speech-replay,2.1747,0.047700
speech-replay,2.5827,0.074600
speech-replay,2.9168,0.059700
speech-replay,2.4489,0.052300
speech-replay,2.2556,0.049900
speech-replay,2.3550,0.055600
speech-replay,2.1202,0.050000
speech-replay,3.0834,0.062500
speech-replay,3.1204,0.068400
speech-replay,3.4211,0.062000
speech-replay,2.9037,0.064800
speech-replay,2.5374,0.083100
speech-replay,3.8716,0.067600
speech-replay,3.4153,0.092200
speech-replay,2.8709,0.057800
speech-replay,2.6988,0.057500
speech-replay,3.3507,0.062200
speech-replay,3.4145,0.069100
speech-replay,2.8837,0.061900
speech-replay,2.9416,0.061400
speech-replay,2.4038,0.052900
speech-replay,3.6100,0.086500
speech-replay,4.0417,0.162600
speech-replay,3.4714,0.103900
speech-replay,5.6849,0.071300
speech-replay,3.0957,0.059300
speech-replay,5.6331,0.090700
speech-replay,4.6903,0.112400
speech-replay,4.3679,0.068000
speech-replay,4.3014,0.077100
speech-replay,3.6222,0.060100
speech-replay,3.1086,0.072000
speech-replay,5.0952,0.075400
speech-replay,4.2296,0.114200
speech-replay,4.8235,0.072300
speech-replay,4.5548,0.122900
speech-replay,4.8066,0.071300
speech-replay,3.4415,0.106500
speech-replay,5.3040,0.076100
speech-replay,5.5600,0.077000
speech-replay,3.3458,0.062800
speech-replay,5.2953,0.088100
speech-replay,4.8113,0.101500
speech-replay,4.8634,0.105500
speech-replay,4.0855,0.088200
speech-replay,3.9274,0.064400
speech-replay,2.7441,0.128500
speech-replay,4.3892,0.084400
speech-replay,3.6242,0.076400
speech-replay,5.5514,0.081000
speech-replay,3.7076,0.077800
speech-replay,5.2100,0.078400
speech-replay,3.8023,0.164300
speech-replay,5.2404,0.087200
speech-replay,4.1244,0.081500
speech-replay,3.6474,0.075600
speech-replay,3.0629,0.073900
speech-replay,2.9790,0.055600
speech-replay,3.5723,0.074200
speech-replay,3.1095,0.061000
speech-replay,2.9755,0.058600
speech-replay,2.4829,0.083100
speech-replay,3.8598,0.081600
speech-replay,3.2594,0.098700
speech-replay,2.8336,0.055300
speech-replay,2.5979,0.051900
speech-replay,2.2400,0.080600
speech-replay,3.9370,0.079300
speech-replay,2.7659,0.058600
speech-replay,2.9572,0.053400
speech-replay,2.2956,0.051400
speech-replay,3.0832,0.068600
speech-replay,3.4001,0.067400
speech-replay,2.5786,0.056700
speech-replay,2.3670,0.052400
speech-replay,2.2008,0.076600
speech-replay,3.7372,0.072900
speech-replay,2.7931,0.058400
speech-replay,2.5007,0.054500
speech-replay,2.5504,0.055900
speech-replay,3.0292,0.061100
speech-replay,3.2415,0.057000
speech-replay,2.5131,0.051300
speech-replay,2.3472,0.048100
speech-replay,2.4995,0.052900
speech-replay,2.7841,0.073300
speech-replay,2.9306,0.060800
speech-replay,2.9032,0.052800
speech-replay,2.2951,0.049700
speech-replay,2.1371,0.048500
speech-replay,3.1797,0.066900
speech-replay,3.1144,0.070900
speech-replay,2.8666,0.059400
speech-replay,2.4514,0.054300
speech-replay,2.8398,0.067600
speech-replay,3.1111,0.059700
speech-replay,2.5531,0.053600
speech-replay,2.5592,0.050000
speech-replay,2.2808,0.051100
speech-replay,2.7247,0.083400
speech-replay,3.1206,0.058600
speech-replay,2.7336,0.063600
speech-replay,2.6246,0.053400
speech-replay,2.2186,0.063900
speech-replay,2.8083,0.066000
speech-replay,3.1492,0.055600
speech-replay,2.4514,0.051000
speech-replay,2.3064,0.050400
speech-replay,2.1478,0.049200
speech-replay,3.2822,0.062000
speech-replay,2.9908,0.060400
speech-replay,2.5339,0.050300
speech-replay,2.2706,0.049800
speech-replay,2.4454,0.053300
speech-replay,3.5017,0.071000
speech-replay,2.7887,0.051700
speech-replay,2.4191,0.053100
speech-replay,2.2262,0.072200
speech-replay,2.2064,0.062100
speech-replay,3.3648,0.068300
speech-replay,2.9562,0.056800
speech-replay,2.4183,0.056300
speech-replay,2.1913,0.048100
speech-replay,2.1715,0.050500
speech-replay,3.3214,0.071500
speech-replay,2.6456,0.055600
speech-replay,2.3592,0.052200
speech-replay,2.3872,0.047300
speech-replay,2.1902,0.063200
speech-replay,3.2914,0.073900
speech-replay,2.8224,0.057300
speech-replay,2.5283,0.072200
speech-replay,2.2840,0.050100
speech-replay,2.1936,0.074500
speech-replay,3.5005,0.060500
speech-replay,2.5160,0.051400
speech-replay,2.3598,0.049600
speech-replay,2.4941,0.055400
speech-replay,2.1209,0.066600
speech-replay,2.7702,0.058500
speech-replay,2.5824,0.053700
speech-replay,2.3476,0.048500
speech-replay,2.1902,0.046400
speech-replay,2.1327,0.046900
speech-replay,2.9652,0.093300
speech-replay,2.9608,0.057400
speech-replay,2.2079,0.050100
speech-replay,2.1225,0.047600
speech-replay,2.1825,0.047600
speech-replay,2.6346,0.127000
speech-replay,3.0765,0.058400
speech-replay,2.5804,0.051600
speech-replay,2.2221,0.053700
speech-replay,2.2806,0.048300
speech-replay,2.3633,0.064000
speech-replay,3.2801,0.058600
speech-replay,2.8689,0.058300
speech-replay,2.2732,0.049700
speech-replay,2.1049,0.047700
speech-replay,2.3134,0.061700
speech-replay,2.7715,0.057700
speech-replay,2.5444,0.053000
speech-replay,2.2334,0.049400
speech-replay,2.2302,0.047800
speech-replay,2.0725,0.052600
speech-replay,2.6433,0.056000
speech-replay,2.5840,0.055200
speech-replay,2.3972,0.049600
speech-replay,2.3020,0.048000
speech-replay,2.1197,0.048600
speech-replay,2.4297,0.066000
speech-replay,2.6518,0.055700
speech-replay,2.2725,0.049900
speech-replay,2.0949,0.075100
speech-replay,2.2859,0.047200
speech-replay,2.2399,0.049100
speech-replay,3.2994,0.070700
speech-replay,2.6893,0.060500
speech-replay,2.7860,0.055300
speech-replay,2.4161,0.050100
speech-replay,2.3793,0.079500
speech-replay,3.7074,0.063200
speech-replay,2.5583,0.050900
speech-replay,2.3787,0.050600
speech-replay,2.3399,0.047500
speech-replay,2.5557,0.064800
speech-replay,2.7596,0.060800
speech-replay,2.6199,0.134500
speech-replay,3.0898,0.053900
speech-replay,2.1992,0.049800
speech-replay,2.4191,0.067200
speech-replay,3.0594,0.052300
speech-replay,2.2974,0.051500
speech-replay,2.3478,0.070500
speech-replay,2.4149,0.047700
speech-replay,2.3622,0.059200
speech-replay,3.0071,0.055000
speech-replay,2.4311,0.049100
speech-replay,2.4194,0.047500
speech-replay,2.2319,0.046700
speech-replay,2.8246,0.066800
speech-replay,3.3441,0.068800
speech-replay,2.6831,0.051200
speech-replay,2.4538,0.047800
speech-replay,2.2043,0.047200
speech-replay,2.5708,0.058800
speech-replay,2.9386,0.057900
speech-replay,2.4083,0.049800
speech-replay,2.5394,0.049400
speech-replay,2.0860,0.047600
speech-replay,2.1230,0.067000
speech-replay,2.6705,0.057200
speech-replay,2.4887,0.053900
speech-replay,2.2065,0.048100
speech-replay,2.2501,0.048100
speech-replay,2.1842,0.047300
speech-replay,2.5312,0.074100
speech-replay,2.5519,0.052700
speech-replay,2.4179,0.071100
speech-replay,2.3482,0.048900
speech-replay,2.3458,0.048500
speech-replay,2.4769,0.086400
speech-replay,2.8198,0.054800
speech-replay,2.5544,0.050600
speech-replay,2.2685,0.053700
speech-replay,2.4254,0.049200
speech-replay,2.1100,0.054400
speech-replay,3.3528,0.069000
speech-replay,2.9323,0.057700
speech-replay,2.6530,0.048300
speech-replay,2.2918,0.047300
speech-replay,3.3344,0.084400
speech-replay,3.0415,0.066800
speech-replay,2.4254,0.050800
speech-replay,2.1227,0.048600
speech-replay,2.1000,0.048300
speech-replay,2.3855,0.063500
speech-replay,2.8750,0.056100
speech-replay,2.3826,0.050900
speech-replay,2.2790,0.049000
speech-replay,2.2230,0.048900
speech-replay,2.3578,0.059400
speech-replay,2.6013,0.066800
speech-replay,3.0145,0.057400
speech-replay,2.5350,0.052900
speech-replay,2.3057,0.050700
speech-replay,2.2595,0.072000
speech-replay,3.1867,0.063600
speech-replay,2.5805,0.053400
speech-replay,2.2013,0.056100
speech-replay,2.3200,0.051000
speech-replay,3.1615,0.095400
speech-replay,3.6944,0.092200
speech-replay,3.4244,0.546600
speech-replay,26.0838,0.073800
speech-replay,3.9044,0.088100
speech-replay,4.9648,0.081900
speech-replay,4.3243,0.067300
speech-replay,3.7724,0.069200
speech-replay,3.9618,0.087800
speech-replay,4.1423,0.088700
speech-replay,3.2556,0.061600
speech-replay,2.6632,0.082900
speech-replay,3.0654,0.066400
speech-replay,3.0087,0.061300
speech-replay,2.8153,0.053900
speech-replay,2.3810,0.050700
speech-replay,3.2185,0.088700
speech-replay,3.5243,0.056700
speech-replay,2.7835,0.063000
speech-replay,2.6126,0.050700
speech-replay,2.5169,0.084900
speech-replay,4.0992,0.092300
speech-replay,2.8207,0.063400
speech-replay,2.6099,0.063100
speech-replay,2.5363,0.054300
speech-replay,4.7238,0.089500
speech-replay,4.0182,0.070400
speech-replay,3.0310,0.058500
speech-replay,2.9758,0.070100
speech-replay,3.4353,0.087100
speech-replay,2.9642,0.054800
speech-replay,2.7305,0.059800
speech-replay,2.5502,0.059300
speech-replay,3.4334,0.077800
speech-replay,3.0777,0.061100
speech-replay,2.7629,0.054000
speech-replay,2.6053,0.056600
speech-replay,3.0118,0.074600
speech-replay,3.1211,0.064400
speech-replay,2.6520,0.057200
speech-replay,2.6527,0.054900
speech-replay,2.5336,0.078800
speech-replay,3.5145,0.067300
speech-replay,3.0143,0.060200
speech-replay,2.6408,0.053900
speech-replay,2.8810,0.081200
speech-replay,4.2691,0.106700
speech-replay,3.4044,0.061400
speech-replay,2.8348,0.059600
speech-replay,2.5882,0.054400
speech-replay,3.0490,0.073500
speech-replay,3.0407,0.062900
speech-replay,2.7053,0.057800
speech-replay,2.5283,0.054900
speech-replay,2.4348,0.075100
speech-replay,3.2130,0.074900
speech-replay,3.2305,0.057500
speech-replay,2.8095,0.056700
speech-replay,2.6489,0.053200
speech-replay,3.0571,0.077500
speech-replay,3.3444,0.069000
speech-replay,2.6299,0.055700
speech-replay,2.2175,0.049600
speech-replay,2.3466,0.082400
speech-replay,3.4387,0.067000
speech-replay,2.8013,0.055000
speech-replay,2.5749,0.051600
speech-replay,2.3025,0.050700
speech-replay,2.6040,0.053100
speech-replay,2.8125,0.058900
speech-replay,2.5378,0.051200
speech-replay,2.5498,0.048100
speech-replay,2.2563,0.073300
speech-replay,2.2831,0.070700
speech-replay,3.1902,0.069100
speech-replay,2.8221,0.080700
speech-replay,2.8029,0.049100
speech-replay,2.1956,0.047600
speech-replay,2.6789,0.059500
speech-replay,3.2718,0.063100
speech-replay,2.7544,0.074500
speech-replay,2.3359,0.048600
speech-replay,2.4872,0.048800
speech-replay,2.4034,0.135200
speech-replay,3.4159,0.064300
speech-replay,2.6317,0.053600
speech-replay,3.3495,0.055800
speech-replay,2.8152,0.089700
speech-replay,3.8150,0.074200
speech-replay,3.0729,0.066100
speech-replay,2.5975,0.055500
speech-replay,2.3087,0.053600
speech-replay,3.4314,0.095100
speech-replay,3.9802,0.175600
speech-replay,4.5940,0.132100
speech-replay,3.4636,0.061600
speech-replay,2.5758,0.052700
speech-replay,3.0997,0.076500
speech-replay,4.0230,0.074800
speech-replay,3.3045,0.124600
speech-replay,2.9026,0.061200
speech-replay,2.3963,0.052100
speech-replay,2.3478,0.052400
speech-replay,3.0237,0.078500
speech-replay,2.9905,0.066800
speech-replay,2.4555,0.053700
speech-replay,2.2852,0.049500
speech-replay,2.4086,0.059300
speech-replay,2.9306,0.058700
speech-replay,2.6172,0.052400
speech-replay,2.5888,0.050000
speech-replay,2.7977,0.079300
speech-replay,3.0423,0.054900
speech-replay,2.4431,0.051200
speech-replay,2.5340,0.048800
speech-replay,3.3627,0.070400
speech-replay,3.4422,0.067700
speech-replay,2.6360,0.055600
speech-replay,2.9691,0.051700
speech-replay,2.6931,0.062000
speech-replay,2.9308,0.059400
speech-replay,2.5972,0.051100
speech-replay,2.1428,0.049000
speech-replay,2.4840,0.070400
speech-replay,3.3676,0.057700
speech-replay,2.4451,0.051800
speech-replay,2.4199,0.052700
speech-replay,2.7675,0.060700
speech-replay,3.6820,0.061200
speech-replay,2.9166,0.062100
speech-replay,2.4139,0.052200
speech-replay,4.1475,0.074400
speech-replay,2.8824,0.063100
speech-replay,2.8883,0.054500
speech-replay,3.8317,0.079500
speech-replay,3.2519,0.063100
speech-replay,2.9400,0.062400
speech-replay,2.8911,0.079200
speech-replay,4.0360,0.080000
speech-replay,2.8786,0.056600
speech-replay,3.0587,0.057100
speech-replay,3.6807,0.070300
speech-replay,2.9379,0.059100
speech-replay,2.7600,0.054400
speech-replay,2.5405,0.079300
speech-replay,3.6111,0.076600
speech-replay,3.1267,0.067200
speech-replay,2.7000,0.054500
speech-replay,3.8355,0.078600
speech-replay,2.9833,0.060500
speech-replay,2.7480,0.059900
speech-replay,3.5064,0.071900
speech-replay,3.8502,0.070200
speech-replay,2.7873,0.055400
speech-replay,2.6705,0.053200
speech-replay,3.8766,0.073800
speech-replay,3.3879,0.104800
speech-replay,2.9172,0.063400
speech-replay,3.4166,0.069300
speech-replay,3.6079,0.072300
speech-replay,2.8610,0.056400
speech-replay,2.5202,0.077100
speech-replay,3.8801,0.075700
speech-replay,2.9678,0.055700
speech-replay,2.3206,0.050600
speech-replay,3.7401,0.085300
speech-replay,3.5780,0.065700
speech-replay,2.5999,0.053900
speech-replay,2.4044,0.071900
speech-replay,3.1570,0.066400
speech-replay,2.9882,0.056700
speech-replay,2.5102,0.051500
speech-replay,2.2720,0.061900
speech-replay,3.4748,0.079600
speech-replay,2.7519,0.062600
speech-replay,2.5620,0.052600
speech-replay,2.2471,0.065000
speech-replay,3.0605,0.063000
speech-replay,2.8626,0.056600
speech-replay,2.3736,0.052700
speech-replay,2.3291,0.048000
speech-replay,2.6698,0.063500
speech-replay,2.8716,0.059700
speech-replay,2.5512,0.052700
speech-replay,2.3989,0.050400
speech-replay,2.7177,0.068500
speech-replay,2.8090,0.055400
speech-replay,2.8038,0.054000
speech-replay,2.5987,0.049800
speech-replay,2.5827,0.067400
speech-replay,2.9882,0.056900
speech-replay,2.5009,0.051200
speech-replay,2.3349,0.048800
speech-replay,2.9486,0.063900
speech-replay,2.8452,0.058700
speech-replay,3.0007,0.054400
speech-replay,2.4169,0.094700
speech-replay,3.2152,0.101800
speech-replay,3.8386,0.066100
speech-replay,2.8267,0.077100
speech-replay,2.7084,0.058400
speech-replay,4.0231,0.067400
speech-replay,2.8443,0.056000
speech-replay,2.6511,0.055600
speech-replay,3.8291,0.078800
speech-replay,3.3488,0.064100
speech-replay,2.6859,0.056400
speech-replay,3.3377,0.112300
speech-replay,3.7920,0.083100
speech-replay,2.8093,0.057200
speech-replay,2.7524,0.055300
speech-replay,3.2058,0.081700
speech-replay,3.2053,0.076700
speech-replay,2.5129,0.056000
speech-replay,2.7849,0.095600
speech-replay,3.1982,0.061800
speech-replay,2.8086,0.057600
speech-replay,2.4145,0.051700
speech-replay,2.4567,0.077600
speech-replay,3.1153,0.073600
speech-replay,3.4178,0.065900
speech-replay,2.7215,0.056300
speech-replay,2.7262,0.074400
speech-replay,3.4189,0.076900
speech-replay,2.9304,0.055200
speech-replay,2.6844,0.056600
speech-replay,3.6150,0.078800
speech-replay,3.6266,0.080800
speech-replay,3.1580,0.065700
speech-replay,3.4656,0.129700
speech-replay,3.8467,0.067700
speech-replay,3.1591,0.064300
speech-replay,3.9853,0.066300
speech-replay,3.4084,0.064500
speech-replay,2.6489,0.058500
speech-replay,4.1783,0.091200
speech-replay,3.5595,0.062600
speech-replay,2.8866,0.062300
speech-replay,4.7135,0.077800
speech-replay,2.9972,0.058800
speech-replay,3.2408,0.085400
speech-replay,3.4794,0.070200
speech-replay,3.5146,0.170300
speech-replay,3.0421,0.065300
speech-replay,4.3062,0.079400
speech-replay,3.0394,0.096200
speech-replay,3.7754,0.067800
speech-replay,3.3010,0.095900
speech-replay,3.6212,0.071300
speech-replay,3.0375,0.127500
speech-replay,4.7345,0.081100
speech-replay,3.1891,0.092600
speech-replay,3.5062,0.080300
speech-replay,2.7941,0.093300
speech-replay,3.1481,0.066400
speech-replay,2.9240,0.064100
speech-replay,3.3850,0.066900
speech-replay,3.1932,0.080000
speech-replay,2.9906,0.064700
speech-replay,3.1064,0.061000
speech-replay,3.2347,0.068700
speech-replay,3.5158,0.060800
speech-replay,3.8599,0.106300
speech-replay,4.0774,0.065100
speech-replay,3.1698,0.066500
speech-replay,2.8585,0.066000
speech-replay,3.1948,0.087200
speech-replay,3.0293,0.072900
speech-replay,3.8094,0.080900
speech-replay,3.3358,0.089400
speech-replay,2.7387,0.065300
speech-replay,3.4465,0.067700
speech-replay,2.6775,0.056400
speech-replay,4.3663,0.073200
speech-replay,3.4992,0.162800
speech-replay,4.3291,0.064500
speech-replay,2.9437,0.087900
speech-replay,3.5431,0.067200
speech-replay,3.1324,0.091400
speech-replay,3.1173,0.076000
speech-replay,3.1881,0.083500
speech-replay,2.9914,0.061200
speech-replay,2.4571,0.057000
speech-replay,3.1130,0.109200
speech-replay,4.1916,0.089500
speech-replay,3.7417,0.084600
speech-replay,3.2567,0.067300
speech-replay,3.5737,0.108000
speech-replay,3.4117,0.064200
speech-replay,4.2730,0.090000
speech-replay,3.2915,0.062800
speech-replay,3.4044,0.082300
speech-replay,3.4674,0.062200
speech-replay,3.3272,0.063900
speech-replay,2.8838,0.064500
speech-replay,3.0164,0.087800
speech-replay,3.3322,0.062800
speech-replay,3.1815,0.113100
speech-replay,3.8052,0.061500
speech-replay,2.7329,0.088400
speech-replay,3.1195,0.059800
speech-replay,2.9036,0.059900
speech-replay,3.4974,0.068200
speech-replay,3.3064,0.066900
speech-replay,3.3756,0.064000
speech-replay,2.6955,0.055600
speech-replay,2.4220,0.061700
speech-replay,2.8809,0.058700
speech-replay,2.5810,0.052800
speech-replay,3.0426,0.094500
speech-replay,3.0691,0.054900
speech-replay,3.0246,0.066100
speech-replay,3.1599,0.061300
speech-replay,2.6534,0.087200
speech-replay,3.5876,0.065600
speech-replay,2.5121,0.055400
speech-replay,2.5869,0.061400
speech-replay,2.6226,0.058500
speech-replay,2.8592,0.061000
speech-replay,2.8318,0.055000
speech-replay,2.6570,0.053500
speech-replay,3.0396,0.063100
speech-replay,2.6323,0.061000
speech-replay,2.9674,0.059500
speech-replay,2.4839,0.056100
speech-replay,2.3315,0.050300
speech-replay,3.0298,0.104500
speech-replay,3.1242,0.069400
speech-replay,2.7714,0.060500
speech-replay,2.6339,0.058500
speech-replay,2.6842,0.058900
speech-replay,2.4902,0.058000
speech-replay,2.7957,0.062200
speech-replay,2.7129,0.079800
speech-replay,3.0587,0.079300
speech-replay,2.4227,0.053100
speech-replay,3.2008,0.065400
speech-replay,2.7494,0.066100
speech-replay,3.1987,0.066200
speech-replay,3.7557,0.063300
speech-replay,3.0908,0.065600
speech-replay,2.7104,0.058700
speech-replay,2.7371,0.054300
speech-replay,2.7989,0.060800
speech-replay,2.6899,0.055000
speech-replay,2.5608,0.088700
speech-replay,3.4928,0.064500
speech-replay,2.7409,0.061000
speech-replay,3.2010,0.070600
speech-replay,2.7869,0.058700
speech-replay,3.4996,0.096500
speech-replay,3.3844,0.067400
speech-replay,3.1443,0.073800
speech-replay,2.8869,0.061200
speech-replay,2.7980,0.067900
speech-replay,2.9967,0.059900
speech-replay,2.5311,0.070500
speech-replay,3.4412,0.067700
speech-replay,2.8610,0.070900
speech-replay,2.9808,0.081500
speech-replay,2.9564,0.057800
speech-replay,2.4119,0.082700
speech-replay,2.8412,0.065400
speech-replay,3.5566,0.105900
speech-replay,3.0096,0.064600
speech-replay,2.6926,0.054900
speech-replay,3.0837,0.114100
speech-replay,4.1371,0.075900
speech-replay,3.1969,0.076600
speech-replay,3.3005,0.061300
speech-replay,3.1437,0.066100
speech-replay,3.2647,0.113200
speech-replay,4.0442,0.086500
speech-replay,3.1475,0.061900
speech-replay,3.4207,0.074000
speech-replay,3.4836,0.074200
speech-replay,3.2246,0.076000
speech-replay,3.3863,0.064800
speech-replay,3.4950,0.155100
speech-replay,3.6931,0.080500
speech-replay,3.7170,0.084600
speech-replay,3.6183,0.076300
speech-replay,3.3592,0.075400
speech-replay,3.7966,0.093700
speech-replay,4.1005,0.106100
speech-replay,4.3630,0.197900
speech-replay,5.0574,0.137500
speech-replay,4.7094,0.074100
speech-replay,3.9175,0.172400
speech-replay,3.5898,0.073300
speech-replay,3.1244,0.058800
speech-replay,4.0145,0.069000
speech-replay,2.9601,0.056600
speech-replay,3.4483,0.070200
speech-replay,2.6973,0.059300
speech-replay,3.8678,0.080600
speech-replay,3.2244,0.058700
speech-replay,3.7946,0.069400
speech-replay,3.8288,0.074800
speech-replay,3.5576,0.117400
speech-replay,2.9788,0.058800
speech-replay,2.9171,0.058400
speech-replay,2.6873,0.069800
speech-replay,3.4653,0.073000
speech-replay,2.7477,0.056900
speech-replay,2.3842,0.052100
speech-replay,2.8413,0.065900
speech-replay,2.4505,0.056200
speech-replay,3.6626,0.077200
speech-replay,3.2322,0.059400
speech-replay,2.9906,0.084600
speech-replay,3.1294,0.058700
speech-replay,2.5815,0.054300
speech-replay,3.9421,0.088200
speech-replay,2.8416,0.057600
speech-replay,2.8268,0.059100
speech-replay,2.7454,0.056400
speech-replay,3.1119,0.095300
speech-replay,3.0251,0.072600
speech-replay,2.8779,0.065200
speech-replay,3.0158,0.058800
speech-replay,2.5933,0.055400
speech-replay,2.8734,0.060400
speech-replay,2.7257,0.058900
speech-replay,2.8928,0.083300
speech-replay,3.1668,0.057600
speech-replay,2.6124,0.059200
speech-replay,2.7252,0.059800
speech-replay,2.6119,0.056700
speech-replay,2.7289,0.102900
speech-replay,3.2500,0.072300
speech-replay,2.9940,0.082100
speech-replay,3.0351,0.068900
speech-replay,2.9506,0.058500
speech-replay,3.1037,0.065700
speech-replay,3.0577,0.073700
speech-replay,3.3796,0.097600
speech-replay,3.0762,0.061000
speech-replay,2.8386,0.098200
speech-replay,3.7521,0.104400
speech-replay,3.6239,0.116300
speech-replay,3.9760,0.119400
speech-replay,4.7274,0.082500
speech-replay,3.6649,0.068400
speech-replay,3.5412,0.203100
speech-replay,3.1900,0.069600
speech-replay,3.3819,0.066900
speech-replay,2.9151,0.059200
speech-replay,3.3484,0.068900
speech-replay,3.1138,0.062800
speech-replay,2.7697,0.139100
speech-replay,3.4165,0.062100
speech-replay,2.6996,0.056600
speech-replay,3.4033,0.069200
speech-replay,2.9136,0.060700
speech-replay,3.1005,0.061700
speech-replay,2.7377,0.060000
speech-replay,3.5759,0.084500
speech-replay,3.7842,0.060700
speech-replay,3.4241,0.078200
speech-replay,3.2444,0.058800
speech-replay,3.0786,0.084600
speech-replay,2.8222,0.058200
speech-replay,2.4987,0.060900
speech-replay,3.7185,0.098800
speech-replay,3.0313,0.132700
speech-replay,3.3376,0.106100
speech-replay,3.4231,0.067300
speech-replay,3.2450,0.065800
speech-replay,2.8196,0.063800
speech-replay,3.9472,0.119400
speech-replay,3.1879,0.072900
speech-replay,3.6336,0.070100
speech-replay,3.0577,0.063100
speech-replay,3.0972,0.122800
speech-replay,2.9907,0.058900
speech-replay,2.8452,0.113000
speech-replay,4.9076,0.066700
speech-replay,3.5962,0.076000
speech-replay,3.6149,0.061500
speech-replay,3.3910,0.070200
speech-replay,3.9302,0.082700
speech-replay,3.6118,0.066000
speech-replay,2.9507,0.057200
speech-replay,3.0124,0.096400
speech-replay,3.6651,0.063400
speech-replay,2.9266,0.061200
speech-replay,2.9150,0.056600
speech-replay,2.7581,0.057500
speech-replay,3.1460,0.059200
speech-replay,2.5140,0.053700
speech-replay,3.0319,0.067000
speech-replay,2.6671,0.058500
speech-replay,2.6156,0.068500
speech-replay,3.0403,0.063400
speech-replay,2.8979,0.059400
speech-replay,3.4065,0.081200
speech-replay,3.6737,0.066900
speech-replay,3.4646,0.086200
speech-replay,3.2741,0.097500
speech-replay,3.2370,0.058300
speech-replay,3.1154,0.067000
speech-replay,3.5246,0.068900
speech-replay,2.9839,0.071100
speech-replay,2.7947,0.071700
speech-replay,2.6996,0.055100
speech-replay,2.9696,0.054300
speech-replay,3.8629,0.094600
speech-replay,3.4566,0.067700
speech-replay,3.3303,0.070400
speech-replay,3.1322,0.079600
speech-replay,3.9817,0.070400
speech-replay,4.2132,0.118800
speech-replay,4.4644,0.076200
speech-replay,3.8188,0.087500
speech-replay,3.5414,0.071000
speech-replay,3.3537,0.073800
speech-replay,3.2681,0.064700
speech-replay,4.1902,0.104600
speech-replay,3.4739,0.065300
speech-replay,3.4237,0.066800
speech-replay,3.4656,0.102800
speech-replay,3.8122,0.069700
speech-replay,3.4528,0.077600
speech-replay,3.2713,0.067700
speech-replay,2.9570,0.066600
speech-replay,3.0198,0.063500
speech-replay,2.6928,0.063200
speech-replay,2.7323,0.232300
speech-replay,3.7434,0.075200
speech-replay,2.9168,0.082400
speech-replay,3.2158,0.060900
speech-replay,2.8063,0.055900
speech-replay,3.2566,0.138000
speech-replay,3.4021,0.061500
speech-replay,3.7258,0.151800
speech-replay,3.8977,0.116500
speech-replay,3.7169,0.091500
speech-replay,3.4387,0.071600
speech-replay,3.5426,0.080900
speech-replay,3.1846,0.145300
speech-replay,3.4789,0.069600
speech-replay,2.7634,0.056200
speech-replay,3.2083,0.075200
speech-replay,3.2764,0.057100
speech-replay,2.9696,0.061100
speech-replay,3.2581,0.087400
speech-replay,2.6113,0.054900
speech-replay,3.6126,0.080800
speech-replay,4.0280,0.086800
speech-replay,3.6767,0.071400
speech-replay,2.9815,0.102200
speech-replay,3.7508,0.067000
speech-replay,3.2487,0.106000
speech-replay,4.4081,0.106800
speech-replay,4.1879,0.075100
speech-replay,3.7184,0.070500
speech-replay,4.3515,0.106500
speech-replay,4.0280,0.095800
speech-replay,3.8799,0.074700
speech-replay,3.9487,0.092800
speech-replay,3.7116,0.066200
speech-replay,3.4068,0.080100
speech-replay,3.6739,0.067000
speech-replay,3.7706,0.075400
speech-replay,3.9104,0.074400
speech-replay,2.8508,0.063100
speech-replay,3.4508,0.107300
speech-replay,4.3395,0.097100
speech-replay,3.6420,0.065200
speech-replay,3.1875,0.080200
speech-replay,3.1899,0.131700
speech-replay,3.4032,0.075000
speech-replay,3.5148,0.146400
speech-replay,3.1833,0.075600
speech-replay,3.3111,0.068600
speech-replay,3.6506,0.076800
speech-replay,2.9075,0.066900
speech-replay,3.6352,0.089200
speech-replay,3.6605,0.069700
speech-replay,2.9420,0.070300
speech-replay,3.1566,0.061500
speech-replay,2.6753,0.080200
speech-replay,4.8916,0.085200
speech-replay,3.4259,0.080900
speech-replay,3.5086,0.066600
speech-replay,3.4291,0.085500
speech-replay,3.4862,0.064400
speech-replay,2.9160,0.074500
speech-replay,3.6964,0.079300
speech-replay,3.1661,0.091100
speech-replay,3.7712,0.116800
speech-replay,2.9249,0.068700
speech-replay,3.6511,0.123700
speech-replay,3.2923,0.100400
speech-replay,4.5704,0.096300
speech-replay,3.7514,0.070400
speech-replay,3.8636,0.075600
speech-replay,3.7630,0.069200
speech-replay,3.9700,0.066700
speech-replay,4.1084,0.086500
speech-replay,3.2188,0.073100
speech-replay,4.0003,0.074100
speech-replay,3.1159,0.075000
speech-replay,4.9705,0.074500
speech-replay,4.4872,0.086800
speech-replay,3.6732,0.060600
speech-replay,3.5825,0.071300
speech-replay,3.2305,0.065700
speech-replay,3.3803,0.078800
speech-replay,3.1243,0.060700
speech-replay,3.1042,0.062400
speech-replay,3.6350,0.068900
speech-replay,3.2698,0.069600
speech-replay,3.1956,0.062600
speech-replay,3.3055,0.072900
speech-replay,3.4053,0.065100
speech-replay,3.3454,0.060100
speech-replay,3.0209,0.059100
speech-replay,3.2207,0.094800
speech-replay,3.1321,0.073900
speech-replay,2.8488,0.086100
speech-replay,3.1476,0.060800
speech-replay,2.7599,0.059100
speech-replay,2.6885,0.068400
speech-replay,3.2072,0.060000
speech-replay,2.8330,0.084800
speech-replay,2.9863,0.062000
speech-replay,2.8690,0.059600
speech-replay,3.6827,0.130400
speech-replay,3.4450,0.066100
speech-replay,3.5032,0.069300
speech-replay,2.8517,0.062400
speech-replay,2.8689,0.060900
speech-replay,2.9994,0.058900
speech-replay,2.9534,0.089500
speech-replay,3.6481,0.074100
speech-replay,2.7393,0.083800
speech-replay,2.9329,0.061700
speech-replay,2.5988,0.057400
speech-replay,3.4863,0.073100
speech-replay,3.3319,0.062300
speech-replay,3.8468,0.127100
speech-replay,3.1448,0.058100
speech-replay,2.8111,0.063300
speech-replay,3.2027,0.076900
speech-replay,2.8288,0.095300
speech-replay,4.1828,0.074500
speech-replay,2.7862,0.098400
speech-replay,3.6331,0.073900
speech-replay,3.2972,0.090200
speech-replay,4.4897,0.090400
speech-replay,3.7499,0.077400
speech-replay,3.4252,0.070500
speech-replay,3.3614,0.070500
speech-replay,3.9433,0.074700
speech-replay,3.8898,0.074900
speech-replay,3.2816,0.072600
speech-replay,2.9897,0.062900
speech-replay,3.2853,0.066400
speech-replay,3.3241,0.094600
speech-replay,3.5572,0.060600
speech-replay,3.0268,0.083400
speech-replay,2.8733,0.056900
speech-replay,2.8260,0.069100
speech-replay,3.8840,0.132000
speech-replay,3.1733,0.058300
speech-replay,3.4173,0.068400
speech-replay,2.8631,0.056600
speech-replay,2.9284,0.055600
speech-replay,3.0268,0.110400
speech-replay,3.6153,0.070200
speech-replay,2.9006,0.057800
speech-replay,2.6798,0.061800
speech-replay,2.6623,0.053200
speech-replay,2.7606,0.058700
speech-replay,2.7052,0.061000
speech-replay,3.0504,0.060200
speech-replay,2.5864,0.085800
speech-replay,2.7762,0.065000
speech-replay,2.6671,0.057000
speech-replay,3.1816,0.097300
speech-replay,3.4432,0.059000
speech-replay,2.8071,0.074700
speech-replay,3.3659,0.057600
speech-replay,2.6103,0.117200
speech-replay,3.7021,0.071800
speech-replay,2.6133,0.055600
speech-replay,3.5589,0.072000
speech-replay,2.8934,0.057900
speech-replay,3.3013,0.070400
speech-replay,3.7205,0.102300
speech-replay,4.8031,0.121800
speech-replay,6.3379,0.084000
speech-replay,5.1700,0.084600
speech-replay,6.0856,0.169500
speech-replay,7.0748,0.143100
speech-replay,5.8577,0.117500
speech-replay,5.6013,0.116000
speech-replay,5.0244,0.090400
speech-replay,5.4834,0.101300
speech-replay,6.9906,0.129700
speech-replay,5.1518,0.177000
speech-replay,5.1714,0.086100
speech-replay,5.3655,0.114000
speech-replay,3.8581,0.101500
speech-replay,5.4724,0.187500
speech-replay,4.6817,0.090300
speech-replay,3.8873,0.127900
speech-replay,3.6843,0.074700
speech-replay,3.5596,0.100300
speech-replay,3.3328,0.084200
speech-replay,3.7046,0.071300
speech-replay,3.8604,0.080400
speech-replay,3.4642,0.070100
speech-replay,3.0996,0.061900
speech-replay,4.5429,0.112800
speech-replay,5.3759,0.134000
speech-replay,5.1864,0.096900
speech-replay,6.6768,0.125300
speech-replay,7.7598,0.116000
speech-replay,5.6717,0.096800
speech-replay,5.3797,0.111700
speech-replay,5.6240,0.171400
speech-replay,4.9816,0.135300
speech-replay,5.1611,0.137800
speech-replay,6.0119,0.094500
speech-replay,5.4479,0.090400
speech-replay,4.0666,0.125700
speech-replay,4.4715,0.088800
speech-replay,6.0459,0.149900
speech-replay,5.1485,0.132800
speech-replay,3.9562,0.075000
speech-replay,3.3499,0.081500
speech-replay,3.4544,0.083200
speech-replay,3.1124,0.069300
speech-replay,2.8311,0.064000
speech-replay,3.3072,0.103300
speech-replay,4.1519,0.102700
speech-replay,4.1243,0.068900
speech-replay,3.1105,0.065900
speech-replay,3.7135,0.091800
speech-replay,3.1513,0.062400
speech-replay,3.1155,0.071300
speech-replay,2.7654,0.061300
speech-replay,2.6820,0.088800
speech-replay,3.2817,0.071900
speech-replay,2.8638,0.058000
speech-replay,3.7205,0.174100
speech-replay,4.4844,0.090600
speech-replay,3.1096,0.080900
speech-replay,2.9630,0.061300
speech-replay,3.3436,0.087700
speech-replay,3.4698,0.065900
speech-replay,3.9094,0.103900
speech-replay,2.9948,0.059700
speech-replay,2.9536,0.089300
speech-replay,3.3541,0.066800
speech-replay,2.5541,0.057700
speech-replay,2.7425,0.062400
speech-replay,2.9623,0.069100
speech-replay,3.0515,0.059800
speech-replay,2.6545,0.052100
speech-replay,2.9519,0.057700
speech-replay,3.4886,0.056000
speech-replay,3.1940,0.082300
speech-replay,3.1122,0.080700
speech-replay,3.8850,0.074900
speech-replay,3.4701,0.117800
speech-replay,3.8962,0.077900
speech-replay,4.0983,0.071300
speech-replay,4.8460,0.108900
speech-replay,3.7547,0.099600
speech-replay,3.9361,0.076200
speech-replay,4.6934,0.109200
speech-replay,6.6558,0.110100
speech-replay,3.8756,0.146400
speech-replay,4.2830,0.095900
speech-replay,3.6693,0.116000
speech-replay,3.5351,0.067900
speech-replay,2.9007,0.088600
speech-replay,3.5984,0.087500
speech-replay,4.5248,0.085900
speech-replay,4.2168,0.073600
speech-replay,4.5625,0.069900
speech-replay,3.4026,0.062200
speech-replay,4.0653,0.075600
speech-replay,4.5247,0.115900
speech-replay,4.3519,0.072400
speech-replay,3.8765,0.087600
speech-replay,4.0213,0.128800
speech-replay,4.1917,0.082500
speech-replay,3.3011,0.102000
speech-replay,4.1680,0.100300
speech-replay,4.2917,0.073400
speech-replay,4.2776,0.074400
speech-replay,3.7356,0.079400
speech-replay,3.5446,0.058900
speech-replay,2.8697,0.065300
speech-replay,3.6608,0.134600
speech-replay,3.8809,0.090600
speech-replay,3.3039,0.060800
speech-replay,3.2396,0.077900
speech-replay,4.5240,0.075700
speech-replay,3.5812,0.076200
speech-replay,2.8974,0.064700
speech-replay,3.5542,0.073500
speech-replay,3.9037,0.062000
speech-replay,4.3127,0.067800
speech-replay,2.9450,0.078900
speech-replay,3.5919,0.083600
speech-replay,2.9389,0.095900
speech-replay,3.0170,0.064900
speech-replay,2.7103,0.065900
speech-replay,3.2408,0.094500
speech-replay,2.9860,0.060200
speech-replay,2.7076,0.058700
speech-replay,4.4876,0.106300
speech-replay,3.5085,0.071800
speech-replay,4.0554,0.075900
speech-replay,3.2604,0.082200
speech-replay,3.0572,0.075300
speech-replay,3.9194,0.157200
speech-replay,4.3065,0.074300
speech-replay,3.7402,0.061200
speech-replay,2.8805,0.059200
speech-replay,3.1415,0.093600
speech-replay,3.6342,0.075900
speech-replay,3.2557,0.090900
speech-replay,2.9490,0.056300
speech-replay,2.7240,0.082100
speech-replay,3.2418,0.088300
speech-replay,4.0150,0.066400
speech-replay,3.0724,0.068100
speech-replay,2.7447,0.055000
speech-replay,2.8976,0.055300
speech-replay,3.7138,0.132800
speech-replay,3.6945,0.061600
speech-replay,2.7215,0.057200
speech-replay,2.3433,0.059900
speech-replay,3.4471,0.143400
speech-replay,4.4022,0.070800
speech-replay,3.2720,0.063400
speech-replay,3.5745,0.056400
speech-replay,3.0561,0.090200
speech-replay,3.6993,0.066300
speech-replay,2.9172,0.065100
speech-replay,2.7754,0.058900
speech-replay,2.8854,0.095600
speech-replay,3.5426,0.083200
speech-replay,4.2700,0.067000
speech-replay,2.9157,0.060800
speech-replay,2.7922,0.061700
speech-replay,2.6463,0.054500
speech-replay,3.3453,0.095900
speech-replay,3.9684,0.065400
speech-replay,3.0509,0.066800
speech-replay,2.7712,0.052600
speech-replay,2.4599,0.051000
speech-replay,3.3452,0.067700
speech-replay,3.3505,0.069500
speech-replay,2.6939,0.065400
speech-replay,2.8013,0.058900
speech-replay,2.7889,0.054500
speech-replay,4.2240,0.071100
speech-replay,4.0785,0.086200
speech-replay,2.8777,0.059100
speech-replay,3.1349,0.057800
speech-replay,5.0524,0.130000
speech-replay,4.8888,0.072900
speech-replay,3.2330,0.074100
speech-replay,3.7920,0.114000
speech-replay,4.0413,0.069700
speech-replay,3.6291,0.060900
speech-replay,2.7740,0.061700
speech-replay,3.1677,0.054700
speech-replay,7.0604,0.077300
speech-replay,4.8325,0.075300
speech-replay,5.0399,0.150900
speech-replay,6.4074,0.089300
speech-replay,4.0304,0.095800
speech-replay,3.2159,0.105900
speech-replay,6.5549,0.120100
speech-replay,4.5221,0.125200
speech-replay,3.8750,0.143200
speech-replay,5.8262,0.124500
speech-replay,4.3140,0.079400
speech-replay,3.7012,0.078300
speech-replay,5.3971,0.090000
speech-replay,4.9332,0.095300
speech-replay,3.5529,0.078900
speech-replay,5.2621,0.205600
speech-replay,5.4453,0.087800
speech-replay,4.7187,0.089800
speech-replay,5.5922,0.119000
speech-replay,5.1389,0.066800
speech-replay,26.4224,0.093100
speech-replay,3.6156,0.069300
speech-replay,3.5837,0.081000
speech-replay,4.2166,0.128200
speech-replay,5.2625,0.091500
speech-replay,3.8931,0.065400
speech-replay,3.5275,0.058500
speech-replay,4.8676,0.068800
speech-replay,4.8187,0.084000
speech-replay,4.6211,0.103100
speech-replay,5.3643,0.094500
speech-replay,4.6710,0.113000
speech-replay,3.8888,0.113300
speech-replay,5.2487,0.078900
speech-replay,4.8685,0.078500
speech-replay,5.3551,0.082700
speech-replay,5.1237,0.082200
speech-replay,5.4927,0.080100
speech-replay,5.3835,0.108700
speech-replay,5.6887,0.102000
speech-replay,4.4885,0.095600
speech-replay,4.1588,0.072800
speech-replay,3.3965,0.068200
speech-replay,3.8907,0.114500
speech-replay,4.0978,0.085500
speech-replay,4.4033,0.108500
speech-replay,5.6490,0.138600
speech-replay,5.6919,0.182400
speech-replay,5.5239,0.082900
speech-replay,3.4040,0.072600
speech-replay,4.9781,0.092900
speech-replay,3.6180,0.096900
speech-replay,3.9877,0.074900
speech-replay,3.0024,0.076300
speech-replay,3.1396,0.060600
speech-replay,3.0186,0.057200
speech-replay,2.4832,0.059100
speech-replay,3.0344,0.132800
speech-replay,3.1891,0.083500
speech-replay,2.8761,0.057500
speech-replay,3.6867,0.059900
speech-replay,2.7979,0.065000
speech-replay,3.1824,0.063400
speech-replay,2.6631,0.060600
speech-replay,2.4242,0.051400
speech-replay,2.1934,0.052800
speech-replay,2.4831,0.053900
speech-replay,2.5012,0.051700
speech-replay,7.7003,0.071200
speech-replay,3.8985,0.069800
speech-replay,3.0488,0.061600
speech-replay,3.4697,0.077800
speech-replay,2.5549,0.056400
speech-replay,2.4780,0.060700
speech-replay,3.6212,0.062000
speech-replay,2.4191,0.056900
speech-replay,2.8016,0.061800
speech-replay,2.4577,0.055700
speech-replay,2.9188,0.075300
speech-replay,3.5727,0.057900
speech-replay,2.6068,0.055800
speech-replay,2.7110,0.056500
speech-replay,2.6104,0.058300
speech-replay,2.7536,0.054000
speech-replay,2.6617,0.054300
speech-replay,2.6103,0.048400
speech-replay,2.8056,0.053900
speech-replay,2.7240,0.058700
speech-replay,3.7470,0.074700
speech-replay,3.5367,0.065700
speech-replay,3.3135,0.134200
speech-replay,3.0066,0.063100
speech-replay,2.5525,0.073900
speech-replay,3.8159,0.066800
speech-replay,2.7378,0.065000
speech-replay,2.9554,0.063300
speech-replay,2.6609,0.056000
speech-replay,7.9033,0.078800
speech-replay,4.4417,0.066800
speech-replay,3.4301,0.063900
speech-replay,3.5786,0.092900
speech-replay,3.3362,0.074000
speech-replay,3.7098,0.075500
speech-replay,2.6719,0.077700
speech-replay,4.0217,0.072200
speech-replay,3.0740,0.066100
speech-replay,2.9437,0.064800
speech-replay,2.9079,0.061800
speech-replay,2.6865,0.063100
speech-replay,2.7324,0.059100
speech-replay,2.6472,0.074300
speech-replay,3.5647,0.066300
speech-replay,3.0872,0.067500
speech-replay,3.2167,0.086300
speech-replay,2.9637,0.057400
speech-replay,2.7142,0.062400
speech-replay,3.1338,0.061500
speech-replay,3.2509,0.067600
speech-replay,2.7150,0.069700
speech-replay,2.5580,0.058000
speech-replay,2.7063,0.059100
speech-replay,2.8529,0.071800
speech-replay,3.7751,0.070300
speech-replay,2.8914,0.066500
speech-replay,2.9783,0.068000
speech-replay,3.0064,0.057800
speech-replay,3.4713,0.101500
speech-replay,3.0368,0.069500
speech-replay,2.9708,0.060500
speech-replay,3.0658,0.078600
speech-replay,2.9201,0.084800
speech-replay,4.1510,0.087700
speech-replay,3.2114,0.062800
speech-replay,3.1770,0.064600
speech-replay,2.7070,0.065300
speech-replay,2.9587,0.077400
speech-replay,3.3188,0.075600
speech-replay,3.3291,0.067100
speech-replay,3.2209,0.061600
speech-replay,2.6207,0.078900
speech-replay,3.7650,0.068900
speech-replay,3.1125,0.065200
speech-replay,3.6047,0.061300
speech-replay,3.1255,0.075900
speech-replay,3.2779,0.061400
speech-replay,2.5329,0.062000
speech-replay,3.3753,0.065500
speech-replay,3.2478,0.105200
speech-replay,4.1299,0.083500
speech-replay,3.1033,0.068400
speech-replay,3.7275,0.109600
speech-replay,3.6163,0.087500
speech-replay,3.0806,0.093900
speech-replay,3.7608,0.091300
speech-replay,3.4133,0.128300
speech-replay,3.2908,0.072800
speech-replay,3.3338,0.084600
speech-replay,2.9137,0.064800
speech-replay,3.1931,0.092300
speech-replay,3.6902,0.094000
speech-replay,3.3898,0.073900
speech-replay,2.8765,0.060900
speech-replay,2.4733,0.058800
speech-replay,3.2324,0.062000
speech-replay,2.8464,0.070700
speech-replay,3.9560,0.079900
speech-replay,2.9113,0.059800
speech-replay,3.6335,0.107500
speech-replay,4.0594,0.063500
speech-replay,2.8445,0.060100
speech-replay,2.8826,0.056300
speech-replay,3.2552,0.078900
speech-replay,3.1240,0.067600
speech-replay,3.4061,0.095900
speech-replay,3.2988,0.077300
speech-replay,3.3332,0.073200
speech-replay,3.2285,0.061000
speech-replay,2.8641,0.056900
speech-replay,2.7409,0.070100
speech-replay,3.7516,0.100500
speech-replay,6.6121,0.117900
speech-replay,4.7485,0.072500
speech-replay,3.4824,0.093500
speech-replay,3.5656,0.068100
speech-replay,2.9621,0.071600
speech-replay,3.4267,0.067600
speech-replay,2.8782,0.059900
speech-replay,3.0721,0.063600
speech-replay,3.0319,0.065300
speech-replay,2.7653,0.055100
speech-replay,2.5169,0.054400
speech-replay,2.2602,0.053800
speech-replay,3.0217,0.107100
speech-replay,3.4875,0.057600
speech-replay,3.1010,0.062500
speech-replay,3.2398,0.071900
speech-replay,3.3261,0.065200
speech-replay,2.5456,0.059100
speech-replay,2.6368,0.058900
speech-replay,3.1686,0.059200
speech-replay,2.6832,0.060300
speech-replay,2.6096,0.061800
speech-replay,3.2906,0.063800
speech-replay,2.5073,0.053600
speech-replay,2.9720,0.059400
speech-replay,2.5848,0.057900
speech-replay,2.5833,0.058600
speech-replay,2.8954,0.070800
speech-replay,3.2166,0.067300
speech-replay,2.9366,0.071000
speech-replay,3.0208,0.100900
speech-replay,2.8058,0.053400
speech-replay,2.3716,0.050600
speech-replay,2.3323,0.052300
speech-replay,2.5625,0.060400
speech-replay,3.2814,0.074400
speech-replay,2.8732,0.063600
speech-replay,2.7059,0.054500
speech-replay,2.3460,0.050300
speech-replay,2.7743,0.059600
speech-replay,2.4838,0.060600
speech-replay,3.1138,0.098800
speech-replay,2.7746,0.055200
speech-replay,2.6144,0.051300
speech-replay,2.8096,0.060900
speech-replay,2.7026,0.056400
speech-replay,4.1464,0.098300
speech-replay,4.0591,0.080400
speech-replay,3.6332,0.065400
speech-replay,2.7326,0.059100
speech-replay,3.6049,0.070700
speech-replay,3.2396,0.066400
speech-replay,3.1191,0.070700
speech-replay,3.4879,0.064600
speech-replay,2.9912,0.068500
speech-replay,3.8368,0.068400
speech-replay,3.8050,0.145500
speech-replay,3.2997,0.129900
speech-replay,3.1822,0.062800
speech-replay,3.3309,0.066700
speech-replay,2.7253,0.061200
speech-replay,2.8552,0.059800
speech-replay,2.5232,0.062500
speech-replay,3.3157,0.063700
speech-replay,2.9107,0.057700
speech-replay,2.8994,0.061000
speech-replay,2.6025,0.056800
speech-replay,2.4942,0.061300
speech-replay,2.8781,0.062600
speech-replay,2.7632,0.079100
speech-replay,3.4849,0.068200
speech-replay,3.0066,0.138300
speech-replay,3.1457,0.060800
speech-replay,2.9750,0.069500
speech-replay,2.5853,0.053200
speech-replay,2.7610,0.073800
speech-replay,3.0787,0.060800
speech-replay,3.0994,0.074900
speech-replay,3.0773,0.073700
speech-replay,2.6994,0.070100
speech-replay,2.8090,0.059500
speech-replay,3.2010,0.071300
speech-replay,3.2011,0.070000
speech-replay,3.1232,0.070600
speech-replay,3.7786,0.081600
speech-replay,3.5362,0.071700
speech-replay,3.1923,0.064500
speech-replay,2.7238,0.061700
speech-replay,2.7155,0.066000
speech-replay,2.8468,0.057700
speech-replay,2.3191,0.050400
speech-replay,2.9920,0.078400
speech-replay,2.9624,0.059700
speech-replay,2.8013,0.083900
speech-replay,2.6307,0.057700
speech-replay,2.6385,0.063300
speech-replay,3.0896,0.062100
speech-replay,3.0012,0.057300
speech-replay,2.7368,0.059000
speech-replay,3.0487,0.066800
speech-replay,2.7257,0.053600
speech-replay,3.2215,0.078400
speech-replay,2.8361,0.064800
speech-replay,3.1503,0.084000
speech-replay,2.8042,0.054900
speech-replay,2.4976,0.146400
speech-replay,3.5626,0.086200
speech-replay,3.3810,0.089500
speech-replay,3.4359,0.061000
speech-replay,3.0474,0.069500
speech-replay,3.1284,0.060900
speech-replay,2.5883,0.068800
speech-replay,2.6118,0.090900
speech-replay,3.0269,0.058100
speech-replay,2.3011,0.051500
speech-replay,2.5822,0.064800
speech-replay,2.5457,0.054400
speech-replay,2.5232,0.079600
speech-replay,2.8823,0.065500
speech-replay,2.4650,0.052900
speech-replay,2.9929,0.067000
speech-replay,3.2090,0.058500
speech-replay,2.5876,0.089600
speech-replay,3.1641,0.061900
speech-replay,2.7865,0.056500
speech-replay,2.3137,0.054900
speech-replay,2.5308,0.059900
speech-replay,2.2684,0.088100
speech-replay,3.0256,0.114400
speech-replay,3.0074,0.056900
speech-replay,3.5010,0.062300
speech-replay,2.9580,0.058800
speech-replay,2.4574,0.056000
speech-replay,2.3800,0.054000
speech-replay,2.6802,0.064200
speech-replay,3.0343,0.074600
speech-replay,2.8719,0.061100
speech-replay,2.7128,0.064000
speech-replay,2.4935,0.054100
speech-replay,2.4127,0.055300
speech-replay,2.4952,0.060400
speech-replay,2.8395,0.107100
speech-replay,3.0487,0.087300
speech-replay,3.2838,0.061000
speech-replay,2.4100,0.051400
speech-replay,2.2558,0.055800
speech-replay,2.6906,0.061300
speech-replay,2.7105,0.052300
speech-replay,2.8264,0.063600
speech-replay,2.6939,0.056200
speech-replay,2.3842,0.058900
speech-replay,2.3542,0.050300
speech-replay,2.4466,0.061100
speech-replay,2.7106,0.077600
speech-replay,3.3504,0.067100
speech-replay,2.7444,0.078000
speech-replay,2.7640,0.055700
speech-replay,2.7540,0.056000
speech-replay,2.9251,0.059400
speech-replay,2.4403,0.073800
speech-replay,3.0527,0.087100
speech-replay,3.0277,0.064600
speech-replay,2.7351,0.058100
speech-replay,2.7895,0.058600
speech-replay,3.1221,0.058700
speech-replay,2.7226,0.058000
speech-replay,2.8612,0.057600
speech-replay,2.8073,0.058300
speech-replay,2.6861,0.054300
speech-replay,2.6529,0.055700
speech-replay,2.9233,0.068900
speech-replay,2.9989,0.073900
speech-replay,2.9114,0.060000
speech-replay,3.3412,0.060700
speech-replay,3.3352,0.068400
speech-replay,2.8565,0.060000
speech-replay,2.9418,0.059900
speech-replay,3.1925,0.070700
speech-replay,3.0839,0.075100
speech-replay,2.9928,0.077300
speech-replay,2.8742,0.081200
speech-replay,2.8284,0.067700
speech-replay,2.9000,0.055800
speech-replay,2.3947,0.052500
speech-replay,2.4869,0.085600
speech-replay,3.7156,0.062600
speech-replay,2.7631,0.074000
speech-replay,3.7790,0.065600
speech-replay,2.7975,0.062800
speech-replay,3.4832,0.075100
speech-replay,3.3902,0.085600
speech-replay,3.6077,0.073700
speech-replay,2.8123,0.057700
speech-replay,2.9130,0.069800
speech-replay,3.0803,0.060100
speech-replay,3.1738,0.069300
speech-replay,3.1762,0.058100
speech-replay,3.0657,0.093000
speech-replay,3.3975,0.059100
speech-replay,2.4829,0.057100
speech-replay,3.0411,0.061500
speech-replay,2.8791,0.056300
speech-replay,3.0566,0.101300
speech-replay,3.6070,0.059900
speech-replay,3.1264,0.068800
speech-replay,3.1128,0.060100
speech-replay,2.8420,0.078900
speech-replay,3.2379,0.062600
speech-replay,2.8224,0.073600
speech-replay,3.4110,0.071700
speech-replay,2.8964,0.062400
speech-replay,3.0162,0.057300
speech-replay,2.5241,0.059000
speech-replay,2.4022,0.057700
speech-replay,4.1763,0.068600
speech-replay,2.8951,0.059100
speech-replay,3.0047,0.090400
speech-replay,2.9317,0.061000
speech-replay,2.7220,0.065100
speech-replay,2.9366,0.057600
speech-replay,2.6158,0.089100
speech-replay,3.3283,0.064900
speech-replay,2.8060,0.057500
speech-replay,2.8388,0.055500
speech-replay,2.8274,0.058600
speech-replay,3.0036,0.099100
speech-replay,3.7088,0.062800
speech-replay,2.6683,0.069900
speech-replay,3.0527,0.062000
speech-replay,2.9125,0.051800
speech-replay,2.5125,0.054200
speech-replay,2.7138,0.061600
speech-replay,2.6103,0.060500
speech-replay,3.0220,0.058500
speech-replay,2.6829,0.060500
speech-replay,2.4675,0.054800
speech-replay,2.4489,0.053200
speech-replay,2.3922,0.056700
speech-replay,2.6474,0.072800
speech-replay,2.7131,0.059700
speech-replay,2.4239,0.053300
speech-replay,2.2753,0.053600
speech-replay,3.0694,0.068700
speech-replay,2.8141,0.057400
speech-replay,2.7181,0.059100
speech-replay,2.7951,0.069300
speech-replay,2.8649,0.057300
speech-replay,2.5952,0.067000
speech-replay,2.7436,0.056500
speech-replay,2.6383,0.060900
speech-replay,2.5164,0.073700
speech-replay,2.8354,0.063800
speech-replay,3.0947,0.065000
speech-replay,3.4775,0.058900
speech-replay,2.5737,0.059900
speech-replay,2.5765,0.072900
speech-replay,3.0711,0.080300
speech-replay,2.9124,0.102300
speech-replay,3.3597,0.072100
speech-replay,3.0703,0.065900
speech-replay,2.9609,0.066300
speech-replay,2.6883,0.055300
speech-replay,2.5323,0.126600
speech-replay,2.9134,0.067200
speech-replay,3.4220,0.102800
speech-replay,3.6634,0.073800
speech-replay,2.9423,0.061000
speech-replay,2.8370,0.060700
speech-replay,2.8205,0.060600
speech-replay,3.1137,0.110100
speech-replay,3.9819,0.060300
speech-replay,2.5467,0.078200
speech-replay,2.8880,0.077500
speech-replay,2.8998,0.066800
speech-replay,3.1017,0.065800
speech-replay,3.1334,0.063900
speech-replay,3.4812,0.068600
speech-replay,3.1648,0.069800
speech-replay,2.8315,0.069900
speech-replay,3.3990,0.060700
speech-replay,2.3713,0.053500
speech-replay,3.2325,0.073300
speech-replay,2.7910,0.056200
speech-replay,2.7183,0.059600
speech-replay,2.9516,0.064900
speech-replay,3.3410,0.069900
speech-replay,2.8331,0.060700
speech-replay,2.9570,0.056400
speech-replay,2.6346,0.057200
speech-replay,2.6036,0.056200
speech-replay,3.1896,0.086400
speech-replay,3.1152,0.068000
speech-replay,3.1570,0.064500
speech-replay,2.7974,0.060500
speech-replay,2.6234,0.053400
speech-replay,3.0118,0.068300
speech-replay,3.9638,0.093500
speech-replay,2.9110,0.058900
speech-replay,2.8744,0.058100
speech-replay,2.7264,0.060900
speech-replay,4.6123,0.080500
speech-replay,3.4073,0.091400
speech-replay,4.3035,0.082800
speech-replay,3.9307,0.078400
speech-replay,3.9652,0.124600
speech-replay,5.3699,0.085700
speech-replay,6.8390,0.115400
speech-replay,6.5115,0.109500
speech-replay,9.0007,0.153300
speech-replay,5.4882,0.094400
speech-replay,4.8198,0.082600
speech-replay,4.0578,0.125100
speech-replay,4.4032,0.104700
speech-replay,4.6350,0.107800
speech-replay,3.2818,0.065500
speech-replay,3.4372,0.071600
speech-replay,3.4882,0.073800
speech-replay,3.6782,0.101900
speech-replay,3.9787,0.070000
speech-replay,3.4488,0.100900
speech-replay,3.9664,0.107900
speech-replay,3.8784,0.073200
speech-replay,3.5037,0.101600
speech-replay,3.0883,0.064100
speech-replay,2.8878,0.060500
speech-replay,3.5068,0.095600
speech-replay,3.0227,0.077600
speech-replay,3.1100,0.063000
speech-replay,2.7392,0.056600
speech-replay,2.9622,0.104500
speech-replay,3.1707,0.059900
speech-replay,3.0103,0.067700
speech-replay,3.3167,0.058400
speech-replay,2.5302,0.079400
speech-replay,3.3120,0.111300
speech-replay,3.5007,0.062700
speech-replay,3.0868,0.076100
speech-replay,3.4677,0.094100
speech-replay,3.2197,0.078900
speech-replay,3.2913,0.091600
speech-replay,3.3697,0.069100
speech-replay,3.3297,0.064100
speech-replay,3.3837,0.072100
speech-replay,3.3760,0.107500
speech-replay,3.5861,0.063300
speech-replay,3.0479,0.058100
speech-replay,3.0525,0.073900
speech-replay,3.4009,0.063300
speech-replay,3.7156,0.074500
speech-replay,3.9445,0.120100
speech-replay,4.0837,0.071700
speech-replay,3.6799,0.086300
speech-replay,3.6948,0.075100
speech-replay,3.6288,0.068800
speech-replay,4.0213,0.068300
speech-replay,3.4814,0.107900
speech-replay,3.4482,0.066600
speech-replay,3.2908,0.093900
speech-replay,3.4553,0.069000
speech-replay,3.5356,0.119600
speech-replay,3.5413,0.063700
speech-replay,3.0209,0.081000
speech-replay,3.1881,0.065800
speech-replay,3.1052,0.084600
speech-replay,3.8526,0.071100
speech-replay,3.2730,0.079600
speech-replay,3.5983,0.072900
speech-replay,3.4982,0.062600
speech-replay,3.6318,0.071500
speech-replay,3.5545,0.068300
speech-replay,3.7665,0.077800
speech-replay,3.4801,0.093300
speech-replay,3.8161,0.074000
speech-replay,3.2308,0.060100
speech-replay,3.2041,0.068000
speech-replay,3.0742,0.067000
speech-replay,2.8964,0.069700
speech-replay,3.2608,0.067100
speech-replay,3.1536,0.071000
speech-replay,3.0102,0.098100
speech-replay,3.0149,0.063100
speech-replay,3.1916,0.074200
speech-replay,2.6821,0.062800
speech-replay,2.7433,0.064000
speech-replay,2.7199,0.078200
speech-replay,2.8240,0.066200
speech-replay,2.7595,0.054200
speech-replay,2.6922,0.059200
speech-replay,2.6453,0.055700
speech-replay,3.0872,0.068900
speech-replay,3.0225,0.067000
speech-replay,2.7913,0.088100
speech-replay,2.9365,0.054200
speech-replay,2.7568,0.060400
speech-replay,2.7555,0.060500
speech-replay,4.7473,0.088800
speech-replay,5.8961,0.085700
speech-replay,3.8437,0.084300
speech-replay,3.0018,0.063800
speech-replay,3.1461,0.075700
speech-replay,3.2325,0.074400
speech-replay,3.1212,0.059700
speech-replay,2.5601,0.056200
speech-replay,3.0147,0.077300
speech-replay,3.2482,0.070700
speech-replay,3.3865,0.077400
speech-replay,3.3908,0.061900
speech-replay,3.3457,0.069800
speech-replay,3.3291,0.060300
speech-replay,3.4522,0.122900
speech-replay,3.1720,0.066500
speech-replay,2.8890,0.091500
speech-replay,3.2735,0.106200
speech-replay,3.3388,0.099400
speech-replay,3.0783,0.058500
speech-replay,2.8531,0.069000
speech-replay,3.0544,0.056200
speech-replay,2.5049,0.054700
speech-replay,2.6531,0.058400
speech-replay,2.6520,0.057700
speech-replay,2.7522,0.055800
speech-replay,3.1139,0.066700
speech-replay,2.6753,0.061000
speech-replay,3.7445,0.086400
speech-replay,3.0953,0.062400
speech-replay,2.8138,0.066700
speech-replay,3.1108,0.064900
speech-replay,2.8005,0.082000
speech-replay,3.0814,0.060500
speech-replay,3.2025,0.115000
speech-replay,3.1497,0.066300
speech-replay,3.0351,0.061500
speech-replay,2.9243,0.056600
speech-replay,3.2947,0.066600
speech-replay,3.1077,0.080000
speech-replay,2.8681,0.062500
speech-replay,2.8968,0.059700
speech-replay,3.3913,0.073700
speech-replay,2.8598,0.087700
speech-replay,2.9443,0.095400
speech-replay,3.3778,0.094400
speech-replay,3.1690,0.096400
speech-replay,2.9816,0.062900
speech-replay,2.8444,0.061200
speech-replay,2.8699,0.058500
speech-replay,3.4672,0.090300
speech-replay,4.4399,0.103600
speech-replay,3.4025,0.091400
speech-replay,3.2912,0.061700
speech-replay,3.0062,0.057600
speech-replay,3.1415,0.062500
speech-replay,2.5178,0.059400
speech-replay,3.0134,0.080600
speech-replay,3.2968,0.066000
speech-replay,3.3918,0.064300
speech-replay,3.0982,0.066700
speech-replay,3.3057,0.091800
speech-replay,3.1723,0.087300
speech-replay,3.1646,0.063200
speech-replay,3.3747,0.070500
speech-replay,2.7601,0.079900
speech-replay,3.0660,0.139100
speech-replay,3.3115,0.057500
speech-replay,2.9290,0.076600
speech-replay,3.3096,0.060600
speech-replay,2.7476,0.060500
speech-replay,2.7642,0.061600
speech-replay,2.8171,0.058000
speech-replay,2.9118,0.083900
speech-replay,3.3406,0.070500
speech-replay,2.9483,0.069500
speech-replay,2.4862,0.057200
speech-replay,2.4115,0.055200
speech-replay,2.5870,0.055300
speech-replay,2.4254,0.051500
speech-replay,2.6293,0.070900
speech-replay,3.2032,0.067700
speech-replay,2.4887,0.053800
speech-replay,3.0227,0.096100
speech-replay,2.7285,0.056900
speech-replay,2.4627,0.059800
speech-replay,2.9939,0.064800
speech-replay,2.6286,0.051700
speech-replay,2.9685,0.088800
speech-replay,3.1049,0.080100
speech-replay,3.0411,0.103700
speech-replay,3.4309,0.159200
speech-replay,2.7729,0.055700
speech-replay,3.0476,0.065800
speech-replay,3.1804,0.077500
speech-replay,2.7885,0.054700
speech-replay,2.6964,0.051100
speech-replay,2.7335,0.059900
speech-replay,2.9618,0.058700
speech-replay,2.8194,0.070800
speech-replay,2.7093,0.056400
speech-replay,2.4267,0.051800
speech-replay,2.8181,0.061400
speech-replay,3.2128,0.079200
speech-replay,2.5271,0.076100
speech-replay,3.3386,0.070100
speech-replay,2.9532,0.066300
speech-replay,4.0314,0.082200
speech-replay,3.9152,0.093900
speech-replay,3.1283,0.065900
speech-replay,2.5962,0.057800
speech-replay,2.7843,0.071500
speech-replay,2.9941,0.066500
speech-replay,3.2225,0.065800
speech-replay,3.5695,0.066800
speech-replay,2.5960,0.057200
speech-replay,3.1911,0.073800
speech-replay,3.0801,0.069800
speech-replay,3.1336,0.092600
speech-replay,2.8506,0.064300
speech-replay,2.8863,0.059400
speech-replay,2.6415,0.059200
speech-replay,2.8394,0.091400
speech-replay,3.0869,0.057300
speech-replay,2.7929,0.058200
speech-replay,2.7326,0.058900
speech-replay,2.5482,0.055400
speech-replay,2.3785,0.053300
speech-replay,3.6481,0.101200
speech-replay,2.9403,0.058000
speech-replay,3.0522,0.063900
speech-replay,3.2077,0.075100
speech-replay,3.1390,0.078600
speech-replay,4.0083,0.060900
speech-replay,2.9716,0.064500
speech-replay,2.9838,0.061600
speech-replay,2.5569,0.059400
speech-replay,3.0848,0.060600
speech-replay,2.7382,0.061400
speech-replay,2.7350,0.068900
speech-replay,2.4861,0.053800
speech-replay,2.3874,0.084000
speech-replay,2.6290,0.057500
speech-replay,2.7620,0.061500
speech-replay,2.7528,0.057700
speech-replay,2.9620,0.062200
speech-replay,2.7714,0.069800
speech-replay,2.6499,0.053300
speech-replay,2.4850,0.051300
speech-replay,2.8299,0.067700
speech-replay,2.8689,0.056700
speech-replay,2.7165,0.054300
speech-replay,2.7618,0.056500
speech-replay,2.6541,0.054400
speech-replay,2.9157,0.096400
speech-replay,3.5690,0.065300
speech-replay,3.1432,0.065300
speech-replay,2.9600,0.075500
speech-replay,2.6401,0.058000
speech-replay,3.4020,0.108900
speech-replay,2.7570,0.072400
speech-replay,3.7174,0.103500
speech-replay,2.7818,0.058100
speech-replay,2.3920,0.052800
speech-replay,2.6600,0.052600
speech-replay,2.6213,0.051800
speech-replay,3.0268,0.078900
speech-replay,2.8995,0.055800
speech-replay,2.5958,0.068600
speech-replay,3.6938,0.065000
speech-replay,3.2133,0.093600
speech-replay,3.4273,0.060400
speech-replay,2.5561,0.057400
speech-replay,2.9768,0.063100
speech-replay,2.6569,0.065400
speech-replay,2.7538,0.061200
speech-replay,3.4674,0.056300
speech-replay,2.5405,0.056100
speech-replay,2.5910,0.051500
