phase,frame_ms,character_update_ms
idle,3.7781,0.032100
idle,4.5210,0.021200
idle,4.2239,0.026000
idle,3.1976,0.021300
idle,3.5547,0.028200
idle,3.5961,0.027100
idle,3.6051,0.022100
idle,3.3921,0.018600
idle,3.6854,0.028100
idle,3.0284,0.016900
idle,3.6425,0.031000
idle,4.0168,0.036000
idle,3.9243,0.038300
idle,4.1437,0.028700
idle,3.1722,0.019800
idle,3.2688,0.029700
idle,3.1196,0.019200
idle,3.1864,0.021200
idle,3.0729,0.022600
idle,3.7062,0.021800
idle,3.6656,0.023800
idle,4.0251,0.042700
idle,4.0920,0.030400
idle,3.9576,0.029900
idle,4.0313,0.029200
idle,3.1582,0.022800
idle,3.6731,0.038700
idle,3.3900,0.021600
idle,2.9757,0.028800
idle,3.2619,0.020400
idle,3.5551,0.020200
idle,3.5049,0.020500
idle,3.0637,0.024300
idle,3.1087,0.024900
idle,2.8359,0.016700
idle,2.8058,0.028300
idle,2.4497,0.015000
idle,3.0468,0.027400
idle,3.2234,0.024400
idle,3.3745,0.022000
idle,3.6274,0.043500
idle,3.1532,0.023800
idle,2.7438,0.019800
idle,3.1009,0.016000
idle,2.8608,0.018200
idle,3.9127,0.025900
idle,3.3899,0.022400
idle,3.5802,0.025200
idle,3.5238,0.032500
idle,3.1005,0.020200
idle,2.9416,0.020600
idle,3.4027,0.025000
idle,3.1606,0.051300
idle,3.1523,0.016300
idle,3.3272,0.021600
idle,3.5304,0.019500
idle,3.4315,0.021600
idle,3.5912,0.023000
idle,3.1049,0.018200
idle,3.4696,0.024800
idle,3.4018,0.028100
idle,3.2140,0.023900
idle,3.4124,0.027500
idle,2.9989,0.017700
idle,3.4086,0.017800
idle,2.8120,0.023500
idle,3.3045,0.021300
idle,2.8121,0.019100
idle,3.2684,0.018600
idle,2.8596,0.017800
idle,2.8600,0.022700
idle,2.9178,0.019300
idle,2.6375,0.017500
idle,2.8962,0.020100
idle,3.3682,0.023100
idle,2.8593,0.018400
idle,2.4619,0.017500
idle,2.9764,0.028800
idle,2.9230,0.018100
idle,2.8981,0.020900
idle,3.6126,0.024500
idle,3.2192,0.020300
idle,3.0385,0.019100
idle,10.6521,0.020600
idle,4.3469,0.031100
idle,3.4678,0.025100
idle,3.5387,0.023000
idle,3.2209,0.020800
idle,2.9493,0.022300
idle,2.9433,0.023000
idle,2.7238,0.020700
idle,3.1824,0.020800
idle,2.7037,0.026200
idle,2.9061,0.017600
idle,2.6218,0.018100
idle,2.6793,0.018700
idle,3.6600,0.068000
idle,3.3648,0.026400
idle,3.3390,0.021000
idle,2.9543,0.017800
idle,3.2165,0.018400
idle,11.9400,0.039700
idle,5.0304,0.051700
idle,4.2917,0.023300
idle,2.9476,0.023000
idle,2.9534,0.017600
idle,2.7902,0.020500
idle,2.6261,0.020600
idle,2.5828,0.019100
idle,3.5804,0.021800
idle,2.9853,0.025400
idle,2.5464,0.018900
idle,2.8359,0.019100
idle,3.0606,0.022900
idle,3.0826,0.026600
idle,2.9706,0.021600
idle,3.1184,0.027000
idle,2.9627,0.017400
idle,2.4050,0.016800
idle,2.6068,0.017000
idle,2.5201,0.017800
idle,2.6134,0.015500
idle,2.4281,0.015900
idle,2.6908,0.020700
idle,3.0721,0.018900
idle,3.4249,0.024900
idle,3.3115,0.020300
idle,2.8322,0.020300
idle,2.9223,0.017700
idle,2.8711,0.020500
idle,2.8631,0.019800
idle,3.1851,0.017600
idle,2.8381,0.016500
idle,2.8984,0.028200
idle,3.5853,0.018000
idle,3.1741,0.024800
idle,2.9868,0.017000
idle,2.8546,0.015900
idle,2.9741,0.018700
idle,2.9017,0.018500
idle,3.2782,0.019500
idle,3.1220,0.017600
idle,2.4367,0.015200
idle,2.7083,0.031800
idle,3.2472,0.021600
idle,3.1020,0.020400
idle,3.1456,0.019500
idle,3.5345,0.023800
idle,3.4650,0.024600
idle,2.7597,0.026100
idle,3.4186,0.018900
idle,2.5680,0.016200
idle,3.0387,0.018200
idle,2.9833,0.017500
idle,3.4081,0.020000
idle,3.7481,0.024100
idle,3.2567,0.018500
idle,2.6145,0.018300
idle,2.5264,0.016900
idle,2.3588,0.019300
idle,3.3581,0.020000
idle,4.1307,0.021500
idle,2.9095,0.017600
idle,2.8419,0.018700
idle,2.8682,0.017900
idle,2.8754,0.022600
idle,2.8736,0.016800
idle,3.4686,0.073700
idle,3.4695,0.021600
idle,2.9232,0.016700
idle,3.1399,0.018800
idle,2.6937,0.017800
idle,2.5194,0.017600
idle,2.5125,0.015800
idle,2.9690,0.018600
idle,3.0010,0.019800
idle,3.1594,0.020000
idle,3.4797,0.018200
idle,2.5472,0.020500
idle,2.6449,0.018000
idle,2.7132,0.020700
idle,2.6167,0.025100
idle,2.9596,0.022100
idle,3.0556,0.017300
idle,3.2976,0.024400
idle,3.0732,0.016200
idle,3.2599,0.018500
idle,2.8395,0.018100
idle,2.4884,0.032700
idle,3.2695,0.019600
idle,2.7452,0.025100
idle,2.8115,0.019700
idle,2.7942,0.021000
idle,2.7589,0.019600
idle,2.9961,0.018300
idle,2.7237,0.014300
idle,2.6941,0.020400
idle,3.7082,0.020200
idle,3.8683,0.020900
idle,3.2047,0.017900
idle,3.2447,0.021700
idle,2.9914,0.021600
idle,3.4832,0.026900
idle,3.3816,0.026000
idle,2.8584,0.023000
idle,3.5807,0.035500
idle,2.9207,0.028800
idle,3.7650,0.046900
idle,3.4817,0.032800
idle,3.8917,0.025500
idle,4.0836,0.025500
idle,4.3496,0.025700
idle,4.6263,0.022200
idle,4.3572,0.032600
idle,5.1971,0.027400
idle,4.0389,0.030300
idle,3.7016,0.044400
idle,4.2337,0.020600
idle,3.7785,0.028700
idle,3.7671,0.020900
idle,3.7265,0.026500
idle,4.0841,0.026100
idle,4.9413,0.026400
idle,4.8137,0.050900
idle,4.7210,0.022100
idle,4.3419,0.021200
idle,3.3541,0.035700
idle,4.0920,0.042800
idle,3.5874,0.036300
idle,3.7854,0.021100
idle,3.6238,0.026100
idle,3.5703,0.021700
idle,3.3548,0.025600
idle,4.2120,0.023800
idle,3.8436,0.021200
idle,2.9862,0.024000
idle,4.0287,0.024600
idle,2.9145,0.020500
idle,4.0862,0.036500
idle,3.6003,0.037600
idle,3.2439,0.022400
idle,3.4800,0.019100
idle,5.0780,0.071400
idle,5.2977,0.047000
idle,4.3206,0.020000
idle,3.4863,0.022100
idle,3.6190,0.022500
idle,3.9202,0.025600
idle,3.4546,0.024800
idle,3.6735,0.021000
idle,3.0623,0.025200
idle,3.6424,0.025900
idle,3.4069,0.026700
idle,3.7817,0.018700
idle,2.9890,0.020700
idle,3.9420,0.021600
idle,3.3986,0.026400
idle,3.4295,0.036000
idle,3.2924,0.028400
idle,3.5881,0.026600
idle,3.5360,0.027400
idle,4.0341,0.043800
idle,3.5342,0.021600
idle,3.5418,0.024200
idle,3.6960,0.023900
idle,3.3999,0.019100
idle,3.7686,0.030300
idle,4.7503,0.025400
idle,4.5485,0.025600
idle,3.5419,0.045900
idle,3.4681,0.022300
idle,3.5538,0.022100
idle,3.3372,0.020000
idle,3.2131,0.021100
idle,3.6202,0.019800
idle,3.3567,0.034700
idle,3.1154,0.019000
idle,2.8783,0.025600
idle,4.2635,0.026300
idle,2.9032,0.018200
idle,3.0760,0.017600
idle,2.7849,0.016100
idle,2.3921,0.019400
idle,2.5581,0.017100
idle,2.5092,0.017100
idle,3.3609,0.020000
idle,3.0536,0.019400
idle,3.6470,0.021400
idle,2.7836,0.018600
idle,2.8239,0.024700
idle,3.3229,0.019500
idle,2.7417,0.017300
idle,2.9555,0.021200
idle,2.4204,0.017300
idle,2.9931,0.038700
idle,3.1462,0.017600
idle,3.1004,0.046500
idle,3.1980,0.025600
idle,3.3318,0.019600
idle,3.0664,0.028200
idle,2.5421,0.016100
idle,3.0115,0.016300
idle,2.3527,0.017300
idle,2.3357,0.021200
idle,2.6162,0.016500
idle,2.3411,0.016800
idle,2.1243,0.018100
idle,2.6814,0.016500
idle,2.5061,0.015600
idle,2.5389,0.020400
idle,3.4235,0.022200
idle,2.5638,0.016700
idle,2.8295,0.018600
idle,2.5726,0.017900
idle,3.0946,0.034500
idle,2.9444,0.022700
idle,2.9068,0.018700
idle,2.6032,0.021100
idle,2.6367,0.020000
idle,2.9470,0.022300
idle,2.6242,0.018000
idle,2.6985,0.020700
idle,3.2529,0.027900
idle,2.8854,0.025500
idle,4.0026,0.023300
idle,3.1236,0.023100
idle,3.2496,0.023000
idle,2.9308,0.018900
idle,3.2551,0.024600
idle,2.8149,0.021800
idle,3.2381,0.067700
idle,3.2300,0.018400
idle,2.4896,0.021000
idle,3.1865,0.021200
idle,2.7950,0.015000
idle,2.5294,0.018800
idle,3.3104,0.019100
idle,2.5033,0.018800
idle,3.0585,0.019300
idle,2.8612,0.026600
idle,2.9100,0.015800
idle,2.5997,0.018900
idle,3.0026,0.024300
idle,2.9482,0.020600
idle,2.9184,0.018900
idle,3.3064,0.026900
idle,2.7807,0.019400
idle,3.2427,0.023800
idle,2.6960,0.015900
idle,2.3320,0.016700
idle,3.0281,0.016600
idle,2.3475,0.020100
idle,2.8300,0.022100
idle,2.5604,0.016500
idle,2.6454,0.017200
idle,3.1350,0.021300
idle,2.5694,0.015400
idle,2.5074,0.019900
idle,2.6533,0.015800
idle,2.2566,0.014200
idle,2.7869,0.018300
idle,3.0252,0.017300
idle,2.4415,0.016200
idle,2.9622,0.017600
idle,2.5503,0.017800
idle,2.6204,0.016800
idle,2.4699,0.016000
idle,2.7079,0.058200
idle,2.6573,0.016000
idle,2.6127,0.016100
idle,2.3792,0.015700
idle,2.7757,0.017500
idle,2.3568,0.016300
idle,3.1867,0.023200
idle,2.5705,0.017800
idle,2.2519,0.016100
idle,2.8406,0.025200
idle,3.1262,0.017000
idle,2.7955,0.016900
idle,2.6845,0.024300
idle,2.3586,0.014200
idle,2.3696,0.014000
idle,2.2133,0.014400
idle,2.2169,0.021700
idle,3.0650,0.016700
idle,2.5487,0.016900
idle,2.5168,0.021100
idle,3.3401,0.015900
idle,2.4323,0.015000
idle,2.2578,0.015500
idle,2.4321,0.014800
idle,3.1028,0.016100
idle,2.7038,0.016600
idle,2.2825,0.014400
idle,2.1276,0.013400
idle,2.0984,0.017000
idle,2.4723,0.015800
idle,2.5876,0.020400
idle,2.5025,0.016400
idle,15.2994,0.024400
idle,3.4536,0.018400
idle,2.7630,0.019800
idle,2.6431,0.019400
idle,3.0357,0.019500
idle,2.8258,0.023800
idle,2.6853,0.026400
idle,2.5467,0.016900
idle,2.5782,0.018800
idle,3.6276,0.017700
idle,3.0921,0.016400
idle,2.3928,0.014900
idle,2.1157,0.012900
idle,2.2810,0.016700
idle,3.3645,0.020000
idle,6.5248,0.020500
idle,3.7125,0.019500
idle,2.9668,0.018800
idle,2.7523,0.015500
idle,2.6429,0.015500
idle,2.7382,0.016900
idle,2.2878,0.018100
idle,2.5872,0.018300
idle,2.5987,0.014300
idle,2.1542,0.014900
idle,2.2200,0.015500
idle,3.3188,0.032700
idle,2.6494,0.020800
idle,3.2111,0.019700
idle,2.6401,0.015800
idle,2.4026,0.014500
idle,2.6136,0.020600
idle,2.5256,0.016600
idle,2.3871,0.019900
idle,3.0800,0.017900
idle,2.5778,0.017000
idle,2.4174,0.015500
idle,2.6385,0.019500
idle,2.8250,0.022200
idle,3.1974,0.015800
idle,2.9002,0.015000
idle,2.4667,0.016500
idle,2.8205,0.017800
idle,3.1777,0.017500
idle,2.8474,0.015800
idle,2.9089,0.020800
idle,2.9284,0.015800
idle,2.5725,0.016000
idle,2.4716,0.016500
idle,2.7155,0.017200
idle,2.4786,0.016900
idle,2.6699,0.016000
idle,3.2030,0.017900
idle,4.5484,0.024300
idle,3.5544,0.022800
idle,3.5029,0.021500
idle,3.2338,0.016300
idle,3.0610,0.017400
idle,3.3723,0.020300
idle,3.9552,0.023400
idle,3.9691,0.023100
idle,3.3910,0.020200
idle,2.4953,0.024700
idle,3.9010,0.018800
idle,3.2587,0.023000
idle,3.8000,0.023400
idle,3.4441,0.019800
idle,3.4604,0.020200
idle,2.9638,0.016300
idle,2.5985,0.017000
idle,3.5981,0.023200
idle,3.2094,0.022100
idle,3.0129,0.018700
idle,2.9592,0.021900
idle,3.0287,0.022300
idle,2.9102,0.016300
idle,2.8738,0.021200
idle,3.1300,0.018900
idle,3.9395,0.047000
idle,3.2467,0.019900
idle,3.6720,0.031100
idle,2.9479,0.023000
idle,3.4500,0.024200
idle,3.7750,0.040600
idle,3.9119,0.031400
idle,4.0162,0.025600
idle,3.8697,0.022600
idle,3.0193,0.023100
idle,2.7180,0.017600
idle,2.5665,0.017300
idle,2.8953,0.036900
idle,4.1837,0.021600
idle,3.6930,0.020300
idle,3.1212,0.019100
idle,3.3541,0.016100
idle,2.5068,0.016600
idle,2.4328,0.019500
idle,3.7747,0.020600
idle,3.5354,0.019500
idle,3.5705,0.027400
idle,3.5472,0.019900
idle,2.6871,0.019100
idle,2.5168,0.017600
idle,3.2528,0.035300
idle,3.5549,0.028800
idle,3.1672,0.018700
idle,3.2033,0.034600
idle,2.8688,0.020100
idle,2.7669,0.016200
idle,2.4323,0.015500
idle,3.2994,0.018100
idle,2.7333,0.019600
idle,2.7591,0.018200
idle,2.6333,0.022800
idle,2.8443,0.020600
idle,3.1437,0.030200
idle,3.2486,0.018300
idle,2.5235,0.016600
idle,3.6023,0.019100
idle,2.8425,0.035000
idle,3.2090,0.018200
idle,3.1664,0.026800
idle,2.9719,0.029300
idle,2.6461,0.019500
idle,2.6479,0.016500
idle,3.2576,0.017900
idle,3.4773,0.019800
idle,3.1085,0.017500
idle,2.8962,0.018600
idle,3.0896,0.017000
idle,2.9195,0.021600
idle,3.1577,0.022300
idle,2.9822,0.017400
idle,2.7333,0.017400
idle,2.7233,0.019200
idle,2.9807,0.019100
idle,3.0240,0.021900
idle,2.8776,0.016800
idle,3.1467,0.022000
idle,2.9459,0.024100
idle,2.7934,0.016600
idle,3.4690,0.026000
idle,2.9940,0.075400
idle,3.6675,0.020800
idle,2.9442,0.019400
idle,2.6710,0.016300
idle,2.6014,0.018200
idle,3.4674,0.018300
idle,3.3542,0.021100
idle,2.8507,0.026600
idle,3.6581,0.022700
idle,3.0156,0.025300
idle,3.4594,0.027400
idle,3.2156,0.033900
idle,3.4367,0.020100
idle,2.6540,0.017600
idle,2.6664,0.019200
idle,3.1352,0.021200
idle,3.1722,0.021500
idle,3.2396,0.026500
idle,3.2026,0.019100
idle,3.0361,0.023500
idle,3.3666,0.024200
idle,3.6674,0.020400
idle,3.0378,0.045700
idle,9.5321,0.042300
idle,4.6978,0.052900
idle,3.7001,0.024500
idle,3.1621,0.029800
idle,3.3446,0.022900
idle,3.0702,0.022600
idle,3.9808,0.024700
idle,3.2003,0.027900
idle,3.7205,0.024300
idle,3.1863,0.019100
idle,3.5108,0.065000
idle,3.4138,0.026900
idle,3.5213,0.018400
idle,2.7611,0.017700
idle,3.3458,0.017200
idle,2.8404,0.017800
idle,3.5045,0.024300
idle,4.2230,0.020900
idle,3.5079,0.020800
idle,3.3657,0.023000
idle,3.4067,0.029800
idle,3.3373,0.018800
idle,2.9972,0.021300
idle,2.7852,0.017200
idle,2.9495,0.028100
idle,3.2163,0.020600
idle,3.3161,0.023200
idle,3.5369,0.022500
idle,2.6855,0.018000
idle,2.9323,0.017300
idle,2.6714,0.017300
idle,3.0443,0.017900
idle,3.3030,0.017100
idle,2.9029,0.025300
idle,3.9087,0.028100
idle,3.8296,0.025000
idle,3.3229,0.019000
idle,2.5909,0.019300
idle,2.8074,0.017400
idle,2.6741,0.016800
idle,3.2660,0.024200
idle,3.2090,0.021900
idle,3.1861,0.030100
idle,3.4944,0.036600
idle,3.7099,0.024600
idle,2.7524,0.020600
idle,2.8206,0.022300
idle,2.9085,0.018800
idle,2.6356,0.020000
idle,3.3668,0.023200
idle,2.9510,0.024700
idle,3.2171,0.030500
idle,4.0134,0.023300
idle,3.5414,0.029700
idle,4.4160,0.026500
idle,4.8426,0.029700
idle,5.9718,0.034600
idle,5.8499,0.047000
idle,5.6593,0.033800
idle,4.3913,0.121500
idle,5.8691,0.115400
idle,5.8788,0.036900
idle,4.0304,0.031300
idle,3.8084,0.028200
idle,4.6656,0.061400
idle,5.5392,0.054200
idle,6.0942,0.046300
idle,4.7961,0.030500
idle,4.6192,0.029000
idle,4.3623,0.026900
idle,5.2194,0.030100
idle,5.0091,0.032400
idle,4.9188,0.067100
idle,4.1628,0.024900
idle,3.6780,0.034800
idle,3.5526,0.023800
idle,4.1695,0.028500
idle,5.1218,0.041900
idle,4.3332,0.031700
idle,3.9462,0.032600
idle,3.9623,0.033900
idle,4.7260,0.031300
idle,5.0675,0.031100
idle,4.5911,0.025300
idle,4.1230,0.032600
idle,4.3421,0.056200
idle,4.7593,0.030900
idle,3.9382,0.041900
idle,4.8110,0.034500
idle,3.8623,0.025000
idle,4.1338,0.055300
idle,4.0309,0.032800
idle,4.1359,0.022900
idle,3.5578,0.021900
idle,3.2244,0.025100
idle,3.6879,0.025400
idle,3.9057,0.024700
idle,3.9400,0.041500
idle,4.1860,0.021800
idle,3.5488,0.021600
idle,3.1795,0.020000
idle,3.2264,0.026600
idle,3.5918,0.020900
idle,3.0907,0.023200
idle,3.3311,0.018600
idle,2.9908,0.023400
idle,5.2497,0.044600
idle,4.9217,0.034400
idle,3.8302,0.049800
idle,4.2219,0.027100
idle,3.6003,0.022300
idle,3.7326,0.038100
idle,4.1429,0.024200
idle,3.6509,0.023400
idle,3.9602,0.030000
idle,3.2910,0.023000
idle,3.6506,0.018600
idle,3.5546,0.022900
idle,3.3340,0.020500
idle,3.1642,0.019800
idle,4.1776,0.027600
idle,3.9021,0.049900
idle,4.3895,0.024000
idle,3.1120,0.029600
idle,2.9765,0.036300
idle,2.9318,0.019700
idle,2.9855,0.019000
idle,2.7991,0.016600
idle,2.9586,0.027100
idle,3.0832,0.023000
idle,3.6166,0.020600
idle,3.0414,0.020800
idle,2.9707,0.023500
idle,3.4515,0.019000
idle,2.6779,0.017900
idle,2.8923,0.017900
idle,2.7553,0.016700
idle,4.3950,0.026100
idle,3.4635,0.023000
idle,3.3486,0.023100
idle,2.8069,0.020800
idle,3.0631,0.021400
idle,4.0859,0.021600
idle,3.6055,0.027600
idle,3.1058,0.018500
idle,3.4512,0.021900
idle,3.6811,0.041100
idle,3.3463,0.023300
idle,2.9783,0.022600
idle,3.6223,0.022600
idle,2.9694,0.018800
idle,2.9362,0.018800
idle,2.8743,0.019300
idle,2.7890,0.028800
idle,3.9747,0.028400
idle,7.5339,0.027900
idle,3.7613,0.020900
idle,3.3942,0.022200
idle,2.9847,0.019400
idle,3.6069,0.027100
idle,3.1574,0.019100
idle,3.0026,0.028500
idle,3.1077,0.022300
idle,3.4564,0.019900
idle,3.2450,0.021800
idle,3.7172,0.021800
idle,3.1521,0.049000
idle,4.4289,0.024500
idle,3.2806,0.020600
idle,5.1514,0.031400
idle,4.4638,0.027100
idle,3.6567,0.076100
idle,5.6907,0.037000
idle,3.9996,0.031300
idle,3.4820,0.020100
idle,3.6748,0.026700
idle,3.9989,0.025500
idle,3.5878,0.030500
idle,3.6147,0.022600
idle,3.4876,0.026200
idle,3.1610,0.029500
idle,3.3611,0.023600
idle,3.2167,0.020600
idle,4.3385,0.026800
idle,3.7135,0.022500
idle,3.2290,0.025000
idle,3.0389,0.022600
idle,3.6406,0.026000
idle,4.0572,0.034500
idle,3.8357,0.052000
idle,3.5845,0.022600
idle,3.9490,0.020600
idle,2.9696,0.024400
idle,3.5854,0.023000
idle,2.8795,0.025000
idle,3.4898,0.020500
idle,2.9009,0.018100
idle,3.2024,0.026000
idle,3.1129,0.021500
idle,2.9312,0.037600
idle,3.2150,0.030800
idle,3.4808,0.022500
idle,2.8069,0.021200
idle,2.5868,0.026900
idle,3.2062,0.020300
idle,2.9180,0.019600
idle,3.2025,0.029100
idle,3.2774,0.023400
idle,2.8499,0.019200
idle,2.6462,0.019900
idle,2.5105,0.019500
idle,2.8175,0.018100
idle,2.6488,0.016700
idle,2.5013,0.018800
idle,3.0882,0.026900
idle,2.7907,0.027600
idle,2.8418,0.017300
idle,2.8409,0.017300
idle,3.3951,0.025100
idle,3.7040,0.016500
idle,3.2549,0.026100
idle,3.7395,0.022000
idle,3.0985,0.027000
idle,4.1245,0.022800
idle,2.9897,0.022800
idle,3.9603,0.025700
idle,4.0282,0.021500
idle,3.0176,0.017100
idle,3.5304,0.025600
idle,3.4982,0.022900
idle,2.9714,0.023700
idle,3.2291,0.020400
idle,3.3852,0.029200
idle,3.2782,0.030900
idle,3.0052,0.018200
idle,3.8556,0.022500
idle,3.0704,0.025000
idle,3.4032,0.020900
idle,3.3052,0.030900
idle,2.6431,0.016600
idle,3.5564,0.019700
idle,3.3118,0.024200
idle,3.3245,0.029800
idle,3.4575,0.021700
idle,2.8209,0.019200
idle,3.3996,0.024800
idle,2.9853,0.021500
idle,3.7117,0.025600
idle,3.5841,0.028000
idle,3.6878,0.045900
idle,3.7763,0.019700
idle,3.3181,0.024000
idle,2.9304,0.017400
idle,2.5499,0.020100
idle,2.8951,0.019100
idle,2.5784,0.017000
idle,3.7750,0.021200
idle,2.8804,0.019900
idle,3.0743,0.026100
idle,3.4230,0.033400
idle,2.9438,0.017200
idle,2.5640,0.020100
idle,3.0422,0.018800
idle,3.0264,0.024000
idle,3.0951,0.020400
idle,3.0680,0.027000
idle,2.7226,0.019000
idle,3.8236,0.029000
idle,3.5490,0.027500
idle,4.2451,0.030000
idle,3.9482,0.027500
idle,3.8046,0.023600
idle,3.2393,0.024300
idle,4.3320,0.043000
idle,3.5890,0.030600
idle,3.8477,0.026700
idle,3.7692,0.042500
idle,4.2131,0.026300
idle,3.4296,0.023600
idle,3.0977,0.020800
idle,2.6233,0.022200
idle,3.9192,0.022800
idle,3.4590,0.038800
idle,3.6614,0.020000
idle,2.7057,0.024900
idle,3.0661,0.022000
idle,2.6407,0.016800
idle,2.9536,0.019800
idle,2.6053,0.016400
idle,2.8692,0.032800
idle,2.9571,0.017700
idle,2.6887,0.018500
idle,3.2255,0.018400
idle,2.7709,0.017000
idle,3.0835,0.016400
idle,3.1948,0.026800
idle,4.1753,0.025100
idle,3.4595,0.030700
idle,4.5095,0.023500
idle,3.4601,0.020100
idle,3.5049,0.021800
idle,3.0181,0.018400
idle,3.5980,0.019400
idle,2.9719,0.022800
idle,4.0429,0.023100
idle,3.2351,0.024900
idle,3.7250,0.029600
idle,3.1951,0.021900
idle,3.6162,0.020800
idle,2.9040,0.023000
idle,3.4948,0.020700
idle,3.3111,0.023200
idle,3.4936,0.022900
idle,2.6687,0.017300
idle,2.9762,0.020800
idle,2.9646,0.022800
idle,3.0270,0.024900
idle,4.0071,0.024000
idle,3.4031,0.019800
idle,3.3849,0.032700
idle,3.3565,0.028200
idle,3.3059,0.037900
idle,3.3632,0.020700
idle,3.3456,0.021100
idle,3.0846,0.021100
idle,3.7552,0.022000
idle,2.9182,0.018700
idle,3.4501,0.026000
idle,3.1248,0.019500
idle,3.1938,0.024700
idle,2.5808,0.029900
idle,2.6873,0.033000
idle,3.6864,0.021200
idle,3.4179,0.023800
idle,3.4877,0.023400
idle,2.6328,0.018100
idle,3.2238,0.019600
idle,3.0965,0.033200
idle,3.6183,0.027400
idle,3.1192,0.020200
idle,2.9246,0.019100
idle,3.0086,0.030700
idle,2.7300,0.019900
idle,2.9656,0.019600
idle,2.9106,0.020600
idle,3.0608,0.025000
idle,2.9860,0.017000
idle,3.4131,0.037900
idle,3.6373,0.020100
idle,2.9392,0.020900
idle,3.2283,0.031500
idle,3.3131,0.019700
idle,2.6500,0.017600
idle,3.1863,0.025900
idle,3.3501,0.018300
idle,3.3168,0.021300
idle,3.3886,0.070200
idle,3.7027,0.020200
idle,3.6144,0.023700
idle,3.7862,0.030200
idle,3.6817,0.021400
idle,3.8033,0.034700
idle,4.1060,0.022400
idle,3.5038,0.022800
idle,3.0517,0.021900
idle,3.0934,0.038500
idle,3.9942,0.033500
idle,3.5135,0.024600
idle,3.3775,0.048300
idle,3.1996,0.023300
idle,3.3654,0.019400
idle,4.8813,0.021800
idle,3.2734,0.029100
idle,4.4242,0.024800
idle,3.5695,0.019900
idle,3.3837,0.029400
idle,3.6359,0.028800
idle,3.3144,0.023400
idle,3.3265,0.022300
idle,4.4706,0.032000
idle,2.9858,0.018800
idle,3.4102,0.030700
idle,4.0384,0.030500
idle,3.3544,0.020100
idle,2.8886,0.017200
idle,2.8973,0.021600
idle,2.7581,0.015700
idle,2.8138,0.016300
idle,3.4013,0.020200
idle,3.4267,0.022300
idle,2.8291,0.018400
idle,2.7508,0.019300
idle,3.6887,0.042000
idle,3.0107,0.017000
idle,3.5332,0.033800
idle,3.3705,0.018800
idle,2.9337,0.018000
idle,2.7806,0.024900
idle,3.3449,0.017600
idle,2.8639,0.021100
idle,2.7389,0.020900
idle,2.8422,0.018400
idle,2.6653,0.016100
idle,2.9459,0.024800
idle,3.1119,0.017500
idle,2.6614,0.020300
idle,2.8905,0.024200
idle,3.2950,0.017400
idle,3.0084,0.024100
idle,2.9216,0.018200
idle,2.9443,0.019100
idle,2.8756,0.020000
idle,2.8175,0.019300
idle,2.6473,0.020400
idle,2.5914,0.025200
idle,3.5202,0.027000
idle,3.0839,0.018800
idle,2.8352,0.026300
idle,2.7244,0.017600
idle,3.1267,0.019900
idle,2.9778,0.019600
idle,2.9872,0.022700
idle,3.0133,0.020700
idle,2.8155,0.019600
idle,2.6996,0.019900
idle,3.0726,0.021100
idle,3.1381,0.026900
idle,4.2714,0.058900
idle,3.7547,0.028700
idle,3.3984,0.021400
idle,2.8006,0.023100
idle,3.1163,0.021800
idle,2.7141,0.018600
idle,3.0427,0.022900
idle,3.0402,0.020900
idle,2.6540,0.017000
idle,2.6628,0.022800
idle,3.1955,0.018400
idle,3.0874,0.020200
idle,2.8204,0.017000
idle,3.0839,0.021900
idle,2.7021,0.019800
idle,2.4910,0.026400
idle,2.6940,0.021500
idle,3.0568,0.016400
idle,2.9819,0.023600
idle,2.8276,0.017700
idle,2.3926,0.017400
idle,2.8018,0.017900
idle,2.3955,0.015800
idle,2.6461,0.021600
idle,3.1331,0.027600
idle,2.9577,0.027400
idle,2.9784,0.016600
idle,2.5877,0.016700
idle,2.7716,0.020900
idle,3.6983,0.019700
idle,2.7874,0.019100
idle,2.9262,0.018600
idle,2.6133,0.016000
idle,2.7886,0.018100
idle,3.5671,0.021400
idle,4.2898,0.026200
idle,3.3015,0.021900
idle,3.0759,0.018900
idle,2.7464,0.016700
idle,3.0893,0.018500
idle,2.6162,0.022700
idle,2.9023,0.020000
idle,2.8851,0.017900
idle,2.5835,0.017600
idle,2.7892,0.021900
idle,3.3560,0.020200
idle,2.8045,0.024800
idle,3.0608,0.023700
idle,3.3575,0.022000
idle,2.9526,0.021100
idle,2.5692,0.025900
idle,2.9641,0.019400
idle,2.7132,0.021100
idle,2.5520,0.019500
idle,2.7888,0.018000
idle,2.9239,0.020600
idle,2.9453,0.024100
idle,2.8430,0.019900
idle,2.5753,0.019000
idle,2.8348,0.020700
idle,2.5517,0.017700
idle,2.9596,0.018000
idle,2.8400,0.021100
idle,2.6879,0.018900
idle,2.6756,0.017500
idle,2.3394,0.018900
idle,3.1064,0.022800
idle,2.9454,0.023500
idle,2.8070,0.024600
idle,2.7242,0.016300
idle,2.8320,0.016800
idle,2.7293,0.018600
idle,3.4402,0.019700
idle,3.1363,0.027300
idle,3.2186,0.019000
idle,2.4331,0.017500
idle,2.5373,0.015600
idle,3.8261,0.022500
idle,2.9848,0.018300
idle,3.1527,0.024300
idle,2.9398,0.029300
idle,3.0095,0.018800
idle,3.0245,0.020800
idle,3.5570,0.021800
idle,2.8734,0.022500
idle,3.3663,0.021100
idle,2.8303,0.021500
idle,3.5727,0.020600
idle,3.1282,0.018000
idle,3.9086,0.020400
idle,2.9220,0.017000
idle,2.9257,0.019900
idle,2.6552,0.020500
idle,2.6940,0.020200
idle,3.1543,0.035300
idle,2.6394,0.016600
idle,3.1681,0.017800
idle,2.6519,0.016900
idle,2.7967,0.031200
idle,3.3599,0.022600
idle,3.0655,0.031200
idle,3.2847,0.018800
idle,2.8759,0.021400
idle,3.3928,0.020500
idle,3.0197,0.019900
idle,2.9742,0.026300
idle,3.0247,0.017600
idle,3.0315,0.026800
idle,2.9588,0.017600
idle,2.6473,0.018300
idle,3.0643,0.020800
idle,2.7524,0.017000
idle,3.0880,0.020800
idle,2.9525,0.019600
idle,2.7710,0.020400
idle,2.9168,0.020200
idle,2.6516,0.017500
idle,2.9479,0.019100
idle,2.7809,0.018200
idle,2.8199,0.021200
idle,3.6029,0.027500
idle,4.7116,0.047300
idle,4.5235,0.023600
idle,3.4172,0.021300
idle,2.7856,0.020400
idle,3.0125,0.021600
idle,2.9618,0.027800
idle,3.7559,0.023300
idle,3.3246,0.021200
idle,2.6963,0.020500
idle,2.9385,0.019500
idle,2.9632,0.027900
idle,3.3290,0.023600
idle,2.6471,0.020600
idle,2.6436,0.017200
idle,2.7240,0.017100
idle,2.6737,0.021300
idle,3.1111,0.021400
idle,2.7675,0.021800
idle,2.9656,0.017600
idle,2.5847,0.019100
idle,2.4691,0.020200
idle,3.3454,0.027800
idle,3.2077,0.024700
idle,3.3938,0.020200
idle,3.2460,0.016800
idle,2.8018,0.018300
idle,3.1218,0.040800
idle,4.1752,0.027500
idle,2.8778,0.023100
idle,2.7522,0.026100
idle,3.0048,0.017700
idle,2.9810,0.020100
idle,3.3297,0.020000
idle,2.8374,0.020700
idle,3.5834,0.020600
idle,2.9700,0.018600
idle,3.2824,0.021700
idle,3.6383,0.033200
idle,5.6611,0.030500
idle,4.5394,0.034000
idle,7.1201,0.044700
idle,6.1486,0.059300
idle,7.2724,0.044900
idle,7.2679,0.037100
idle,6.1865,0.037400
idle,5.7182,0.065100
idle,6.3349,0.029900
idle,4.7342,0.033600
idle,5.0937,0.051900
idle,3.8384,0.024300
idle,3.8610,0.039100
idle,3.1947,0.019400
idle,3.4195,0.020200
idle,3.0191,0.016700
idle,2.6148,0.019300
idle,2.9259,0.024600
idle,2.7548,0.018800
idle,3.0290,0.016700
idle,2.5596,0.016800
idle,2.8416,0.016600
idle,3.5981,0.017000
idle,2.9653,0.019800
idle,3.1376,0.017400
idle,3.4468,0.019000
idle,3.5342,0.018800
idle,2.6808,0.019100
idle,3.0836,0.018100
idle,2.5702,0.015200
idle,2.7473,0.019300
idle,2.8463,0.015800
idle,3.3124,0.019600
idle,2.9946,0.016800
idle,2.5310,0.014800
idle,2.8146,0.015300
idle,2.3979,0.024000
idle,2.8605,0.028600
idle,2.6157,0.017600
idle,2.4562,0.014500
idle,2.4646,0.019700
idle,2.6136,0.016800
idle,2.5441,0.014300
idle,2.5569,0.020400
idle,3.1643,0.020600
idle,3.0269,0.018600
idle,2.8864,0.018000
idle,2.4013,0.016000
idle,2.7936,0.016100
idle,2.9571,0.018700
idle,2.6922,0.016700
idle,2.4631,0.018300
idle,2.6041,0.014900
idle,2.7774,0.021400
idle,2.7983,0.063400
idle,3.5273,0.021000
idle,3.2315,0.018600
idle,2.7841,0.018700
idle,3.0796,0.018400
idle,2.9043,0.016400
idle,3.4800,0.024100
idle,2.5764,0.016600
idle,3.1806,0.023100
idle,2.9939,0.016900
idle,2.9631,0.027200
idle,3.6771,0.025900
idle,2.6762,0.021400
idle,2.9160,0.017200
idle,2.4375,0.015400
idle,2.4160,0.016100
idle,2.5242,0.016500
idle,2.4267,0.014800
idle,2.7389,0.018200
idle,2.5539,0.017300
idle,2.3430,0.016600
idle,2.7020,0.015700
idle,2.1772,0.014400
idle,2.2324,0.019800
idle,3.8190,0.021000
idle,2.6868,0.015600
idle,2.7166,0.025100
idle,2.6807,0.016600
idle,2.2849,0.015200
idle,2.4960,0.016500
idle,2.3015,0.014700
idle,2.5960,0.019300
idle,2.7647,0.017300
idle,2.2364,0.013400
idle,2.6920,0.017000
idle,2.6678,0.015800
idle,2.2371,0.014500
idle,2.9402,0.018400
idle,2.5718,0.017000
idle,2.5370,0.019300
idle,2.5795,0.017400
idle,2.4958,0.017800
idle,3.0597,0.018400
idle,2.5150,0.015300
idle,2.3953,0.015200
idle,2.8142,0.021400
idle,2.8829,0.019400
idle,2.6071,0.016400
idle,2.4308,0.018600
idle,2.2198,0.014600
idle,2.5547,0.016600
idle,2.5267,0.017000
idle,2.3450,0.012800
idle,2.6218,0.016900
idle,2.7139,0.014400
idle,2.2364,0.017000
idle,2.8970,0.016700
idle,2.6648,0.015200
idle,2.5169,0.017200
idle,2.6755,0.015800
idle,2.3349,0.013900
idle,2.3555,0.020000
idle,2.6023,0.015100
idle,2.3484,0.013800
idle,2.6636,0.019200
idle,2.6832,0.017900
idle,2.5709,0.017200
idle,2.7338,0.016300
idle,2.4418,0.013600
idle,2.4333,0.017900
idle,2.8096,0.015300
idle,2.3734,0.013300
idle,2.7711,0.017200
idle,2.9217,0.023900
idle,2.6528,0.018100
idle,2.6589,0.016000
idle,2.3018,0.014000
idle,2.5635,0.018100
idle,2.8111,0.015000
idle,2.2660,0.014700
idle,2.7648,0.017200
idle,2.6193,0.014900
idle,2.8601,0.019300
idle,2.7573,0.018300
idle,2.3985,0.014800
idle,2.5283,0.016000
idle,2.5034,0.015600
idle,2.5029,0.013800
idle,2.8936,0.018600
idle,2.5203,0.014700
idle,2.1652,0.015700
idle,2.7062,0.019400
idle,2.5018,0.018900
idle,2.3244,0.019000
idle,2.7515,0.019800
idle,2.5485,0.015200
idle,2.7347,0.022800
idle,2.9103,0.017100
idle,2.4024,0.017300
idle,2.4707,0.016100
idle,2.3506,0.026400
idle,2.4269,0.017000
idle,2.9289,0.016200
idle,2.3833,0.015300
idle,2.8886,0.025200
idle,2.8663,0.018300
idle,2.7539,0.023400
idle,2.5577,0.016600
idle,2.4759,0.015300
idle,2.3090,0.016500
idle,2.4470,0.016000
idle,2.4495,0.013600
idle,2.7030,0.019700
idle,2.9895,0.017900
idle,2.6249,0.022700
idle,3.3449,0.047500
idle,3.6182,0.025700
idle,3.9267,0.026000
idle,3.8263,0.034100
idle,3.4733,0.023900
idle,3.3481,0.026700
idle,4.1585,0.026200
idle,3.4528,0.022400
idle,3.8066,0.022500
idle,3.1866,0.023600
idle,3.1828,0.026000
idle,3.5617,0.025400
idle,3.5435,0.023000
idle,3.5575,0.029100
idle,3.9275,0.023500
idle,3.4032,0.044600
idle,3.5110,0.018100
idle,3.1995,0.026000
idle,3.0289,0.020000
idle,2.8596,0.021800
idle,3.7372,0.019400
idle,2.4497,0.017800
idle,2.8294,0.017600
idle,2.3997,0.016200
idle,2.6792,0.026900
idle,3.0813,0.024100
idle,2.8788,0.016700
idle,3.1136,0.018800
idle,2.8952,0.018700
idle,3.5378,0.023500
idle,2.7911,0.020800
idle,3.1290,0.023500
idle,3.0932,0.020400
idle,2.6083,0.019700
idle,3.0483,0.022200
idle,2.9068,0.023500
idle,3.4939,0.025600
idle,3.0839,0.019100
idle,2.9928,0.022700
idle,2.9129,0.017900
idle,2.8292,0.024300
idle,3.1846,0.017900
idle,2.7450,0.016800
idle,2.9555,0.019000
idle,2.8910,0.017300
idle,2.8718,0.021500
idle,3.3483,0.018800
idle,2.6348,0.024200
idle,3.6976,0.025400
idle,2.7290,0.015600
idle,3.0538,0.019000
idle,3.2176,0.018700
idle,2.8330,0.022500
idle,2.8933,0.018200
idle,2.5889,0.017800
idle,2.6322,0.016700
idle,2.5579,0.014900
idle,2.7997,0.017800
idle,2.7509,0.017100
idle,2.5391,0.018200
idle,2.9857,0.019000
idle,2.7030,0.018800
idle,3.2786,0.019600
idle,3.0790,0.022300
idle,2.7726,0.027300
idle,3.4334,0.020100
idle,2.8796,0.024900
idle,3.7940,0.026800
idle,3.1506,0.021700
idle,3.3129,0.019200
idle,2.6673,0.016900
idle,3.4567,0.021500
idle,3.0456,0.017400
idle,3.0232,0.021600
idle,2.7474,0.018600
idle,3.0742,0.020100
idle,3.3070,0.026400
idle,2.8512,0.019700
idle,3.2783,0.021000
idle,2.6697,0.016500
idle,2.5952,0.019400
idle,2.6451,0.019900
idle,2.7179,0.017500
idle,3.0187,0.017100
idle,2.4101,0.016200
idle,2.2538,0.021100
idle,2.5200,0.019000
idle,2.4623,0.016000
idle,2.6632,0.017700
idle,2.8549,0.019400
idle,2.3723,0.017100
idle,2.4905,0.016800
idle,2.4808,0.016400
idle,2.2248,0.015300
idle,2.8640,0.018000
idle,2.4609,0.016200
idle,2.7165,0.024400
idle,3.4414,0.017000
idle,2.9240,0.028300
idle,3.6071,0.024700
idle,3.7661,0.035300
idle,4.8446,0.031800
idle,5.4354,0.047700
idle,7.8908,0.042500
idle,5.1082,0.038300
idle,4.7378,0.043800
idle,6.0741,0.037000
idle,5.7997,0.037700
idle,4.7323,0.030600
idle,4.2157,0.032000
idle,4.7806,0.032600
idle,6.6713,0.058500
idle,6.5387,0.038700
idle,6.3495,0.049200
idle,5.9708,0.036500
idle,4.7404,0.026900
idle,4.0069,0.024900
idle,4.0006,0.024500
idle,3.5876,0.026700
idle,4.4581,0.021400
idle,2.9710,0.023600
idle,3.5614,0.033800
idle,2.9673,0.025000
idle,3.0995,0.019200
idle,2.8517,0.019500
idle,2.8339,0.017300
idle,2.5350,0.018700
idle,2.9723,0.019800
idle,3.5563,0.021200
idle,2.6195,0.018800
idle,2.6824,0.018900
idle,2.6532,0.016500
idle,2.4926,0.021500
idle,3.0646,0.017700
idle,2.5962,0.016200
idle,2.8672,0.017300
idle,2.7844,0.016400
idle,2.4426,0.017800
idle,3.1118,0.020300
idle,2.6131,0.017900
idle,2.5468,0.019300
idle,2.7925,0.015300
idle,2.2514,0.015600
idle,2.6999,0.018500
idle,3.0929,0.021400
idle,3.1216,0.027000
idle,3.1089,0.024000
idle,2.6854,0.018900
idle,2.5386,0.018700
idle,2.4324,0.015700
idle,2.7543,0.019800
idle,2.7204,0.016800
idle,2.3689,0.016800
idle,2.7437,0.025100
idle,2.8615,0.022300
idle,3.2260,0.018600
idle,2.4410,0.015800
idle,2.3277,0.015200
idle,2.5894,0.019900
idle,2.5273,0.021300
idle,2.5214,0.019100
idle,3.3007,0.019700
idle,2.7618,0.017000
idle,2.5162,0.021400
idle,2.9284,0.017000
idle,2.6464,0.017100
idle,2.4260,0.018200
idle,2.2885,0.015500
idle,2.4142,0.017000
idle,2.9849,0.018200
idle,2.6934,0.016500
idle,2.7282,0.018500
idle,2.6224,0.017600
idle,2.9507,0.015500
idle,2.6430,0.016900
idle,2.5493,0.015200
idle,2.3988,0.019500
idle,3.0753,0.017100
idle,2.5298,0.017300
idle,3.5800,0.019500
idle,2.6596,0.017700
idle,2.5014,0.015200
idle,2.6627,0.016300
idle,2.4345,0.015700
idle,2.9820,0.023100
idle,3.4631,0.020300
idle,3.2787,0.025800
idle,3.2638,0.019300
idle,2.9820,0.023300
idle,2.7515,0.016200
idle,2.6127,0.021400
idle,2.9137,0.016200
idle,2.6716,0.018600
idle,2.6717,0.017600
idle,2.5900,0.015600
idle,2.3281,0.014800
idle,2.5285,0.016900
idle,5.0038,0.018300
idle,2.7422,0.019600
idle,2.7905,0.023700
idle,2.7049,0.022000
idle,3.0697,0.021200
idle,2.3451,0.014800
idle,2.3520,0.016700
idle,2.4944,0.015300
idle,2.4113,0.014800
idle,2.7147,0.019200
idle,2.5147,0.016800
idle,2.6122,0.020900
idle,2.7482,0.021300
idle,2.5701,0.016100
idle,2.5854,0.017600
idle,2.6875,0.016500
idle,2.7823,0.016400
idle,2.5764,0.018000
idle,2.4158,0.015300
idle,2.3131,0.014600
idle,2.4105,0.014800
idle,2.4119,0.016200
idle,2.2576,0.014300
idle,3.1203,0.036100
idle,3.0625,0.015400
idle,2.5163,0.014500
idle,2.4580,0.022400
idle,2.8433,0.018800
idle,2.6847,0.016600
idle,2.6800,0.016100
idle,2.3847,0.015500
idle,2.7507,0.020300
idle,2.7235,0.015500
idle,2.4979,0.016700
idle,2.3343,0.017700
idle,2.3040,0.020300
idle,2.5730,0.015200
idle,2.2590,0.014300
idle,3.3649,0.030000
idle,2.9857,0.017800
idle,2.5075,0.014700
idle,3.1211,0.019100
idle,2.9455,0.015900
idle,2.3181,0.016700
idle,2.5010,0.018400
idle,2.3134,0.015600
idle,2.3534,0.017900
idle,2.3060,0.018300
idle,2.5470,0.016800
idle,2.8557,0.016400
idle,2.8167,0.015800
idle,2.5559,0.020300
idle,2.3985,0.015300
idle,2.1240,0.015000
idle,2.5729,0.018200
idle,2.6654,0.017100
idle,2.5520,0.018300
idle,3.6700,0.021500
idle,2.7381,0.019200
idle,2.3662,0.016800
idle,2.2250,0.014500
idle,2.1575,0.013900
idle,2.4631,0.022100
idle,2.3383,0.017200
idle,2.5909,0.022900
idle,2.6952,0.018300
idle,2.5614,0.018000
idle,2.3971,0.014100
idle,2.4987,0.032500
idle,2.3263,0.014400
idle,2.2316,0.014200
idle,2.5685,0.016600
idle,2.6798,0.015100
idle,2.7242,0.018800
idle,2.9232,0.016900
idle,2.5844,0.016500
idle,2.9385,0.026800
idle,3.0186,0.021200
idle,2.9743,0.019900
idle,2.8164,0.021000
idle,2.6942,0.015500
idle,2.9225,0.022800
idle,2.5464,0.015300
idle,2.3438,0.020300
idle,2.8410,0.023000
idle,2.7299,0.015300
idle,2.5595,0.015600
idle,2.3489,0.014900
idle,2.5073,0.014300
idle,2.3747,0.014500
idle,2.5594,0.022200
idle,2.8838,0.016000
idle,2.6151,0.014500
idle,2.6214,0.017100
idle,2.7478,0.016800
idle,2.4267,0.015600
idle,2.5111,0.017300
idle,2.8049,0.016500
idle,2.8603,0.016600
idle,2.4338,0.020500
idle,2.9744,0.018900
idle,2.5029,0.017900
idle,2.1799,0.016500
idle,2.1977,0.014500
idle,2.6169,0.017900
idle,2.3543,0.016300
idle,2.5667,0.023600
idle,2.6820,0.019100
idle,2.8093,0.017800
idle,2.2517,0.014700
idle,2.4199,0.023100
idle,2.8074,0.026300
idle,3.5405,0.017500
idle,2.7871,0.017600
idle,2.7715,0.019400
idle,2.5668,0.018100
idle,2.5819,0.014300
idle,2.4561,0.015600
idle,2.6288,0.016800
idle,2.5956,0.015800
idle,2.2155,0.013900
idle,2.4139,0.016700
idle,2.3750,0.015000
idle,2.3485,0.015100
idle,2.4821,0.015100
idle,2.7794,0.015700
idle,2.5596,0.015200
idle,2.5027,0.016200
idle,2.3074,0.014000
idle,2.6773,0.016300
idle,2.6695,0.045900
idle,3.4256,0.018500
idle,2.9221,0.025500
idle,3.0284,0.018200
idle,3.1737,0.023400
idle,3.0206,0.018000
idle,3.3406,0.025500
idle,3.3472,0.022100
idle,3.3328,0.021300
idle,2.7786,0.015100
idle,3.0685,0.023700
idle,3.4124,0.019700
idle,3.2114,0.027100
idle,3.5131,0.021900
idle,3.0585,0.019200
idle,3.5819,0.023300
idle,3.7394,0.027500
idle,3.3944,0.029100
idle,3.3522,0.031100
idle,3.1904,0.022900
idle,2.9175,0.017200
idle,3.4199,0.018900
idle,2.6729,0.018200
idle,2.9481,0.022400
idle,2.7972,0.016100
idle,2.5741,0.014400
idle,2.7412,0.020100
idle,2.6231,0.020000
idle,3.3253,0.026500
idle,2.5523,0.017400
idle,2.6697,0.014900
idle,2.4254,0.020400
idle,2.3700,0.014900
idle,2.2220,0.017200
idle,2.6727,0.024400
idle,3.1612,0.018400
idle,2.4556,0.018200
idle,2.7281,0.016700
idle,2.3475,0.015800
idle,3.1316,0.017000
idle,2.6872,0.022400
idle,2.7983,0.018500
idle,2.6301,0.018900
idle,2.5253,0.015200
idle,3.0255,0.020900
idle,2.5642,0.015700
idle,2.3189,0.018700
idle,2.7215,0.015900
idle,2.2430,0.014700
idle,2.2147,0.016400
idle,2.7419,0.019500
idle,2.4424,0.013400
idle,2.7307,0.016000
idle,2.5711,0.015500
idle,2.3747,0.016400
idle,3.1639,0.018800
idle,2.5493,0.015400
idle,2.3809,0.016800
idle,2.6552,0.021400
idle,2.5403,0.018300
idle,2.6264,0.019700
idle,2.7495,0.015400
idle,2.1551,0.014300
idle,2.6145,0.016700
idle,4.1450,0.032500
idle,3.3572,0.019600
idle,2.6893,0.021000
idle,2.7689,0.021200
idle,2.5061,0.018400
idle,2.5909,0.017600
idle,2.6245,0.020200
idle,2.7603,0.015500
idle,2.4880,0.017600
idle,2.6531,0.017100
idle,2.6739,0.029100
idle,2.5478,0.019500
idle,2.3839,0.015300
idle,2.2864,0.016600
idle,2.2180,0.016500
idle,2.8477,0.019000
idle,2.2865,0.014300
idle,2.3908,0.016000
idle,2.4510,0.017200
idle,2.5546,0.016400
idle,2.8269,0.020300
idle,2.6336,0.014300
idle,2.9155,0.017600
idle,2.8219,0.015800
idle,2.2188,0.014200
idle,2.9195,0.017700
idle,2.3899,0.015100
idle,2.2900,0.013700
idle,3.0608,0.019900
idle,2.6831,0.021300
idle,3.1740,0.024400
idle,3.3593,0.018200
idle,5.4951,0.046300
idle,6.5885,0.028400
idle,5.4189,0.036100
idle,5.6287,0.037700
idle,6.3417,0.054700
idle,6.7792,0.039900
idle,6.3822,0.035900
idle,6.9709,0.032600
idle,6.6274,0.030500
idle,5.5787,0.039700
idle,6.4917,0.042400
idle,6.1191,0.035300
idle,4.9480,0.039700
idle,4.6009,0.021800
idle,3.7031,0.024800
idle,3.4009,0.042500
idle,5.0251,0.037100
idle,6.0478,0.044700
idle,3.9533,0.023500
idle,3.6318,0.019800
idle,2.8654,0.018000
idle,3.7005,0.018700
idle,2.9454,0.019600
idle,2.6896,0.017300
idle,2.3874,0.016200
idle,2.2700,0.015500
idle,2.5424,0.020000
idle,2.5736,0.017000
idle,2.5882,0.028200
idle,3.1034,0.017000
idle,2.4883,0.016200
idle,3.9040,0.031700
idle,2.8616,0.017200
idle,2.9790,0.019100
idle,2.4369,0.014900
idle,2.5721,0.018400
idle,2.9339,0.017000
idle,2.7173,0.016600
idle,2.7029,0.035300
idle,3.1417,0.020300
idle,2.5057,0.017100
idle,2.9981,0.016500
idle,2.1795,0.015900
idle,2.5973,0.018800
idle,2.4035,0.015600
idle,2.2252,0.014300
idle,2.6824,0.017000
idle,2.7486,0.017600
idle,2.1480,0.014500
idle,2.8005,0.020600
idle,3.1471,0.021600
idle,2.9740,0.019300
idle,3.3067,0.018100
idle,3.0033,0.017500
idle,3.1336,0.017400
idle,2.7898,0.016400
idle,2.8737,0.019700
idle,2.4133,0.016400
idle,2.4352,0.025500
idle,2.7514,0.016400
idle,2.3427,0.015000
idle,2.3109,0.019200
idle,2.7702,0.017000
idle,2.4227,0.016700
idle,2.8441,0.016800
idle,2.5270,0.014700
idle,2.4534,0.014800
idle,2.5095,0.020900
idle,2.4062,0.015100
idle,2.1237,0.018200
idle,3.2494,0.015400
idle,2.6019,0.015500
idle,2.4070,0.018300
idle,2.7501,0.016600
idle,2.3034,0.017800
idle,2.6745,0.018800
idle,2.2954,0.014700
idle,2.4621,0.016500
idle,2.7852,0.016100
idle,2.3940,0.018100
idle,2.5819,0.024600
idle,2.8972,0.017400
idle,2.5768,0.015100
idle,2.3995,0.016300
idle,2.4448,0.017000
idle,2.6068,0.017200
idle,2.6324,0.018200
idle,2.4382,0.016300
idle,2.3087,0.018900
idle,2.9409,0.019100
idle,2.5757,0.015700
idle,2.9256,0.022100
idle,3.1015,0.017100
idle,2.4402,0.018600
idle,2.7635,0.015100
idle,2.2432,0.015500
idle,2.7633,0.019500
idle,2.7718,0.016500
idle,2.3399,0.017400
idle,2.8512,0.021700
idle,2.6670,0.015400
idle,2.0982,0.017000
idle,2.8288,0.030800
idle,3.1261,0.020200
idle,3.1729,0.020100
idle,2.7148,0.016300
idle,2.1992,0.019200
idle,2.7919,0.017000
idle,2.3199,0.015800
idle,2.8333,0.019400
idle,2.5749,0.014800
idle,2.1335,0.015900
idle,2.3804,0.015800
idle,2.5024,0.016300
idle,2.3356,0.014400
idle,3.1110,0.016900
idle,2.6655,0.017300
idle,2.3473,0.018200
idle,2.6495,0.015600
idle,2.5266,0.018800
idle,2.9379,0.021400
idle,3.0650,0.018500
idle,3.0133,0.025600
idle,4.1346,0.019500
idle,2.7978,0.019400
idle,2.8328,0.019700
idle,2.6552,0.018700
idle,3.1490,0.020200
idle,2.6529,0.016800
idle,2.6829,0.018100
idle,2.8452,0.036400
idle,2.7685,0.013600
idle,2.6239,0.029400
idle,2.7562,0.015800
idle,2.3584,0.018100
idle,2.7931,0.015900
idle,2.3383,0.017100
idle,2.9775,0.021200
idle,2.4229,0.018100
idle,2.3658,0.016200
idle,2.7185,0.019500
idle,2.6255,0.015500
idle,2.2472,0.014800
idle,2.9978,0.016500
idle,2.4802,0.016800
idle,2.7121,0.017200
idle,2.5694,0.017900
idle,2.4590,0.014800
idle,2.4988,0.016800
idle,2.4638,0.016500
idle,2.6387,0.018600
idle,2.7476,0.017700
idle,2.6657,0.015800
idle,2.6209,0.018100
idle,3.3983,0.017300
idle,3.4727,0.028700
idle,2.9653,0.017100
idle,2.4633,0.021600
idle,2.4795,0.016300
idle,2.4712,0.016400
idle,2.3238,0.019700
idle,3.4610,0.019700
idle,2.3940,0.017200
idle,2.8620,0.021000
idle,2.6109,0.015800
idle,2.2420,0.016400
idle,3.2983,0.037300
idle,2.9187,0.020400
idle,3.0033,0.019800
idle,2.6432,0.016900
idle,2.6117,0.016400
idle,3.4035,0.022500
idle,3.3473,0.037100
idle,3.5041,0.019300
idle,2.6596,0.016600
idle,2.7047,0.016500
idle,2.6123,0.019900
idle,2.6039,0.018900
idle,2.9772,0.017300
idle,2.4235,0.017100
idle,2.5449,0.015100
idle,2.6879,0.017100
idle,2.2698,0.014100
idle,3.3185,0.021500
idle,3.0173,0.024800
idle,2.7953,0.018700
idle,2.8616,0.020700
idle,2.6309,0.020200
idle,3.4348,0.020700
idle,3.0954,0.022900
idle,2.7667,0.021700
idle,2.6615,0.017300
idle,2.4405,0.017300
idle,2.6500,0.018800
idle,2.5540,0.015800
idle,3.2818,0.082100
idle,3.4349,0.018500
idle,2.8187,0.022300
idle,2.8032,0.025600
idle,3.0632,0.036800
idle,3.9501,0.025000
idle,3.6338,0.022600
idle,3.7395,0.030400
idle,5.5060,0.036200
idle,3.6785,0.028300
idle,3.6627,0.020200
idle,2.9037,0.019800
idle,3.5602,0.030900
idle,3.0453,0.018800
idle,3.1615,0.035500
idle,2.9403,0.024100
idle,3.0180,0.017300
idle,2.8739,0.018800
idle,2.5544,0.016100
idle,3.4012,0.019000
idle,2.8014,0.015100
idle,3.0278,0.022500
idle,2.9279,0.031200
idle,5.3065,0.024100
idle,3.2072,0.024200
idle,3.2173,0.020100
idle,2.5708,0.022300
idle,3.2934,0.025400
idle,3.6090,0.018800
idle,2.8131,0.019700
idle,2.3470,0.019300
idle,2.6041,0.017900
idle,2.7413,0.023900
idle,13.8808,0.030300
idle,5.0168,0.021700
idle,3.2247,0.020200
idle,2.5256,0.021100
idle,3.2263,0.021200
idle,3.3983,0.016600
idle,3.5311,0.019900
idle,2.8049,0.016200
idle,2.8851,0.018200
idle,2.4102,0.016200
idle,2.5308,0.018300
idle,2.5926,0.015900
idle,2.5557,0.019100
idle,2.7795,0.019000
idle,2.8029,0.016000
idle,2.3415,0.015300
idle,2.3583,0.018500
idle,3.1154,0.018800
idle,2.6337,0.017000
idle,2.5866,0.022300
idle,2.6062,0.018600
idle,2.5010,0.018200
idle,2.8365,0.024000
idle,2.5347,0.021400
idle,2.3700,0.017900
idle,2.4326,0.021800
idle,2.4485,0.016500
idle,2.6125,0.032400
idle,3.6975,0.021500
idle,3.0160,0.022300
idle,3.1070,0.020100
idle,2.9008,0.016400
idle,2.6569,0.022300
idle,2.5463,0.017200
idle,2.6259,0.020100
idle,2.7887,0.023700
idle,2.8060,0.019800
idle,2.6655,0.019900
idle,2.2377,0.020400
idle,2.2600,0.020900
idle,3.0796,0.029800
idle,2.7244,0.018300
idle,2.5746,0.022200
idle,2.6917,0.016700
idle,2.4160,0.019400
idle,2.6577,0.017200
idle,2.4112,0.019400
idle,2.5982,0.019500
idle,2.7744,0.018800
idle,2.3863,0.016700
idle,2.5023,0.027000
idle,3.4899,0.022000
idle,2.7431,0.018100
idle,2.4765,0.019100
idle,2.4128,0.020100
idle,2.4051,0.019100
idle,2.7031,0.020900
idle,10.5837,0.030900
idle,4.2496,0.021300
idle,3.0341,0.034900
idle,3.1852,0.024500
idle,2.4455,0.019200
idle,2.4674,0.017600
idle,2.4758,0.015700
idle,2.5279,0.019800
idle,2.7541,0.016500
idle,2.2691,0.016500
idle,2.3185,0.017300
idle,2.6832,0.018300
idle,2.6188,0.018700
idle,2.6933,0.018000
idle,2.7046,0.020000
idle,2.6074,0.020200
idle,2.8272,0.024200
idle,3.1066,0.021400
idle,3.1702,0.024900
idle,2.6329,0.019200
idle,2.3945,0.016800
idle,2.7874,0.018100
idle,2.4708,0.016100
idle,2.1303,0.015600
idle,2.8584,0.018900
idle,2.8438,0.019300
idle,2.4457,0.020100
idle,3.2400,0.024000
idle,2.9659,0.017700
idle,2.7004,0.016800
idle,2.4993,0.024300
idle,2.8187,0.017000
idle,2.4960,0.014500
idle,2.1669,0.014100
idle,2.2738,0.021200
idle,2.6009,0.015700
idle,2.5636,0.015600
idle,3.3197,0.057300
idle,2.6830,0.017700
idle,2.5335,0.020600
idle,3.1146,0.019400
idle,2.8596,0.020700
idle,3.1311,0.018100
idle,2.9708,0.016700
idle,2.6193,0.018600
idle,2.8959,0.018600
idle,2.3038,0.021800
idle,3.3826,0.019000
idle,3.1411,0.022000
idle,5.3454,0.024400
idle,4.0732,0.033400
idle,4.0800,0.025100
idle,4.3338,0.030400
idle,5.5074,0.080500
idle,4.9761,0.034300
idle,5.3132,0.039400
idle,5.0445,0.053500
idle,4.3985,0.030300
idle,5.0214,0.039400
idle,4.7731,0.028000
idle,4.4472,0.030700
idle,3.7196,0.022700
idle,3.5733,0.022900
idle,3.2352,0.018400
idle,3.9145,0.031500
idle,5.3359,0.028800
idle,4.2756,0.024300
idle,3.5033,0.046700
idle,4.5606,0.029000
idle,4.5644,0.063500
idle,3.4819,0.023400
idle,3.7777,0.022600
idle,3.2162,0.034200
idle,3.3050,0.035400
idle,3.0438,0.016900
idle,3.8019,0.023400
idle,3.7900,0.023900
idle,3.1249,0.018800
idle,3.0861,0.028700
idle,3.1154,0.020300
idle,2.6851,0.016400
idle,2.7542,0.015900
idle,3.4857,0.021500
idle,2.9293,0.028900
idle,3.6444,0.021500
idle,3.6294,0.044300
idle,4.8377,0.025900
idle,3.9386,0.024700
idle,3.0425,0.023100
idle,3.9713,0.027200
idle,3.5568,0.022900
idle,3.5934,0.019800
idle,2.9393,0.033600
idle,3.2798,0.021200
idle,3.0761,0.019200
idle,4.3500,0.035200
idle,3.5698,0.021200
idle,3.2999,0.024900
idle,3.4817,0.021100
idle,3.0468,0.023700
idle,3.5487,0.040200
idle,3.8416,0.022300
idle,3.2332,0.019800
idle,3.1822,0.026000
idle,3.1019,0.024800
idle,3.8057,0.021500
idle,2.8853,0.021300
idle,2.8147,0.023400
idle,5.6579,0.022800
idle,6.9378,0.036500
idle,5.7967,0.029000
idle,5.4409,0.046800
idle,6.6326,0.040200
idle,7.2933,0.037500
idle,6.0959,0.037000
idle,5.6757,0.047000
idle,4.7325,0.024300
idle,4.5475,0.029800
idle,4.1652,0.029900
idle,3.5195,0.025900
idle,3.6292,0.019000
idle,3.5269,0.019200
idle,3.2409,0.033700
idle,3.4105,0.027900
idle,4.8237,0.030900
idle,4.1429,0.020700
idle,4.3873,0.023700
idle,3.4537,0.021900
idle,3.1672,0.032900
idle,3.3925,0.033500
idle,3.5781,0.029700
idle,2.8639,0.016800
idle,4.0542,0.022300
idle,3.5461,0.031200
idle,4.8573,0.022000
idle,4.1376,0.042100
idle,3.7901,0.021100
idle,3.5849,0.022500
idle,3.1978,0.026800
idle,3.4462,0.025700
idle,3.2265,0.023700
idle,4.1291,0.022400
idle,6.6694,0.021700
idle,3.7485,0.020200
idle,4.0308,0.020500
idle,2.9038,0.020800
idle,2.8724,0.022200
idle,3.2287,0.029800
idle,3.1367,0.035300
idle,4.0475,0.019000
idle,3.0863,0.020400
idle,2.9500,0.020900
idle,3.2165,0.025200
idle,3.3069,0.019800
idle,2.7636,0.026600
idle,3.1226,0.019300
idle,2.7072,0.016300
idle,3.0196,0.017000
idle,3.0375,0.017200
idle,2.7948,0.024400
idle,2.6844,0.021100
idle,2.4045,0.016600
idle,2.6162,0.017800
idle,3.0876,0.018300
idle,3.2478,0.020800
idle,2.4571,0.017400
idle,2.5276,0.019400
idle,2.7761,0.020700
idle,2.9031,0.021200
idle,3.4105,0.024800
idle,3.5846,0.019900
idle,3.3569,0.022400
idle,3.0126,0.018100
idle,2.9270,0.025400
idle,3.9553,0.018000
idle,2.6820,0.016500
idle,2.7171,0.020000
idle,3.5329,0.021000
idle,3.5730,0.021600
idle,3.2607,0.017900
idle,2.8434,0.023700
idle,3.2064,0.018800
idle,3.1636,0.023000
idle,3.4295,0.025600
idle,3.5459,0.017800
idle,2.8677,0.022500
idle,2.9721,0.021000
idle,3.8466,0.033900
idle,3.4463,0.022100
idle,3.4621,0.022100
idle,3.1662,0.023700
idle,3.1178,0.016900
idle,2.9462,0.026500
idle,4.1332,0.040200
idle,3.6668,0.024900
idle,4.0919,0.019200
idle,4.3257,0.022300
idle,3.6174,0.031600
idle,4.0307,0.028200
idle,3.7652,0.023100
idle,4.1947,0.028400
idle,3.2116,0.017700
idle,3.8261,0.022900
idle,3.0549,0.018900
idle,3.6193,0.031500
idle,3.4676,0.025600
idle,3.2122,0.019200
idle,3.2559,0.014400
idle,2.9204,0.021400
idle,3.5117,0.027400
idle,3.8950,0.024500
idle,4.1942,0.023400
idle,4.0047,0.028200
idle,3.6397,0.028300
idle,3.5056,0.033800
idle,5.0173,0.032800
idle,3.9967,0.022400
idle,4.4805,0.027200
idle,3.0606,0.033100
idle,3.3761,0.021400
idle,3.0000,0.042800
idle,4.8830,0.026000
idle,4.3641,0.036200
idle,3.7440,0.028000
idle,3.8982,0.023400
idle,3.7725,0.033700
idle,3.4108,0.023900
idle,3.3718,0.018700
idle,3.3743,0.026500
idle,3.8819,0.020200
idle,4.5108,0.023000
idle,3.7318,0.029400
idle,3.9323,0.029100
idle,4.2085,0.021700
idle,3.8119,0.022000
idle,4.0253,0.044100
idle,3.8577,0.021700
idle,4.2327,0.025000
idle,3.2729,0.021500
idle,3.3751,0.022000
idle,3.1298,0.023900
idle,4.1456,0.021400
idle,4.1044,0.022500
idle,3.4628,0.025700
idle,3.7262,0.025500
idle,4.0821,0.021200
idle,3.4239,0.022500
idle,4.0185,0.018300
idle,3.2235,0.018300
idle,2.9488,0.021100
idle,10.3135,0.032300
idle,5.2800,0.036800
idle,4.3968,0.025500
idle,4.0839,0.033800
idle,4.9794,0.042800
idle,5.2000,0.029600
idle,3.8918,0.024200
idle,3.7825,0.019100
idle,3.9618,0.040900
idle,4.0922,0.027500
idle,4.7663,0.029700
idle,4.4518,0.023600
idle,3.9029,0.025300
idle,4.1920,0.023900
idle,3.4665,0.030900
idle,4.2234,0.036900
idle,4.1948,0.025400
idle,3.5401,0.020800
idle,3.8644,0.039300
idle,3.9318,0.034900
idle,4.5535,0.023400
idle,3.7600,0.032700
idle,4.1768,0.021400
idle,3.7746,0.039100
idle,4.1099,0.023100
idle,4.0216,0.022000
idle,3.9496,0.036300
idle,3.9178,0.031000
idle,2.9955,0.019500
idle,3.0433,0.022400
idle,2.7023,0.039000
idle,3.3757,0.028500
idle,3.4670,0.018900
idle,3.8244,0.040600
idle,4.3297,0.029800
idle,4.0697,0.023200
idle,3.4463,0.020700
idle,3.6397,0.023400
idle,3.5441,0.031500
idle,5.6074,0.036300
idle,4.7693,0.027500
idle,3.6540,0.033400
idle,4.4975,0.053100
idle,4.2797,0.023000
idle,3.9119,0.023400
idle,4.3061,0.046200
idle,3.8061,0.020700
idle,3.7645,0.041100
idle,3.2327,0.039900
idle,3.9466,0.020600
idle,4.0821,0.024700
idle,4.0310,0.031000
idle,4.0048,0.034500
idle,3.8270,0.023100
idle,3.7988,0.030500
idle,3.2749,0.035500
idle,4.2361,0.031400
idle,3.5389,0.047400
idle,4.1860,0.023300
idle,3.5930,0.034800
idle,3.3164,0.033900
idle,4.8103,0.025300
idle,4.3801,0.020900
idle,4.2005,0.021100
idle,3.8454,0.034300
idle,3.6171,0.022800
idle,4.4637,0.023800
idle,6.2495,0.040900
idle,4.6565,0.054700
idle,4.5688,0.047200
idle,4.6449,0.038200
idle,4.6494,0.037700
idle,4.3285,0.026700
idle,3.8301,0.038000
idle,4.7344,0.023000
idle,3.6984,0.027800
idle,3.4617,0.022500
idle,3.8302,0.026100
idle,3.7993,0.021000
idle,3.3404,0.040100
idle,3.8172,0.021200
idle,3.3519,0.019600
idle,3.8038,0.036600
idle,5.4019,0.043200
idle,5.0986,0.032400
idle,4.9912,0.042700
idle,4.8122,0.038600
idle,4.4915,0.038600
idle,3.9400,0.037300
idle,4.2395,0.025900
idle,4.2172,0.041300
idle,4.2132,0.024400
idle,4.1823,0.034500
idle,3.8833,0.021200
idle,3.4822,0.021500
idle,4.4081,0.030400
idle,4.2746,0.026800
idle,5.5410,0.027600
idle,4.2952,0.041700
idle,4.5845,0.028300
idle,4.7149,0.040200
idle,4.4508,0.032200
idle,4.8175,0.022700
idle,5.8429,0.037500
idle,4.3834,0.024700
idle,4.5332,0.047200
idle,4.1455,0.030800
idle,2.8689,0.020400
idle,3.3234,0.030600
idle,3.8682,0.021900
idle,3.7220,0.035600
idle,3.1699,0.024600
idle,4.2374,0.023700
idle,3.7462,0.034500
idle,4.3818,0.021100
idle,3.0035,0.023400
idle,4.8179,0.019400
idle,3.5983,0.021700
idle,2.5230,0.017700
idle,3.6746,0.019000
idle,4.5393,0.021800
idle,3.9148,0.021500
idle,2.9257,0.018600
idle,3.8703,0.025900
idle,3.3451,0.028700
idle,3.4987,0.024900
idle,2.9663,0.020200
idle,3.5930,0.040600
idle,3.8007,0.022900
idle,3.6446,0.019900
idle,3.0003,0.018500
idle,3.3492,0.021900
idle,3.0709,0.019700
idle,7.3999,0.021100
idle,3.6235,0.029000
idle,3.1859,0.022500
idle,3.5739,0.036000
idle,2.9384,0.020100
idle,12.9568,0.031000
idle,5.9876,0.026400
idle,3.6990,0.025400
idle,3.9832,0.025400
idle,3.4117,0.025700
idle,3.2869,0.020600
idle,2.6938,0.020300
idle,3.3130,0.025400
idle,3.0479,0.019600
idle,6.7432,0.020000
idle,3.4973,0.020300
idle,2.7760,0.019400
idle,7.0502,0.023700
idle,4.0277,0.020800
idle,3.0383,0.018500
idle,3.8708,0.022300
idle,3.2361,0.019500
idle,3.4351,0.024100
idle,2.8476,0.017700
idle,2.5881,0.030600
idle,3.1264,0.018700
idle,2.5246,0.015500
idle,3.0042,0.020100
idle,2.8766,0.019200
idle,2.9380,0.021500
idle,3.2931,0.018100
idle,2.8955,0.022200
idle,2.9753,0.017600
idle,2.9385,0.090000
idle,3.4687,0.019500
idle,5.5752,0.030900
idle,4.7011,0.021100
idle,3.5354,0.026000
idle,3.5632,0.022900
idle,3.8209,0.026400
idle,2.8243,0.019900
idle,2.8503,0.021900
idle,2.8751,0.017700
idle,2.9869,0.020500
idle,5.0372,0.023200
idle,3.7304,0.017900
idle,2.6306,0.017800
idle,6.2823,0.022100
idle,3.7062,0.024700
idle,3.1950,0.018100
idle,2.8395,0.021300
idle,2.7429,0.016300
idle,2.6675,0.016700
idle,2.9587,0.018300
idle,2.6443,0.017100
idle,2.5534,0.022500
idle,3.0218,0.017400
idle,2.5971,0.016000
idle,2.4802,0.023900
idle,2.9408,0.015200
idle,2.7476,0.019000
idle,3.3786,0.016500
idle,2.5791,0.018100
idle,3.1404,0.024500
idle,3.2873,0.021700
idle,9.5198,0.025200
idle,5.0753,0.033600
idle,3.8967,0.021900
idle,2.6935,0.019200
idle,3.9925,0.023000
idle,3.7791,0.026300
idle,3.5281,0.020900
idle,3.2447,0.022300
idle,3.1254,0.032600
idle,3.0319,0.018200
idle,2.8641,0.032900
idle,4.7359,0.020900
idle,3.2111,0.018300
idle,2.5930,0.016600
idle,2.8444,0.019200
idle,2.9480,0.018300
idle,3.7149,0.024700
idle,3.3782,0.022300
idle,2.9018,0.024400
idle,3.3776,0.017100
idle,3.1011,0.021800
idle,3.1351,0.023300
idle,2.7934,0.016900
idle,2.8821,0.021500
idle,3.2407,0.017000
idle,3.7982,0.021700
idle,2.9108,0.015800
idle,3.4987,0.030700
idle,4.2468,0.025800
idle,3.0741,0.040700
idle,2.7587,0.015200
idle,2.2949,0.017400
idle,2.8777,0.018900
idle,4.2049,0.023400
idle,3.9597,0.017000
idle,2.7256,0.015600
idle,5.2187,0.018500
idle,4.1541,0.024600
idle,3.0881,0.019000
idle,2.8735,0.022300
idle,3.5437,0.018100
idle,2.7467,0.033400
idle,3.2551,0.019000
idle,3.1067,0.021300
idle,3.1881,0.017900
idle,3.1812,0.017100
idle,3.3039,0.028700
idle,3.5264,0.023900
idle,3.2838,0.020300
idle,4.9639,0.027900
idle,5.4560,0.026700
idle,3.4662,0.024900
idle,4.5329,0.044900
idle,4.8640,0.020800
idle,4.1204,0.025200
idle,3.5024,0.022000
idle,3.2771,0.020600
idle,2.8536,0.021100
idle,3.3651,0.020700
idle,3.3050,0.021400
idle,8.3473,0.028600
idle,4.7682,0.021900
idle,3.2533,0.025500
idle,3.7950,0.038400
idle,3.2478,0.057500
idle,3.6315,0.040600
idle,3.3503,0.019500
idle,3.1876,0.016600
idle,2.8160,0.013800
idle,3.0949,0.018600
idle,2.9247,0.020200
idle,3.1183,0.017200
idle,2.8103,0.018000
idle,2.9839,0.024500
idle,3.5790,0.018200
idle,2.7124,0.019900
idle,2.9811,0.019300
idle,2.9854,0.024200
idle,2.9046,0.023300
idle,3.0001,0.015000
idle,2.5479,0.023300
idle,3.3539,0.024500
idle,2.9174,0.018600
idle,3.1231,0.026600
idle,3.5838,0.018200
idle,2.7160,0.017100
idle,2.7274,0.019300
idle,9.6806,0.028800
idle,5.0329,0.021800
idle,3.3771,0.028200
idle,3.1604,0.015500
idle,3.1451,0.022400
idle,3.2593,0.018000
idle,2.7170,0.020700
idle,3.6027,0.017500
idle,2.7374,0.019600
idle,2.7988,0.017600
idle,2.7798,0.016700
idle,3.5139,0.024900
idle,3.4606,0.017400
idle,2.7549,0.018900
idle,2.8751,0.017600
idle,2.6831,0.017000
idle,3.0147,0.024400
idle,2.8197,0.016600
idle,2.6039,0.015300
idle,2.3822,0.023100
idle,2.5597,0.013800
idle,2.8214,0.021500
idle,3.8358,0.016000
idle,3.2615,0.017700
idle,3.7770,0.027100
idle,3.5412,0.020600
idle,3.5202,0.017900
idle,3.1099,0.016300
idle,2.7775,0.020400
idle,2.6938,0.016800
idle,2.9200,0.019500
idle,2.8738,0.016600
idle,3.9565,0.029400
idle,3.1682,0.020700
idle,3.3651,0.017200
idle,2.7427,0.015900
idle,3.3831,0.023700
idle,3.4951,0.018200
idle,3.0981,0.017600
idle,2.4772,0.016900
idle,2.4954,0.022300
idle,2.8143,0.018300
idle,2.8218,0.019500
idle,3.0732,0.029800
idle,3.4658,0.017600
idle,2.9666,0.021700
idle,3.2872,0.019000
idle,3.6668,0.029000
idle,3.3790,0.020600
idle,3.0218,0.018200
idle,3.0138,0.019600
idle,2.5617,0.018700
idle,3.3103,0.037200
idle,3.2317,0.017700
idle,3.2335,0.022200
idle,2.8220,0.016500
idle,3.2219,0.019900
idle,3.6179,0.026700
idle,2.9950,0.020600
idle,3.0692,0.018400
idle,2.9325,0.023100
idle,3.2136,0.023000
idle,3.3189,0.017000
idle,3.0702,0.024800
idle,2.8894,0.019700
idle,2.8732,0.019100
idle,3.5789,0.021000
idle,3.1249,0.026300
idle,2.7535,0.017200
idle,2.6073,0.017400
idle,2.6689,0.023500
idle,2.5792,0.016500
idle,3.9747,0.026300
idle,3.8372,0.028100
idle,4.0843,0.025300
idle,3.4607,0.021900
idle,3.4616,0.019500
idle,2.8555,0.019600
idle,3.3246,0.021800
idle,2.8349,0.017100
idle,2.8821,0.023200
idle,4.1689,0.019100
idle,3.4256,0.021300
idle,3.3681,0.017900
idle,3.2508,0.021700
idle,3.0196,0.020700
idle,3.1466,0.021700
idle,3.4198,0.020300
idle,3.6080,0.023400
idle,3.0490,0.017500
idle,3.3989,0.041000
idle,3.8880,0.021400
idle,2.8575,0.018100
idle,2.8931,0.019200
idle,2.6261,0.017000
idle,2.9869,0.024700
idle,3.2280,0.016300
idle,2.7617,0.021000
idle,2.9991,0.017100
idle,2.4652,0.015800
idle,3.2728,0.020200
idle,2.8521,0.018200
idle,2.6362,0.022200
idle,3.3521,0.015300
idle,2.4504,0.016200
idle,2.7577,0.029900
idle,3.3014,0.025300
idle,3.2425,0.024400
idle,3.3559,0.016500
idle,3.0945,0.017800
idle,3.1960,0.016300
idle,2.8262,0.021000
idle,3.5233,0.027400
idle,3.0395,0.020500
idle,2.9208,0.017800
idle,2.6649,0.022300
idle,3.5073,0.027500
idle,3.3131,0.024500
idle,2.8896,0.018800
idle,2.4725,0.021700
idle,2.8440,0.022200
idle,3.0564,0.018100
idle,2.4028,0.016300
idle,3.0050,0.031300
idle,2.7115,0.015800
idle,2.4442,0.015500
idle,2.6501,0.018700
idle,2.7394,0.014500
idle,3.1591,0.024700
idle,2.8270,0.016100
idle,2.5834,0.016700
idle,2.7196,0.021700
idle,2.2295,0.016200
idle,2.3654,0.023000
idle,3.4511,0.025100
idle,2.6728,0.016000
idle,3.0237,0.015600
idle,2.5647,0.026200
idle,5.1008,0.024900
idle,3.6565,0.042600
idle,3.6404,0.019800
idle,3.2010,0.020500
idle,4.6604,0.023300
idle,4.6529,0.023900
idle,3.9856,0.056100
idle,6.6108,0.032400
idle,6.5211,0.037700
idle,6.9440,0.036000
idle,6.4116,0.035300
idle,6.6817,0.036900
idle,6.0167,0.036200
idle,5.4439,0.040600
idle,4.4698,0.029100
idle,4.8141,0.040300
idle,7.1908,0.036800
idle,7.3469,0.030400
idle,5.7053,0.029000
idle,4.6501,0.054000
idle,5.0535,0.038400
idle,4.2988,0.037100
idle,5.2009,0.030600
idle,4.7443,0.032700
idle,4.0229,0.030500
idle,4.1653,0.039000
idle,5.0018,0.022700
idle,3.9657,0.026500
idle,4.7683,0.028000
idle,3.9178,0.023700
idle,4.0962,0.028700
idle,4.0495,0.022500
idle,3.3915,0.023900
idle,3.4430,0.025400
idle,3.8077,0.028000
idle,3.8599,0.032500
idle,4.6092,0.024800
idle,3.7291,0.026900
idle,4.3940,0.043800
idle,3.4641,0.027000
idle,3.9406,0.030100
idle,3.9489,0.020700
idle,3.6122,0.029800
idle,3.5827,0.074200
idle,3.6879,0.041100
idle,4.8473,0.030400
idle,4.5359,0.024600
idle,3.5216,0.021700
idle,2.9509,0.019600
idle,2.6881,0.031800
idle,3.1106,0.023200
idle,3.4381,0.022100
idle,2.8919,0.024700
idle,4.3619,0.030700
idle,3.5897,0.021800
idle,3.4914,0.019000
idle,3.4395,0.021600
idle,3.2929,0.032800
idle,4.9844,0.028800
idle,5.1350,0.055100
idle,17.1192,0.220300
idle,12.1644,0.043600
idle,10.4460,0.044400
idle,9.9079,0.048300
idle,6.4301,0.029900
idle,7.7611,0.046700
idle,7.1945,0.046400
idle,4.8400,0.025300
idle,3.6518,0.022500
idle,3.0996,0.035300
idle,3.2631,0.028500
idle,3.0498,0.018300
idle,3.5627,0.033100
idle,3.4179,0.022300
idle,3.3543,0.032100
idle,2.8936,0.019100
idle,3.3766,0.026700
idle,5.7478,0.052800
idle,7.3037,0.042000
idle,4.9830,0.030200
idle,5.9972,0.031200
idle,4.8776,0.038800
idle,4.5574,0.030700
idle,4.7681,0.026600
idle,4.0491,0.031000
idle,3.2131,0.021000
idle,4.0044,0.033600
idle,4.0859,0.024600
idle,3.6671,0.030000
idle,4.3277,0.027800
idle,5.5322,0.039800
idle,4.7113,0.028500
idle,3.9234,0.026300
idle,4.0798,0.026300
idle,4.8606,0.041000
idle,5.1555,0.039200
idle,3.6429,0.025400
idle,4.1557,0.040900
idle,3.9898,0.027000
idle,3.8036,0.023500
idle,4.5791,0.039300
idle,4.2494,0.068800
idle,4.0046,0.043200
idle,4.5809,0.048400
idle,4.6667,0.025100
idle,4.2109,0.025400
idle,3.5027,0.028500
idle,3.4217,0.030800
idle,4.4426,0.026200
idle,4.5193,0.030000
idle,5.5186,0.035800
idle,3.8973,0.030500
idle,4.1990,0.022200
idle,2.8862,0.019500
idle,4.4704,0.038000
idle,4.1688,0.028500
idle,3.7475,0.020700
idle,3.4042,0.026800
idle,4.5532,0.029400
idle,4.1189,0.021100
idle,2.8970,0.025700
idle,3.5486,0.031200
idle,3.5746,0.020800
idle,4.8066,0.025900
idle,2.9607,0.025000
idle,3.2071,0.028600
idle,4.3819,0.022900
idle,3.5128,0.020100
idle,3.0959,0.019300
idle,3.0708,0.019900
idle,2.6667,0.036300
idle,4.6054,0.029300
idle,6.1878,0.027300
idle,3.6881,0.035000
idle,3.3779,0.028100
idle,6.1372,0.029800
idle,4.2985,0.039200
idle,4.3705,0.023200
idle,4.0306,0.035500
idle,4.4969,0.021800
idle,3.9095,0.020900
idle,3.1638,0.026300
idle,5.0373,0.024000
idle,3.4803,0.023100
idle,4.1925,0.023400
idle,3.4190,0.047300
idle,5.4553,0.030300
idle,5.4254,0.031400
idle,5.9403,0.038900
idle,6.5393,0.030400
idle,3.7250,0.031200
idle,5.3729,0.023200
idle,3.5669,0.021800
idle,3.4790,0.019600
idle,3.4309,0.020400
idle,2.9365,0.020700
idle,4.6078,0.025900
idle,3.9815,0.036400
idle,3.7994,0.024200
idle,3.3153,0.038100
idle,6.0863,0.025400
idle,4.1496,0.026100
idle,3.3933,0.026100
idle,4.1459,0.050800
idle,4.3214,0.037500
idle,4.2706,0.020400
idle,4.4112,0.022900
idle,4.9476,0.038300
idle,4.0744,0.022500
idle,3.4918,0.021100
idle,3.1557,0.025700
idle,5.4038,0.034600
idle,4.0183,0.034300
idle,4.6952,0.033200
idle,4.2327,0.058100
idle,3.9857,0.020700
idle,3.7533,0.019400
idle,3.7679,0.033300
idle,6.0678,0.023400
idle,3.2811,0.024100
idle,3.7720,0.021100
idle,4.7001,0.032500
idle,3.5790,0.029500
idle,3.2804,0.022500
idle,2.6564,0.016800
idle,3.9432,0.021000
idle,6.2814,0.030700
idle,3.7835,0.025400
idle,3.1580,0.021000
idle,3.5864,0.041000
idle,3.9077,0.022400
idle,2.9307,0.020600
idle,4.0807,0.022100
idle,2.9000,0.024600
idle,5.2255,0.022500
idle,3.4157,0.030100
idle,3.6860,0.021600
idle,4.2481,0.023500
idle,3.8288,0.022700
idle,4.1295,0.024100
idle,3.2118,0.018100
idle,3.6255,0.026400
idle,4.2745,0.032400
idle,3.9982,0.022300
idle,4.3020,0.021700
idle,3.0408,0.021700
idle,5.5925,0.028900
idle,5.0239,0.036100
idle,4.6691,0.028300
idle,5.4211,0.059600
idle,7.1305,0.032600
idle,6.2593,0.034800
idle,5.8629,0.027800
idle,7.6757,0.035300
idle,7.6767,0.032900
idle,6.3068,0.029300
idle,5.3690,0.030400
idle,6.4957,0.028800
idle,4.0644,0.025500
idle,4.6997,0.030500
idle,5.2617,0.033700
idle,4.6093,0.025700
idle,4.6966,0.027900
idle,4.9376,0.045100
idle,4.3806,0.036100
idle,4.8188,0.027100
idle,5.4469,0.040900
idle,4.4874,0.029100
idle,4.0046,0.022600
idle,4.6982,0.041900
idle,5.4207,0.032400
idle,4.2200,0.035800
idle,5.7023,0.028600
idle,6.4249,0.059800
idle,5.3053,0.037100
idle,3.6330,0.026000
idle,4.5759,0.040900
idle,4.0897,0.053300
idle,5.4284,0.022900
idle,4.6384,0.025700
idle,4.1245,0.043400
idle,4.0219,0.029700
idle,4.6340,0.029100
idle,4.5016,0.099100
idle,6.2767,0.027600
idle,4.8347,0.024300
idle,3.5456,0.026200
idle,3.6256,0.021200
idle,3.7906,0.032200
idle,4.2601,0.025000
idle,4.0485,0.022700
idle,3.4301,0.021400
idle,4.0592,0.023700
idle,3.3263,0.028300
idle,4.4436,0.027100
idle,4.5570,0.040600
idle,4.4518,0.034300
idle,4.4784,0.024600
idle,3.8181,0.047200
idle,4.9555,0.021200
idle,3.8185,0.022200
idle,3.2730,0.027200
idle,3.6629,0.020300
idle,3.0272,0.019300
idle,3.7477,0.024400
idle,3.5580,0.025200
idle,4.1471,0.024600
idle,3.8258,0.022900
idle,4.2642,0.022200
idle,4.2343,0.032200
idle,4.2124,0.027700
idle,4.6564,0.046400
idle,3.4053,0.021100
idle,3.9928,0.018500
idle,3.1538,0.029900
idle,4.1008,0.034000
idle,4.2234,0.024400
idle,3.8727,0.022800
idle,3.4503,0.028900
idle,3.6723,0.020600
idle,3.9100,0.035400
idle,3.1580,0.020300
idle,3.6210,0.071700
idle,4.2504,0.029700
idle,3.4037,0.022300
idle,2.9204,0.028900
idle,2.9885,0.024600
idle,3.3007,0.018000
idle,3.4542,0.022300
idle,3.4369,0.023000
idle,3.4980,0.031500
idle,3.2593,0.023100
idle,3.2546,0.024500
idle,3.0027,0.018900
idle,3.0326,0.041300
idle,4.3797,0.033900
idle,3.4780,0.022700
idle,3.0957,0.032000
idle,3.1751,0.023800
idle,3.5767,0.018400
idle,3.3778,0.030700
idle,3.4470,0.019600
idle,2.8332,0.025700
idle,4.3830,0.074600
idle,3.9278,0.029700
idle,3.6026,0.023700
idle,3.5056,0.024000
idle,3.5600,0.036900
idle,3.4720,0.025100
idle,3.1605,0.021700
idle,3.5189,0.030000
idle,3.3889,0.022600
idle,2.8626,0.030000
idle,3.4894,0.020200
idle,2.8779,0.021500
idle,3.3692,0.020000
idle,3.1066,0.018900
idle,3.3937,0.018400
idle,3.1340,0.019100
idle,2.9659,0.018600
idle,2.6570,0.020500
idle,3.0164,0.021400
idle,3.4919,0.022600
idle,2.9366,0.034500
idle,3.5964,0.018900
idle,3.0205,0.020000
idle,3.2116,0.018800
idle,2.7633,0.020200
idle,3.5157,0.032100
idle,3.5409,0.022000
idle,3.7684,0.031300
idle,3.4158,0.018800
idle,3.3253,0.028000
idle,4.0648,0.034900
idle,3.9586,0.026100
idle,2.9138,0.020600
idle,3.9257,0.023200
idle,3.2035,0.024000
idle,3.3435,0.031600
idle,3.1963,0.027400
idle,4.7466,0.023900
idle,3.3158,0.021900
idle,4.6028,0.030100
idle,3.8626,0.022800
idle,3.2079,0.020700
idle,3.9231,0.031900
idle,3.5665,0.024300
idle,4.3913,0.025100
idle,3.1689,0.021700
idle,3.5381,0.021100
idle,2.8485,0.020100
idle,3.4014,0.030100
idle,4.9948,0.053200
idle,4.2156,0.024600
idle,3.4368,0.025400
idle,4.0865,0.020900
idle,3.3441,0.036700
idle,3.7848,0.021800
idle,3.8875,0.020600
idle,3.0196,0.025900
idle,4.1168,0.021400
idle,4.0111,0.022800
idle,3.9328,0.040000
idle,3.1251,0.024000
idle,4.7010,0.043300
idle,3.7956,0.060800
idle,4.5979,0.022800
idle,3.8046,0.022300
idle,4.0242,0.023700
idle,3.6759,0.023100
idle,3.1999,0.018900
idle,3.8938,0.027200
idle,3.2960,0.022900
idle,3.7223,0.025300
idle,3.4690,0.040200
idle,3.2074,0.019500
idle,3.0015,0.022500
idle,3.6201,0.067500
idle,3.0890,0.019600
idle,4.2838,0.022000
idle,3.9588,0.025500
idle,4.9319,0.026400
idle,3.9622,0.027400
idle,3.6523,0.025400
idle,4.1670,0.029000
idle,3.1469,0.023800
idle,4.1585,0.033500
idle,3.1873,0.017800
idle,3.4625,0.026200
idle,4.0526,0.030300
idle,3.4040,0.022000
idle,2.9683,0.023300
idle,3.6955,0.019600
idle,3.2511,0.033200
idle,4.9880,0.026200
idle,3.9729,0.023600
idle,3.4062,0.024400
idle,3.6613,0.026800
idle,3.5793,0.039800
idle,3.7469,0.022300
idle,3.8434,0.021800
idle,3.7015,0.025000
idle,3.6139,0.034300
idle,4.0649,0.024100
idle,3.5555,0.028700
idle,3.8037,0.035700
idle,3.6972,0.029000
idle,4.6455,0.022300
idle,4.2473,0.031500
idle,4.7289,0.039300
idle,5.0989,0.028500
idle,3.9257,0.024300
idle,3.4692,0.025100
idle,4.6846,0.028800
idle,4.1132,0.031700
idle,5.0290,0.023800
idle,4.0425,0.043300
idle,3.1045,0.024600
idle,4.6134,0.024700
idle,4.5037,0.036800
idle,4.8481,0.029200
idle,4.8581,0.024700
idle,4.4603,0.029300
idle,4.5504,0.034000
idle,5.6005,0.035600
idle,4.0507,0.024400
idle,3.9616,0.022400
idle,4.2575,0.038200
idle,4.2715,0.036100
idle,4.9591,0.036200
idle,4.9105,0.026000
idle,3.6412,0.030800
idle,3.2845,0.023300
idle,3.5942,0.025000
idle,3.7038,0.030100
idle,3.9262,0.067100
idle,4.7784,0.032200
idle,4.6278,0.042200
idle,3.7786,0.033400
idle,4.0394,0.030300
idle,3.7508,0.037400
idle,4.1826,0.031300
idle,4.0352,0.032600
idle,3.9542,0.027900
idle,3.6734,0.033900
idle,3.6175,0.024200
idle,4.4391,0.035500
idle,4.7960,0.030700
idle,4.2372,0.025300
idle,4.3761,0.029700
idle,3.4940,0.027900
idle,3.8890,0.040100
idle,4.1322,0.047800
idle,5.0173,0.030200
idle,4.1051,0.027900
idle,3.3065,0.028000
idle,4.7637,0.029200
idle,4.3770,0.037600
idle,4.3700,0.025300
idle,4.2599,0.025600
idle,3.5592,0.035100
idle,3.0163,0.034100
idle,4.5551,0.041000
idle,4.6882,0.038000
idle,3.7643,0.033100
idle,3.4145,0.024400
idle,3.0030,0.036400
idle,3.0928,0.021600
idle,5.8091,0.028100
idle,3.6802,0.049500
idle,3.7801,0.025100
idle,2.9173,0.026000
idle,4.5602,0.033600
idle,3.2943,0.020200
idle,2.7246,0.019100
idle,2.9619,0.022700
idle,3.3954,0.022500
idle,2.7247,0.021300
idle,2.6367,0.017800
idle,2.5836,0.018200
idle,2.7450,0.019200
idle,2.5744,0.016200
idle,2.3150,0.014700
idle,2.8691,0.024600
idle,3.2606,0.017700
idle,2.6295,0.016300
idle,3.4625,0.020700
idle,3.0588,0.019100
idle,3.0540,0.026100
idle,2.8441,0.020700
idle,2.6121,0.017900
idle,3.0805,0.021200
idle,2.6404,0.017200
idle,3.0321,0.018700
idle,2.8004,0.018700
idle,2.7039,0.021200
idle,3.2396,0.017100
idle,2.9244,0.017300
idle,2.6054,0.015600
idle,2.5216,0.018300
idle,4.2495,0.060800
idle,3.5806,0.021800
idle,3.1418,0.020700
idle,2.9614,0.019200
idle,3.4808,0.020800
idle,2.9943,0.023900
idle,3.2104,0.030400
idle,3.3744,0.019000
idle,2.8100,0.023000
idle,2.8896,0.018300
idle,2.5443,0.016700
idle,3.0811,0.026700
idle,3.0404,0.020300
idle,2.5044,0.018300
idle,3.0869,0.017500
idle,2.4889,0.016300
idle,2.7587,0.023800
idle,2.6551,0.023800
idle,2.9876,0.026500
idle,3.3432,0.026800
idle,3.4046,0.024900
idle,3.1580,0.021200
idle,3.2234,0.035600
idle,2.8140,0.020900
idle,3.1497,0.019600
idle,3.5776,0.020000
idle,3.2090,0.018900
idle,3.1932,0.018100
idle,2.6972,0.018600
idle,3.2328,0.023900
idle,3.4164,0.022700
idle,3.0937,0.021400
idle,3.1631,0.021900
idle,2.7468,0.018400
idle,2.9429,0.021300
idle,2.6881,0.020100
idle,2.6706,0.022700
idle,3.1301,0.020200
idle,3.8290,0.026400
idle,3.9511,0.023200
idle,3.7600,0.022900
idle,3.0463,0.019000
idle,3.2341,0.018800
idle,2.9187,0.019500
idle,2.5822,0.015000
idle,4.1440,0.019700
idle,3.2026,0.028200
idle,2.5405,0.017300
idle,2.7146,0.017300
idle,2.9962,0.017900
idle,2.5949,0.018700
idle,2.9510,0.018000
idle,3.1050,0.032400
idle,2.7994,0.021400
idle,3.5893,0.020100
idle,3.0809,0.019500
idle,3.3931,0.022400
idle,2.9211,0.017600
idle,3.7659,0.027600
idle,3.6180,0.022300
idle,2.9407,0.026100
idle,3.5226,0.019600
idle,3.9713,0.026600
idle,3.0719,0.019900
idle,3.5926,0.024100
idle,3.2016,0.020300
idle,2.7361,0.019800
idle,2.8231,0.017400
idle,3.0297,0.020700
idle,3.2048,0.017000
idle,2.6703,0.019100
idle,3.3693,0.021600
idle,3.0933,0.021200
idle,2.7536,0.017900
idle,2.4087,0.020100
idle,2.4132,0.017600
idle,3.0763,0.016000
idle,2.6309,0.018000
idle,2.5498,0.020700
idle,3.8093,0.030800
idle,3.0465,0.018600
idle,2.8141,0.021400
idle,3.0157,0.018700
idle,2.8998,0.020900
idle,2.8886,0.016300
idle,2.8723,0.023700
idle,3.2437,0.016600
idle,2.6255,0.016200
idle,3.0409,0.016700
idle,3.0580,0.022500
idle,3.5331,0.027300
idle,3.6744,0.021300
idle,3.7273,0.023700
idle,3.9849,0.029800
idle,5.3616,0.028400
idle,4.5491,0.034800
idle,5.1895,0.031300
idle,3.6387,0.028900
idle,4.5382,0.038200
idle,3.9393,0.028400
idle,4.6530,0.035900
idle,4.3957,0.029300
idle,3.2966,0.021900
idle,3.5840,0.027900
idle,4.3617,0.030500
idle,4.1377,0.023700
idle,3.4119,0.037900
idle,4.3651,0.041500
idle,4.2112,0.021700
idle,3.0853,0.021500
idle,3.1480,0.024500
idle,3.5514,0.021500
idle,3.1535,0.033300
idle,4.1271,0.020800
idle,3.3643,0.026600
idle,3.2097,0.018700
idle,2.6152,0.016000
idle,2.9621,0.018000
idle,2.7075,0.024900
idle,3.1123,0.018200
idle,3.2795,0.023300
idle,2.8007,0.021500
idle,3.1102,0.018400
idle,3.3974,0.062700
idle,3.4811,0.018500
idle,3.5187,0.030000
idle,4.0299,0.039800
idle,3.7082,0.027400
idle,3.7972,0.026800
idle,3.7444,0.022000
idle,3.3097,0.019300
idle,5.9064,0.064600
idle,5.5632,0.028000
idle,4.5974,0.039200
idle,5.7988,0.039100
idle,5.8676,0.034700
idle,4.7529,0.032800
idle,5.6700,0.029800
idle,4.9121,0.036400
idle,6.6621,0.043000
idle,10.0359,0.044700
idle,6.8934,0.035200
idle,6.3516,0.048400
idle,6.8104,0.040800
idle,6.2291,0.043600
idle,4.8314,0.028800
idle,6.1268,0.026100
idle,4.3687,0.031800
idle,4.7067,0.031200
idle,5.7329,0.030500
idle,6.0120,0.037700
idle,5.6167,0.029200
idle,4.8698,0.035700
idle,4.6511,0.031000
idle,6.6539,0.032600
idle,6.0542,0.044700
idle,5.8812,0.030500
idle,5.7045,0.026100
idle,6.0395,0.045000
idle,4.8578,0.035400
idle,5.7492,0.034400
idle,6.8525,0.035300
idle,5.0845,0.042800
idle,7.0757,0.046000
idle,8.4818,0.047100
idle,6.3970,0.032200
idle,8.7996,0.059300
idle,10.7921,0.043300
idle,7.9236,0.073200
idle,8.8892,0.036300
idle,11.0060,0.071400
idle,12.4987,0.047200
idle,10.7022,0.055100
idle,11.2161,0.039600
idle,7.3690,0.042700
idle,5.6750,0.030600
idle,4.6005,0.037800
idle,4.0641,0.027500
idle,3.8008,0.037900
idle,3.6893,0.020000
idle,2.7506,0.024300
idle,3.7098,0.033100
idle,3.4724,0.020500
idle,2.9869,0.018700
idle,3.1268,0.022000
idle,3.7212,0.031900
idle,3.8515,0.022700
idle,4.6157,0.031600
idle,3.7953,0.033800
idle,3.6389,0.023000
idle,3.2884,0.028200
idle,3.2426,0.019600
idle,2.8127,0.024100
idle,3.2961,0.022200
idle,3.3759,0.027200
idle,4.3319,0.037100
idle,3.9609,0.022100
idle,3.3877,0.021500
idle,3.2698,0.022300
idle,2.8843,0.018000
idle,3.1140,0.035300
idle,3.2984,0.030300
idle,3.8654,0.028500
idle,3.4668,0.022800
idle,4.1605,0.032700
idle,3.9381,0.030900
idle,3.7286,0.045200
idle,4.0837,0.033000
idle,4.3878,0.031900
idle,3.8107,0.058600
idle,4.8648,0.027800
idle,4.5540,0.053200
idle,4.3994,0.030200
idle,4.0952,0.030700
idle,4.2699,0.028500
idle,3.7617,0.032100
idle,4.0021,0.028300
idle,3.8298,0.027000
idle,3.6806,0.029400
idle,3.8019,0.034700
idle,4.5167,0.058600
idle,4.9842,0.051000
idle,3.9863,0.031000
idle,4.9783,0.041100
idle,4.5429,0.026700
idle,3.5974,0.028500
idle,4.5552,0.046400
idle,3.6397,0.023200
idle,3.5815,0.020100
idle,3.5178,0.027800
idle,3.6121,0.023400
idle,4.5844,0.027500
idle,4.0125,0.062400
idle,3.7418,0.021700
idle,3.8842,0.025800
idle,4.3002,0.030900
idle,5.4780,0.030400
idle,4.9423,0.023600
idle,4.4893,0.035900
idle,4.1501,0.042700
idle,4.2233,0.025200
idle,3.2774,0.040000
idle,3.8546,0.022100
idle,3.7141,0.025500
idle,3.4752,0.031500
idle,3.9975,0.020900
idle,3.9613,0.024700
idle,3.8647,0.021600
idle,3.2934,0.030900
idle,3.9274,0.028200
idle,3.9143,0.027800
idle,3.8690,0.024700
idle,3.8300,0.021100
idle,3.2029,0.025000
idle,5.0003,0.023600
idle,3.4218,0.020500
idle,3.6808,0.022600
idle,2.9385,0.020600
idle,3.1996,0.020800
idle,3.9289,0.023700
idle,4.0603,0.026700
idle,3.1169,0.034600
idle,3.3815,0.033600
idle,3.2930,0.026500
idle,4.7239,0.032600
idle,3.9348,0.060000
idle,4.4070,0.026700
idle,5.0110,0.025000
idle,4.3130,0.031400
idle,3.7107,0.023100
idle,3.7192,0.033700
idle,4.2804,0.022500
idle,4.4678,0.033800
idle,3.6691,0.030300
idle,5.1349,0.025800
idle,3.8685,0.033400
idle,3.5412,0.026900
idle,3.2771,0.040300
idle,3.9997,0.026400
idle,4.0352,0.042500
idle,3.5022,0.026500
idle,3.5636,0.022300
idle,3.2680,0.021700
idle,4.2981,0.023400
idle,3.3919,0.023100
idle,3.1638,0.017500
idle,2.6350,0.023700
idle,3.0448,0.018100
idle,3.4159,0.019900
idle,4.0393,0.027500
idle,3.4172,0.022300
idle,3.2070,0.028800
idle,2.9878,0.021000
idle,3.1892,0.019400
idle,3.2595,0.022900
idle,3.0125,0.017700
idle,2.9724,0.019400
idle,3.8779,0.027900
idle,3.4644,0.022000
idle,3.2070,0.023100
idle,4.4464,0.021900
idle,3.5802,0.024400
idle,3.2028,0.018600
idle,3.7860,0.022300
idle,2.9676,0.021900
idle,3.2530,0.019700
idle,2.7377,0.018800
idle,2.6579,0.021200
idle,3.3152,0.018800
idle,2.6364,0.016000
idle,3.7634,0.026200
idle,3.4118,0.019100
idle,3.8412,0.022800
idle,3.1268,0.018600
idle,3.2165,0.020700
idle,3.0049,0.019100
idle,3.2842,0.018600
idle,3.0429,0.022300
idle,3.1590,0.043200
idle,3.4606,0.021200
idle,3.0417,0.021200
idle,3.7937,0.030300
idle,3.3389,0.028200
idle,6.3479,0.038100
idle,4.5708,0.034900
idle,4.0476,0.042900
idle,3.9404,0.023200
idle,3.9213,0.021100
idle,3.0645,0.022500
idle,3.4433,0.018800
idle,2.6924,0.020800
idle,2.8404,0.020200
idle,2.9007,0.020400
idle,2.9643,0.021200
idle,3.2570,0.020300
idle,3.0022,0.018300
idle,3.1087,0.021100
idle,3.9597,0.020000
idle,3.6616,0.028000
idle,2.8967,0.016800
idle,2.6896,0.018800
idle,3.5357,0.017600
idle,7.0550,0.024100
idle,4.1791,0.022200
idle,3.0064,0.018800
idle,3.2819,0.025300
idle,3.4612,0.024000
idle,3.1133,0.020600
idle,3.4047,0.021000
idle,3.3913,0.031400
idle,3.4066,0.020600
idle,3.6578,0.019400
idle,2.9643,0.024100
idle,2.9128,0.017200
idle,3.9801,0.023900
idle,3.5734,0.035000
idle,4.3103,0.030800
idle,4.0197,0.022200
idle,3.5319,0.031200
idle,3.7954,0.036300
idle,3.2926,0.027700
idle,3.8505,0.021700
idle,3.0695,0.017100
idle,3.7490,0.021800
idle,2.9188,0.023600
idle,3.5394,0.022200
idle,3.6206,0.022300
idle,3.7504,0.019500
idle,2.7808,0.018800
idle,4.8516,0.028900
idle,5.2795,0.038000
idle,5.4626,0.027000
idle,5.2934,0.025000
idle,3.6161,0.023600
idle,4.2629,0.035800
idle,4.9465,0.031000
idle,4.0171,0.027100
idle,3.9441,0.026500
idle,4.3402,0.022000
idle,4.5080,0.032200
idle,4.4512,0.024300
idle,4.3187,0.031900
idle,4.0874,0.036900
idle,3.6888,0.043800
idle,3.2280,0.021000
idle,6.1789,0.023600
idle,4.3508,0.045600
idle,4.0880,0.045100
idle,4.6895,0.025000
idle,4.0048,0.023200
idle,3.6856,0.033400
idle,4.2878,0.029000
idle,3.8709,0.022900
idle,4.1712,0.026000
idle,3.2680,0.022000
idle,4.0491,0.025300
idle,3.5493,0.021000
idle,3.8106,0.020000
idle,3.5457,0.041100
idle,4.6915,0.031100
idle,5.1342,0.027700
idle,4.1833,0.023300
idle,3.4073,0.036600
idle,3.7845,0.024000
idle,4.5412,0.020600
idle,3.6317,0.022300
idle,3.5809,0.025000
idle,3.4790,0.019400
idle,2.8019,0.018600
idle,3.2196,0.022400
idle,3.1864,0.017200
idle,3.6592,0.041100
idle,3.7317,0.025000
idle,3.7157,0.022100
idle,3.0544,0.019600
idle,3.4756,0.035000
idle,3.4992,0.024000
idle,3.0078,0.025800
idle,3.1918,0.018900
idle,3.2148,0.030400
idle,3.7971,0.020700
idle,2.9597,0.022900
idle,3.8580,0.024000
idle,2.8432,0.023700
idle,3.4098,0.021800
idle,2.7923,0.017100
idle,4.4378,0.025500
idle,3.4141,0.033200
idle,4.1996,0.021800
idle,3.2285,0.021200
idle,3.3600,0.018600
idle,3.0558,0.019800
idle,3.0909,0.019900
idle,2.8747,0.021900
idle,3.9366,0.020300
idle,3.4807,0.059100
idle,3.4808,0.019500
idle,2.9190,0.019600
idle,3.6255,0.029900
idle,3.5394,0.021000
idle,3.1288,0.019900
idle,2.8734,0.017100
idle,3.2129,0.022000
idle,2.9754,0.017300
idle,3.1351,0.028000
idle,3.3104,0.019000
idle,3.4156,0.020500
idle,3.5451,0.034100
idle,3.5871,0.028800
idle,4.4855,0.029700
idle,4.6009,0.041900
idle,3.1078,0.020300
idle,3.1590,0.021900
idle,3.0642,0.021700
idle,3.6463,0.027800
idle,3.7604,0.025500
idle,3.2718,0.022600
idle,3.2910,0.019100
idle,3.9697,0.027600
idle,2.9604,0.018800
idle,3.4219,0.027500
idle,3.6140,0.020600
idle,4.0710,0.028300
idle,3.5689,0.024400
idle,4.0376,0.023600
idle,3.2183,0.022200
idle,3.4530,0.031200
idle,3.0868,0.019400
idle,4.0852,0.028700
idle,3.1955,0.026600
idle,3.7526,0.022000
idle,3.1266,0.021400
idle,3.2360,0.026800
idle,2.6408,0.018400
idle,2.9677,0.025600
idle,3.3854,0.020300
idle,3.2860,0.022900
idle,3.0560,0.019800
idle,2.5157,0.017100
idle,3.1274,0.021700
idle,2.8686,0.016600
idle,3.0085,0.025300
idle,2.8800,0.019400
idle,2.5436,0.027800
idle,3.5847,0.021700
idle,2.4784,0.019700
idle,3.5713,0.027100
idle,4.8767,0.032700
idle,3.2429,0.020100
idle,4.3179,0.040900
idle,4.6401,0.034000
idle,5.4142,0.029100
idle,5.1579,0.036700
idle,4.3187,0.060300
idle,3.6343,0.021500
idle,3.3185,0.027500
idle,4.1820,0.025300
idle,3.9271,0.028400
idle,4.5602,0.026500
idle,4.3049,0.023100
idle,3.9363,0.024800
idle,3.4557,0.023400
idle,3.9366,0.037400
idle,4.3264,0.031900
idle,4.8696,0.040000
idle,4.6929,0.060400
idle,4.5199,0.026600
idle,4.7211,0.029600
idle,4.1759,0.044700
idle,4.4200,0.023700
idle,3.9146,0.023500
idle,3.2582,0.019200
idle,2.6986,0.026700
idle,3.2896,0.023600
idle,2.8043,0.023300
idle,13.5075,0.029500
idle,5.6688,0.023600
idle,4.2230,0.023500
idle,3.3721,0.024000
idle,3.6849,0.022700
idle,3.2386,0.022000
idle,4.2945,0.034900
idle,3.7315,0.036600
idle,3.8048,0.020800
idle,2.8218,0.036300
idle,3.0149,0.017800
idle,2.6733,0.020400
idle,2.9046,0.020900
idle,3.3083,0.021400
idle,3.0580,0.021400
idle,3.3124,0.027900
idle,3.2296,0.024700
idle,2.9693,0.020300
idle,2.6096,0.016700
idle,3.1759,0.018400
idle,2.8333,0.024400
idle,4.0365,0.024400
idle,3.2327,0.021700
idle,3.1107,0.022700
idle,2.8294,0.023700
idle,3.0158,0.057700
idle,3.6028,0.019400
idle,2.7300,0.019000
idle,3.4602,0.029600
idle,3.2812,0.021200
idle,3.1131,0.023600
idle,2.8048,0.019000
idle,2.9707,0.018900
idle,2.9860,0.018200
idle,2.6817,0.018600
idle,4.8445,0.028600
idle,4.1202,0.024200
idle,4.4475,0.036000
idle,3.7649,0.023400
idle,3.4454,0.025800
idle,3.9331,0.024000
idle,2.8289,0.023000
idle,3.5118,0.026500
idle,3.1779,0.019200
idle,2.9451,0.020400
idle,2.6888,0.023500
idle,3.5408,0.023500
idle,3.4215,0.022600
idle,5.3579,0.039500
idle,4.5430,0.054000
idle,5.5642,0.057000
idle,6.9746,0.086200
idle,6.8978,0.054500
idle,10.7948,0.045800
idle,7.0219,0.043600
idle,7.0933,0.034700
idle,6.3739,0.032200
idle,6.3217,0.042300
idle,6.6501,0.040700
idle,13.0097,0.046500
idle,10.0694,0.045800
idle,7.7635,0.044600
idle,7.3766,0.041300
idle,8.7625,0.057700
idle,7.5034,0.035100
idle,6.3881,0.040700
idle,8.1554,0.032900
idle,6.6620,0.042200
idle,5.1165,0.038500
idle,5.0008,0.028100
idle,4.7601,0.030200
idle,5.4601,0.039400
idle,4.4726,0.053800
idle,5.1285,0.035600
idle,7.2583,0.059200
idle,5.9195,0.027800
idle,4.9632,0.030300
idle,4.0781,0.027600
idle,4.9593,0.042600
idle,5.3637,0.039000
idle,4.8036,0.027200
idle,4.1783,0.044900
idle,5.5535,0.025700
idle,4.0303,0.023400
idle,3.7094,0.023500
idle,4.2567,0.030800
idle,4.6261,0.038400
idle,6.8380,0.035800
idle,5.5756,0.047100
idle,5.3266,0.028500
idle,4.1182,0.028000
idle,4.6876,0.027500
idle,3.7962,0.027500
idle,4.0097,0.029100
idle,4.4578,0.035400
idle,4.0587,0.021900
idle,3.9651,0.042700
idle,4.6556,0.025900
idle,3.4397,0.021800
idle,3.6884,0.075400
idle,5.4353,0.029300
idle,4.1903,0.029300
idle,3.9797,0.042800
idle,4.0368,0.026700
idle,5.0540,0.032300
idle,5.1975,0.027500
idle,3.8298,0.051800
idle,5.5255,0.032200
idle,4.5895,0.038600
idle,4.2888,0.027900
idle,4.5082,0.032000
idle,3.8355,0.023000
idle,3.6757,0.036200
idle,3.2982,0.024700
idle,4.0175,0.026600
idle,3.5430,0.035100
idle,4.3976,0.029700
idle,3.9230,0.030300
idle,3.9379,0.023000
idle,4.3566,0.022500
idle,3.8533,0.037700
idle,4.0504,0.024900
idle,4.3575,0.039500
idle,3.6489,0.021700
idle,3.9924,0.025600
idle,3.5321,0.024700
idle,3.5594,0.019300
idle,4.0808,0.025300
idle,5.0443,0.043200
idle,4.8175,0.038500
idle,6.2196,0.039100
idle,6.1220,0.042100
idle,6.4338,0.034200
idle,5.4896,0.031100
idle,6.0765,0.038400
idle,7.1552,0.039600
idle,6.2734,0.035900
idle,6.1512,0.034800
idle,6.9426,0.050800
idle,9.2253,0.032600
idle,6.7841,0.034300
idle,6.6922,0.034400
idle,5.2321,0.024700
idle,4.4466,0.036800
idle,5.2566,0.028500
idle,4.5615,0.031200
idle,4.7583,0.035900
idle,5.8266,0.035800
idle,5.6100,0.032000
idle,4.9512,0.031000
idle,4.1964,0.040500
idle,4.6284,0.027700
idle,3.7429,0.022700
idle,3.4172,0.029600
idle,5.0539,0.104800
idle,5.6629,0.045200
idle,6.0801,0.030100
idle,4.0456,0.032200
idle,4.4347,0.026900
idle,5.3511,0.037700
idle,6.7601,0.057600
idle,7.5235,0.048100
idle,5.6145,0.041900
idle,6.5247,0.057700
idle,4.6196,0.038700
idle,5.4036,0.026800
idle,3.9612,0.029600
idle,4.0742,0.029300
idle,4.9954,0.048900
idle,5.6409,0.053200
idle,6.1548,0.036500
idle,4.6004,0.026100
idle,4.7170,0.076800
idle,4.0067,0.029500
idle,4.0951,0.025400
idle,4.1790,0.031400
idle,3.1882,0.023000
idle,3.5758,0.027600
idle,3.5058,0.023800
idle,3.7411,0.033800
idle,4.0638,0.026500
idle,4.6426,0.054400
idle,3.7686,0.029500
idle,4.8820,0.041800
idle,4.1962,0.028000
idle,3.3452,0.020900
idle,3.6228,0.025500
idle,3.1546,0.028800
idle,3.3969,0.037500
idle,3.1996,0.023700
idle,3.2115,0.019200
idle,2.6977,0.021200
idle,3.3338,0.027000
idle,3.3297,0.023600
idle,3.7131,0.027600
idle,3.5958,0.021900
idle,4.3459,0.026300
idle,4.1205,0.027200
idle,4.4170,0.025600
idle,3.5335,0.023300
idle,4.5506,0.029200
idle,5.1621,0.052900
idle,3.9680,0.026500
idle,3.6734,0.024500
idle,4.3220,0.031500
idle,4.1183,0.042200
idle,4.0363,0.024200
idle,4.3063,0.034500
idle,4.7734,0.023400
idle,4.2663,0.023100
idle,3.4138,0.023900
idle,4.5129,0.025100
idle,3.4813,0.024000
idle,4.0429,0.022100
idle,3.4107,0.029400
idle,3.6643,0.034800
idle,4.2729,0.027500
idle,3.4946,0.025400
idle,3.2814,0.032800
idle,3.6478,0.023600
idle,3.4304,0.030600
idle,3.8535,0.021900
idle,4.0201,0.027600
idle,3.6551,0.023500
idle,4.9829,0.025100
idle,3.0272,0.024800
idle,4.1288,0.025500
idle,3.7144,0.027400
idle,3.8113,0.026300
idle,3.6445,0.034200
idle,5.5202,0.034700
idle,12.6739,0.065700
idle,6.9947,0.032400
idle,5.3938,0.030300
idle,4.6599,0.035300
idle,7.1586,0.030600
idle,6.0630,0.039900
idle,4.9684,0.037600
idle,5.7538,0.029300
idle,4.8083,0.027600
idle,5.5472,0.037900
idle,5.8494,0.036900
idle,4.9189,0.038700
idle,5.8595,0.037300
idle,5.6514,0.069100
idle,7.1381,0.042200
idle,6.7890,0.032800
idle,6.7223,0.032900
idle,6.0869,0.035600
idle,5.1653,0.058700
idle,4.8619,0.044600
idle,5.6453,0.045800
idle,4.6546,0.048700
idle,5.4764,0.043700
idle,5.8261,0.030900
idle,5.2672,0.032600
idle,5.1320,0.042300
idle,5.8983,0.029100
idle,4.8480,0.049000
idle,5.7890,0.030800
idle,5.7874,0.025200
idle,5.0162,0.037000
idle,5.1524,0.032100
idle,5.2865,0.027400
idle,4.8149,0.031000
idle,5.9036,0.036300
idle,4.8841,0.090800
idle,4.2426,0.038300
idle,5.8384,0.026100
idle,4.1111,0.034400
idle,3.7887,0.030600
idle,4.8002,0.030200
idle,4.7674,0.023100
idle,4.9492,0.028000
idle,4.2293,0.032700
idle,7.5564,0.120600
idle,5.2505,0.045300
idle,4.6662,0.027600
idle,4.1486,0.026300
idle,3.8494,0.030800
idle,4.0584,0.022300
idle,4.2923,0.030000
idle,4.6940,0.038300
idle,4.2478,0.080200
idle,3.5141,0.021800
idle,4.4722,0.041900
idle,3.4851,0.028500
idle,3.6647,0.022700
idle,4.5613,0.045300
idle,4.2575,0.022000
idle,4.3904,0.023400
idle,4.7479,0.063800
idle,4.6992,0.028900
idle,4.7214,0.066600
idle,4.8714,0.045200
idle,4.5654,0.024800
idle,5.4087,0.045600
idle,5.4077,0.026000
idle,4.1319,0.029200
idle,5.0124,0.029500
idle,4.1181,0.037100
idle,4.6770,0.039000
idle,5.2726,0.025600
idle,4.2510,0.031200
idle,4.5505,0.034200
idle,5.3203,0.025900
idle,4.3819,0.025800
idle,4.9093,0.051100
idle,4.9647,0.033300
idle,4.8432,0.027200
idle,4.7976,0.035800
idle,4.8143,0.026000
idle,5.5046,0.029600
idle,4.1987,0.073900
idle,4.2027,0.030700
idle,5.4621,0.030900
idle,6.0889,0.040600
idle,6.9970,0.028500
idle,4.4721,0.026500
idle,3.7679,0.023000
idle,4.0136,0.030200
idle,4.1778,0.048700
idle,4.7924,0.031500
idle,4.3360,0.029200
idle,3.8792,0.023200
idle,3.9183,0.027600
idle,5.4819,0.030600
idle,4.6195,0.023800
idle,4.4376,0.037500
idle,4.5895,0.037800
idle,4.3893,0.034400
idle,5.4443,0.031400
idle,5.0320,0.030400
idle,4.9068,0.050100
idle,4.9262,0.054500
idle,5.6976,0.030200
idle,4.3367,0.026300
idle,3.8845,0.023500
idle,4.1476,0.023500
idle,3.3765,0.053100
idle,3.6563,0.022900
idle,5.4929,0.055100
idle,4.8740,0.027400
idle,4.4573,0.025900
idle,4.7667,0.073100
idle,3.9882,0.032200
idle,4.1384,0.037300
idle,3.7064,0.031600
idle,4.4297,0.031700
idle,5.1378,0.025700
idle,4.2844,0.032500
idle,3.6121,0.064000
idle,3.5839,0.029600
idle,4.3433,0.024800
idle,3.7293,0.033600
idle,3.6299,0.019500
idle,4.5698,0.031200
idle,7.0463,0.104500
idle,5.5499,0.046900
idle,4.6245,0.027300
idle,3.7673,0.030200
idle,6.7261,0.038000
idle,7.5736,0.037100
idle,8.8664,0.042200
idle,8.7539,0.071400
idle,8.3620,0.052100
idle,6.1864,0.033800
idle,5.1511,0.029000
idle,5.7810,0.026300
idle,4.4594,0.025500
idle,3.4782,0.027000
idle,3.7982,0.027000
idle,3.4417,0.028200
idle,3.9040,0.024500
idle,3.1231,0.020000
idle,3.8667,0.041900
idle,5.0400,0.037100
idle,4.0907,0.022200
idle,3.5002,0.025900
idle,3.3463,0.022700
idle,3.5738,0.026000
idle,3.0580,0.022200
idle,2.9363,0.019100
idle,3.1138,0.022100
idle,2.7082,0.016400
idle,3.1802,0.018700
idle,3.7384,0.042600
idle,4.5859,0.028000
idle,3.5985,0.031100
idle,5.6058,0.026900
idle,4.3382,0.028700
idle,3.7155,0.025100
idle,5.1065,0.132900
idle,4.7968,0.040800
idle,6.3229,0.032100
idle,3.8574,0.027100
idle,4.2533,0.033200
idle,3.4609,0.021700
idle,4.5425,0.029100
idle,3.8885,0.025200
idle,4.0054,0.035100
idle,3.6100,0.024700
idle,3.3910,0.028500
idle,3.9235,0.033700
idle,4.1255,0.029800
idle,3.6141,0.025100
idle,3.8020,0.040800
idle,4.1896,0.029100
idle,3.5360,0.033200
idle,4.1139,0.024700
idle,3.6432,0.024500
idle,3.6400,0.024900
idle,3.5632,0.028600
idle,3.4535,0.038000
idle,4.3442,0.031500
idle,4.3839,0.040500
idle,4.8204,0.027400
idle,3.5520,0.022700
idle,4.3115,0.038800
idle,4.8542,0.024000
idle,4.4698,0.027300
idle,4.7201,0.032600
idle,7.5767,0.060000
idle,5.5091,0.029600
idle,7.4508,0.032100
idle,5.6652,0.040900
idle,7.9818,0.071400
idle,7.0348,0.032600
idle,10.8188,0.067500
idle,7.2718,0.042500
idle,6.6337,0.049900
idle,6.3904,0.044600
idle,5.6983,0.050900
idle,4.8882,0.032900
idle,6.0663,0.042300
idle,5.1062,0.049100
idle,5.5864,0.127200
idle,6.3509,0.042700
idle,5.2546,0.062800
idle,4.5366,0.030600
idle,3.7493,0.032200
idle,3.7511,0.036900
idle,4.2887,0.038100
idle,4.0222,0.029200
idle,3.8726,0.026300
idle,5.0146,0.122900
idle,4.6854,0.027900
idle,4.4641,0.026500
idle,3.8248,0.054400
idle,6.3455,0.033900
idle,4.8419,0.044500
idle,4.1090,0.035000
idle,4.6134,0.028200
idle,4.9783,0.052800
idle,4.8597,0.051300
idle,5.1476,0.040300
idle,4.8787,0.035900
idle,4.9410,0.064300
idle,6.2597,0.037700
idle,4.5149,0.042800
idle,4.6911,0.043700
idle,5.6329,0.073500
idle,5.5864,0.045900
idle,4.9761,0.038700
idle,6.1855,0.064400
idle,5.2773,0.026900
idle,5.1315,0.136700
idle,5.4254,0.084700
idle,4.5357,0.041100
idle,5.5244,0.136300
idle,5.0628,0.028900
idle,4.3135,0.024700
idle,5.2973,0.043900
idle,7.0966,0.028900
idle,5.9841,0.039200
idle,4.7251,0.039000
idle,5.6017,0.116700
idle,4.6545,0.023400
idle,4.3588,0.026300
idle,3.6108,0.037200
idle,5.1477,0.033300
idle,5.0102,0.026600
idle,5.1856,0.034200
idle,5.3050,0.027700
idle,4.0428,0.026300
idle,3.7039,0.023400
idle,4.1735,0.028000
idle,4.4840,0.027900
idle,4.1606,0.024500
idle,5.1552,0.028700
idle,6.3111,0.030500
idle,5.5216,0.026000
idle,5.3012,0.055000
idle,5.0334,0.038200
idle,5.8677,0.037400
idle,5.4485,0.030300
idle,5.2500,0.043600
idle,5.5261,0.027900
idle,4.9354,0.028800
idle,4.9123,0.049100
idle,4.9480,0.142700
idle,6.4822,0.080800
idle,6.4362,0.025700
idle,6.4551,0.041700
idle,6.3939,0.035500
idle,4.8345,0.032400
idle,6.4273,0.042600
idle,6.1161,0.027900
idle,5.0996,0.056700
idle,5.4886,0.026100
idle,5.4824,0.037400
idle,4.7893,0.033400
idle,4.9511,0.035100
idle,5.5810,0.026400
idle,5.8666,0.028200
idle,5.3017,0.046400
idle,5.8920,0.029300
idle,5.9049,0.041900
idle,7.5127,0.042800
idle,7.0433,0.032200
idle,6.0834,0.187600
idle,6.6530,0.035000
idle,5.3111,0.026600
idle,5.5803,0.027000
idle,5.7116,0.037200
idle,4.7754,0.036500
idle,5.2866,0.037200
idle,5.2880,0.039500
idle,4.4270,0.029300
idle,3.7607,0.027000
idle,4.6424,0.028300
idle,4.0172,0.043000
idle,5.0482,0.035500
idle,4.3914,0.038400
idle,4.3429,0.028200
idle,3.8827,0.038900
idle,5.2279,0.044200
idle,5.6378,0.038200
idle,5.1078,0.037800
idle,5.3163,0.024000
idle,4.4185,0.037200
idle,4.5732,0.029500
idle,4.8100,0.024400
idle,4.9232,0.040900
idle,4.8725,0.060700
idle,5.7110,0.026800
idle,6.7136,0.026800
idle,4.3295,0.032000
idle,3.9643,0.036100
idle,4.6293,0.032400
idle,4.9836,0.039400
idle,5.0930,0.050900
idle,4.4306,0.027900
idle,3.9875,0.034200
idle,4.2703,0.027300
idle,4.2314,0.023200
idle,6.0089,0.050100
idle,9.9693,0.035300
idle,7.6395,0.036100
idle,6.0786,0.037800
idle,5.6212,0.029400
idle,5.1895,0.032600
idle,4.9810,0.039100
idle,5.2553,0.082300
idle,5.3309,0.031700
idle,4.4747,0.031800
idle,4.4734,0.037000
idle,4.7168,0.065900
idle,4.1085,0.033800
idle,3.5001,0.023800
idle,4.4949,0.023200
idle,3.9955,0.080600
idle,4.5524,0.032300
idle,4.1963,0.024900
idle,3.8742,0.023900
idle,3.1391,0.022300
idle,3.0942,0.022100
idle,3.1700,0.039200
idle,4.2063,0.026100
idle,4.1543,0.046300
idle,4.2491,0.030100
idle,4.5760,0.033100
idle,4.2910,0.059900
idle,3.5779,0.026500
idle,3.7545,0.026700
idle,3.6034,0.023400
idle,4.9260,0.027200
idle,4.3795,0.051000
idle,5.3927,0.032200
idle,5.4666,0.050700
idle,4.5697,0.039300
idle,4.1320,0.026300
idle,4.4476,0.026000
idle,4.6465,0.029400
idle,4.1136,0.027400
idle,4.1054,0.037900
idle,4.4046,0.022100
idle,3.7785,0.020900
idle,3.3713,0.023700
idle,4.7602,0.026600
idle,5.1347,0.031400
idle,3.7285,0.032300
idle,4.5744,0.029200
idle,5.8053,0.044900
idle,7.4367,0.052500
idle,8.8206,0.068800
idle,9.0182,0.087000
idle,10.0899,0.058500
idle,8.5627,0.032700
idle,7.3547,0.057400
idle,9.7989,0.035100
idle,7.3331,0.081700
idle,8.4773,0.041600
idle,9.1110,0.049400
idle,8.3955,0.044200
idle,6.2273,0.042500
idle,6.4885,0.096400
idle,7.6290,0.041200
idle,9.9373,0.041900
idle,9.0527,0.081400
idle,11.8091,0.053000
idle,9.0863,0.034000
idle,7.7148,0.041000
idle,9.0829,0.052400
idle,7.0862,0.047500
idle,8.8764,0.037100
idle,9.5105,0.040400
idle,9.5495,0.051800
idle,9.0349,0.042200
idle,8.2485,0.074600
idle,14.8022,0.047100
idle,20.0563,0.044600
idle,8.9313,0.083700
idle,9.2688,0.088900
idle,9.2484,0.047200
idle,9.3889,0.043800
idle,12.0816,0.048200
idle,11.5234,0.057900
idle,10.4636,0.069500
idle,10.1736,0.052800
idle,12.1991,0.052600
idle,14.3498,0.042300
idle,13.4499,0.043300
idle,10.1626,0.050600
idle,14.4248,0.055700
idle,15.4328,0.375800
idle,13.7388,0.040600
idle,9.7254,0.259200
idle,12.5384,0.048400
idle,9.4501,0.050800
idle,11.2456,0.077400
idle,11.9276,0.048700
idle,13.9926,0.046400
idle,9.4854,0.044200
idle,15.0814,0.045000
idle,15.5764,0.044000
idle,7.3656,0.106300
idle,8.2158,0.072800
idle,9.8002,0.051900
idle,11.0045,0.061400
idle,10.6130,0.046700
idle,9.5200,0.042000
idle,9.1126,0.037900
idle,7.4147,0.044800
idle,7.0641,0.038300
idle,8.6009,0.031600
idle,7.4631,0.046500
idle,8.2728,0.041500
idle,7.2744,0.047100
idle,9.1207,0.044900
idle,7.6370,0.039400
idle,8.9463,0.036700
idle,8.5090,0.055800
idle,8.2714,0.040900
idle,7.3278,0.042700
idle,6.8518,0.056600
idle,8.0093,0.040200
idle,6.8921,0.045700
idle,9.1866,0.043200
idle,7.7174,0.051000
idle,7.5685,0.038700
idle,6.3880,0.030100
idle,5.4866,0.043100
idle,7.1451,0.036700
idle,5.6540,0.087900
idle,5.6541,0.033300
idle,6.6322,0.089800
idle,7.0777,0.056500
idle,8.1213,0.032700
idle,5.5988,0.033300
idle,7.7328,0.047300
idle,6.2798,0.029200
idle,7.2575,0.042300
idle,5.7251,0.035000
idle,5.2806,0.028500
idle,5.0580,0.025800
idle,4.8598,0.033000
idle,4.4635,0.025600
idle,4.9162,0.026800
idle,4.1917,0.028700
idle,5.0133,0.033400
idle,4.3255,0.050000
idle,5.2980,0.034000
idle,3.5139,0.030900
idle,4.1453,0.029600
idle,4.4569,0.023200
idle,3.4207,0.021200
idle,2.9795,0.018400
idle,3.2751,0.027000
idle,3.8469,0.021900
idle,4.1083,0.028000
idle,3.5059,0.020900
idle,3.8201,0.019900
idle,3.1214,0.018800
idle,3.4163,0.020000
idle,2.8389,0.017400
idle,3.1503,0.040100
idle,3.8823,0.021100
idle,5.4173,0.034000
idle,3.9210,0.047300
idle,2.9188,0.018600
idle,2.8686,0.019100
idle,3.6489,0.020300
idle,2.7258,0.017700
idle,2.7250,0.018200
idle,3.4287,0.032800
idle,3.2013,0.019300
idle,3.0585,0.017000
idle,2.4075,0.017500
idle,2.7114,0.018100
idle,2.5190,0.015900
idle,2.8978,0.020700
idle,3.7299,0.020300
idle,2.8454,0.024100
idle,3.1507,0.027400
idle,3.1825,0.019800
idle,2.6666,0.018500
idle,2.3816,0.019500
idle,2.7549,0.018600
idle,3.1130,0.018000
idle,2.9395,0.017700
idle,3.7891,0.023600
idle,4.0148,0.041500
idle,4.0621,0.020200
idle,3.5015,0.020200
idle,2.9016,0.037500
idle,4.8679,0.041200
idle,8.0364,0.040200
idle,8.2588,0.051000
idle,7.6190,0.063900
idle,6.7303,0.045200
idle,7.2046,0.043900
idle,6.9641,0.040800
idle,7.8563,0.088200
idle,9.5727,0.042800
idle,7.6917,0.030800
idle,6.2040,0.105500
idle,4.8235,0.043600
idle,5.0869,0.029100
idle,4.7797,0.027400
idle,6.7521,0.038600
idle,6.7074,0.034200
idle,5.0749,0.050000
idle,4.9294,0.024000
idle,3.7691,0.028400
idle,4.0937,0.039700
idle,5.0452,0.022400
idle,3.5000,0.032900
idle,4.1597,0.021100
idle,3.6727,0.030800
idle,4.3040,0.022300
idle,3.4822,0.039000
idle,3.0463,0.018400
idle,3.5998,0.023200
idle,3.3379,0.020900
idle,3.3322,0.027000
idle,3.3617,0.022600
idle,3.4902,0.026500
idle,3.2764,0.019100
idle,3.1325,0.021200
idle,3.1662,0.018500
idle,2.8397,0.033500
idle,4.3234,0.024700
idle,3.6082,0.022900
idle,3.5686,0.021700
idle,3.6483,0.035800
idle,3.7765,0.022600
idle,3.5276,0.050200
idle,4.0087,0.031200
idle,4.3922,0.025200
idle,3.8322,0.027700
idle,3.7246,0.026000
idle,3.2761,0.025900
idle,3.5850,0.034300
idle,5.0621,0.025000
idle,4.1078,0.022100
idle,3.8306,0.028200
idle,3.4895,0.020800
idle,4.2756,0.023900
idle,3.3330,0.056000
idle,4.6072,0.026800
idle,4.4705,0.026600
idle,3.5994,0.025800
idle,3.9269,0.026300
idle,3.3938,0.021700
idle,3.9152,0.046900
idle,3.3692,0.020600
idle,3.7146,0.023000
idle,4.0723,0.032200
idle,3.7849,0.027300
idle,3.9794,0.027000
idle,3.3690,0.020100
idle,3.1156,0.027100
idle,3.4521,0.020300
idle,3.2536,0.021900
idle,3.4712,0.021900
idle,3.0533,0.029500
idle,4.1713,0.024400
idle,3.3756,0.073300
idle,4.2986,0.021200
idle,3.6861,0.028300
idle,4.1423,0.022300
idle,4.0540,0.056200
idle,3.5501,0.020700
idle,3.6587,0.040200
idle,3.4286,0.030800
idle,3.4563,0.030300
idle,3.4963,0.019600
idle,3.3696,0.019900
idle,3.1622,0.017500
idle,3.4195,0.025500
idle,3.6416,0.020000
idle,3.5575,0.020200
idle,3.0369,0.019600
idle,3.5607,0.021500
idle,2.8535,0.021700
idle,3.1969,0.019900
idle,2.6610,0.018400
idle,2.7307,0.019000
idle,3.3827,0.019900
idle,2.7986,0.016500
idle,3.2739,0.023700
idle,4.2316,0.032000
idle,4.1197,0.040900
idle,4.1983,0.028500
idle,3.9017,0.022900
idle,3.6269,0.024900
idle,3.6995,0.031600
idle,5.3321,0.032200
idle,4.4960,0.036100
idle,4.3305,0.028900
idle,4.1387,0.025000
idle,4.4626,0.034000
idle,4.7659,0.036300
idle,4.2236,0.025100
idle,2.9871,0.019000
idle,3.3499,0.025000
idle,3.7593,0.025700
idle,4.2209,0.022900
idle,4.4282,0.072800
idle,4.3583,0.031100
idle,3.6242,0.027200
idle,3.8625,0.023100
idle,3.9333,0.038100
idle,5.4408,0.032600
idle,4.0785,0.025500
idle,3.7508,0.026900
idle,3.6225,0.023000
idle,4.0791,0.025500
idle,3.9353,0.028900
idle,4.9805,0.036900
idle,5.4611,0.038100
idle,5.4537,0.032600
idle,5.4162,0.039500
idle,4.3204,0.027300
idle,3.6828,0.026100
idle,3.8883,0.020900
idle,3.0945,0.023100
idle,3.4049,0.022200
idle,3.9776,0.022300
idle,3.2877,0.021300
idle,3.1926,0.036300
idle,3.9392,0.020400
idle,4.3985,0.026800
idle,3.4991,0.020900
idle,3.5949,0.021400
idle,3.0198,0.020200
idle,3.8265,0.033200
idle,3.8442,0.023400
idle,4.3726,0.029700
idle,4.5523,0.031600
idle,4.7988,0.035100
idle,5.3583,0.031500
idle,5.4513,0.031500
idle,4.8265,0.046900
idle,3.8947,0.034100
idle,3.8088,0.021400
idle,3.0356,0.020600
idle,4.6524,0.057800
idle,5.0799,0.029400
idle,3.9389,0.025100
idle,4.2958,0.028000
idle,4.1500,0.029000
idle,4.3428,0.024900
idle,3.4356,0.037600
idle,3.8634,0.023200
idle,3.5189,0.025400
idle,4.4922,0.046100
idle,4.1228,0.038300
idle,3.7029,0.023300
idle,3.6601,0.021300
idle,3.3721,0.024600
idle,3.6817,0.029000
idle,3.6991,0.021800
idle,3.2289,0.020000
idle,2.8862,0.023400
idle,3.6396,0.028000
idle,5.9038,0.026700
idle,4.8152,0.053400
idle,6.0125,0.073100
idle,7.3456,0.038900
idle,6.7505,0.032500
idle,5.2054,0.024700
idle,3.5244,0.030400
idle,4.0981,0.025100
idle,3.2559,0.020200
idle,2.8840,0.030700
idle,4.0870,0.025900
idle,4.1755,0.027100
idle,3.5685,0.022000
idle,3.2048,0.037100
idle,3.4828,0.023500
idle,3.0925,0.023800
idle,3.1107,0.037800
idle,3.9120,0.025900
idle,3.8256,0.030100
idle,3.4512,0.028100
idle,4.4376,0.020200
idle,2.9892,0.025700
idle,6.6134,0.036700
idle,6.1297,0.033200
idle,8.6438,0.076600
idle,14.0575,0.042500
idle,13.2675,0.072800
idle,8.3642,0.043000
idle,8.9232,0.042900
idle,7.4015,0.052800
idle,12.5338,0.043000
idle,6.1426,0.047500
idle,8.9545,0.041700
idle,8.4540,0.033200
idle,4.9578,0.028300
idle,3.8938,0.024400
idle,4.3175,0.023100
idle,3.2168,0.023300
idle,4.0339,0.020100
idle,3.1855,0.017500
idle,3.1147,0.033400
idle,2.8768,0.021500
idle,2.9552,0.019100
idle,3.1939,0.024100
idle,3.2870,0.024800
idle,2.8857,0.021100
idle,2.6833,0.016600
idle,3.2928,0.026400
idle,3.0815,0.018400
idle,2.9821,0.048900
idle,2.7456,0.017000
idle,3.3124,0.017900
idle,2.6642,0.015500
idle,2.7160,0.019000
idle,3.3096,0.020400
idle,2.6994,0.018100
idle,3.0264,0.034600
idle,2.5853,0.016800
idle,2.2853,0.016300
idle,2.9201,0.020800
idle,3.1109,0.025600
idle,3.0246,0.036300
idle,2.5979,0.017200
idle,2.5138,0.020600
idle,3.2578,0.029900
idle,3.0296,0.022600
idle,3.0534,0.019000
idle,2.6094,0.039300
idle,3.9423,0.029200
idle,3.3990,0.021500
idle,3.4054,0.028800
idle,4.8298,0.021500
idle,4.0323,0.020600
idle,3.3818,0.036600
idle,3.6597,0.020100
idle,2.5749,0.018100
idle,3.1763,0.021100
idle,3.0212,0.022000
idle,4.3053,0.073100
idle,4.0099,0.040800
idle,4.2567,0.021400
idle,3.1632,0.023800
idle,3.6781,0.021700
idle,3.1244,0.028400
idle,3.6516,0.020300
idle,2.8482,0.025300
idle,3.3317,0.021800
idle,3.2145,0.023200
idle,3.6665,0.020600
idle,2.9722,0.017800
idle,3.9402,0.020900
idle,3.3807,0.026300
idle,4.6343,0.030700
idle,4.9577,0.035400
idle,4.6907,0.027100
idle,4.4728,0.035500
idle,3.5431,0.030400
idle,4.5354,0.029400
idle,3.9522,0.023100
idle,3.9374,0.023400
idle,4.2135,0.024600
idle,4.6994,0.066400
idle,3.8391,0.037500
idle,4.6638,0.027600
idle,4.7900,0.035700
idle,5.4350,0.070900
idle,6.2251,0.032700
idle,6.0989,0.027400
idle,6.4731,0.026100
idle,4.4672,0.027600
idle,4.2771,0.024900
idle,5.3465,0.036000
idle,5.5445,0.055400
idle,4.3441,0.055900
idle,4.3579,0.030200
idle,4.7171,0.036100
idle,3.7562,0.024600
idle,5.5890,0.045200
idle,4.3618,0.027700
idle,3.9152,0.023900
idle,3.9617,0.027300
idle,4.0827,0.030200
idle,5.6796,0.027500
idle,4.1767,0.025900
idle,4.3069,0.044500
idle,4.7034,0.031300
idle,5.4607,0.023300
idle,4.0272,0.025100
idle,7.2284,0.044400
idle,6.0165,0.061700
idle,5.0743,0.030100
idle,4.6963,0.039500
idle,3.9114,0.031200
idle,3.9617,0.029600
idle,4.0521,0.027900
idle,4.6218,0.023700
idle,5.5940,0.034800
idle,4.3332,0.024600
idle,4.3230,0.023000
idle,4.9289,0.034600
idle,4.1257,0.025500
idle,4.1707,0.048300
idle,6.2146,0.027000
idle,4.2294,0.026800
idle,3.6060,0.027000
idle,3.7825,0.033500
idle,4.2029,0.024300
idle,3.5186,0.023600
idle,4.2266,0.034100
idle,5.2328,0.041200
idle,5.6636,0.037800
idle,4.9718,0.025900
idle,3.8713,0.028700
idle,4.9778,0.038500
idle,5.9516,0.039300
idle,6.0072,0.034000
idle,6.6297,0.029500
idle,7.0094,0.035500
idle,6.1376,0.039500
idle,6.1804,0.118100
idle,7.0139,0.038100
idle,6.7608,0.036700
idle,5.8688,0.026500
idle,6.1901,0.047400
idle,5.7016,0.024900
idle,5.0971,0.030100
idle,5.2092,0.037500
idle,4.5991,0.025800
idle,5.2512,0.033300
idle,4.3833,0.116300
idle,4.4157,0.023000
idle,4.6437,0.029600
idle,4.4118,0.078300
idle,4.1040,0.027800
idle,4.2355,0.038000
idle,5.5895,0.032100
idle,4.7153,0.033000
idle,4.0317,0.027700
idle,4.3208,0.034400
idle,5.6634,0.032800
idle,5.3790,0.047900
idle,6.9949,0.034400
idle,6.0094,0.048200
idle,6.3852,0.034600
idle,5.9755,0.028600
idle,6.2005,0.041500
idle,5.4500,0.063300
idle,5.8401,0.033700
idle,5.1672,0.030800
idle,4.2939,0.041300
idle,4.4558,0.028800
idle,4.9959,0.053000
idle,5.4268,0.032600
idle,4.5943,0.027100
idle,7.6166,0.048200
idle,6.3378,0.026900
idle,4.9781,0.029100
idle,5.3090,0.025900
idle,3.8221,0.029800
idle,4.3772,0.071000
idle,4.3483,0.033200
idle,4.1231,0.022500
idle,3.6117,0.040100
idle,3.5173,0.044600
idle,3.5078,0.030600
idle,3.7024,0.027400
idle,3.6899,0.023000
idle,3.4059,0.027500
idle,3.5787,0.052200
idle,3.4153,0.030800
idle,4.7923,0.024400
idle,4.4329,0.023000
idle,3.9391,0.022700
idle,3.7687,0.029700
idle,3.6641,0.019900
idle,3.7099,0.025300
idle,3.1316,0.017300
idle,3.6363,0.021400
idle,2.9896,0.017900
idle,3.3378,0.023700
idle,3.4861,0.021500
idle,3.0263,0.022400
idle,3.0280,0.026600
idle,3.3581,0.044900
idle,3.1449,0.023200
idle,3.1679,0.034400
idle,3.8992,0.020000
idle,2.9643,0.025800
idle,3.5182,0.023400
idle,2.6675,0.019900
idle,3.5402,0.020900
idle,3.1985,0.021000
idle,2.9427,0.020900
idle,4.1408,0.021700
idle,3.9522,0.039800
idle,3.5106,0.027900
idle,3.4276,0.019500
idle,4.1475,0.038100
idle,4.3648,0.020800
idle,3.8283,0.048600
idle,3.7742,0.023100
idle,3.6796,0.020800
idle,3.2243,0.021700
idle,3.5318,0.056700
idle,3.1710,0.016400
idle,3.3639,0.020900
idle,3.0936,0.020900
idle,3.3295,0.022900
idle,3.7844,0.018300
idle,3.0835,0.022800
idle,3.5585,0.020500
idle,3.1811,0.020200
idle,2.7592,0.020700
idle,2.5329,0.018500
idle,2.7657,0.019500
idle,3.3305,0.024700
idle,3.5322,0.023200
idle,3.0990,0.018800
idle,3.2409,0.020600
idle,3.8405,0.017600
idle,3.1903,0.040000
idle,3.3424,0.040100
idle,3.4697,0.042700
idle,3.0332,0.016500
idle,2.8454,0.022000
idle,3.1084,0.019400
idle,2.6065,0.024400
idle,3.5127,0.022000
idle,2.6276,0.019200
idle,2.6845,0.018300
idle,3.3596,0.019800
idle,3.8808,0.038800
idle,3.5225,0.019400
idle,3.1536,0.037300
idle,3.4448,0.028500
idle,3.6264,0.024700
idle,2.8635,0.018000
idle,2.8866,0.018900
idle,3.4342,0.025000
idle,2.8306,0.022900
idle,2.9184,0.016400
idle,3.0500,0.021700
idle,3.0032,0.020600
idle,3.4891,0.018500
idle,3.4520,0.023500
idle,3.5027,0.020400
idle,4.2357,0.065500
idle,3.6084,0.020500
idle,3.6139,0.042700
idle,3.2218,0.024400
idle,3.2193,0.023000
idle,3.0622,0.019200
idle,2.6400,0.019200
idle,3.4906,0.039900
idle,3.4124,0.020200
idle,2.7903,0.018000
idle,3.4618,0.023900
idle,2.9898,0.024000
idle,3.2727,0.019000
idle,2.9070,0.020500
idle,2.8088,0.016700
idle,2.6539,0.027900
idle,3.7152,0.020900
idle,2.8050,0.026400
idle,3.2252,0.021100
idle,4.1708,0.023800
idle,3.3224,0.018200
idle,3.3814,0.025200
idle,3.7204,0.026700
idle,3.1797,0.034400
idle,4.1476,0.018200
idle,3.4966,0.048100
idle,3.2828,0.022900
idle,3.0642,0.024000
idle,4.0302,0.038100
idle,3.3375,0.028200
idle,3.6208,0.019800
idle,3.1330,0.021500
idle,2.7121,0.017500
idle,3.1825,0.028300
idle,3.5019,0.020800
idle,2.7177,0.021000
idle,4.2887,0.023900
idle,3.3586,0.019200
idle,3.2981,0.026300
idle,3.7280,0.073300
idle,3.2454,0.024000
idle,3.0966,0.019900
idle,3.3510,0.032800
idle,2.8626,0.020400
idle,2.6628,0.019900
idle,2.9803,0.016700
idle,3.0182,0.037000
idle,3.1003,0.018700
idle,2.8109,0.020400
idle,2.9389,0.018900
idle,3.0395,0.019000
idle,2.8742,0.021400
idle,3.1167,0.033100
idle,4.4174,0.028900
idle,3.9799,0.023800
idle,4.4673,0.021400
idle,3.2436,0.020900
idle,3.1705,0.021800
idle,3.4296,0.018700
idle,2.9311,0.016500
idle,2.4421,0.015600
idle,2.1826,0.014500
idle,2.9433,0.018900
idle,2.9400,0.017000
idle,3.0522,0.029700
idle,3.0333,0.017000
idle,3.1312,0.025800
idle,3.2378,0.019800
idle,2.9788,0.023200
idle,3.8770,0.024100
idle,3.6152,0.043200
idle,3.4389,0.024200
idle,3.0563,0.019900
idle,2.6725,0.018600
idle,2.5874,0.023500
idle,2.9970,0.021400
idle,2.5341,0.015100
idle,2.3130,0.016300
idle,2.5925,0.016700
idle,2.4838,0.019700
idle,2.6583,0.023000
idle,3.5711,0.022700
idle,3.2484,0.043600
idle,3.0856,0.019600
idle,2.4866,0.017900
idle,3.5870,0.023200
idle,3.2570,0.021400
idle,3.0063,0.024800
idle,3.0309,0.021600
idle,2.4931,0.022900
idle,3.2703,0.023100
idle,2.8209,0.018500
idle,3.1457,0.018100
idle,2.4881,0.022200
idle,2.9058,0.023900
idle,2.9700,0.017800
idle,2.5511,0.016600
idle,2.9355,0.020100
idle,2.6633,0.015800
idle,2.5947,0.024400
idle,2.9105,0.019200
idle,2.6870,0.018100
idle,3.8488,0.021900
idle,2.7393,0.018700
idle,2.9002,0.021200
idle,2.9703,0.017500
idle,3.6273,0.040400
idle,3.3536,0.018300
idle,2.5890,0.021300
idle,3.0766,0.019300
idle,2.8669,0.020800
idle,3.0539,0.031000
idle,2.6129,0.025500
idle,3.2065,0.024300
idle,3.0087,0.025100
idle,2.6057,0.016600
idle,2.4858,0.016900
idle,2.4875,0.018800
idle,2.5464,0.017900
idle,2.6574,0.016900
idle,2.4717,0.016400
idle,3.2864,0.028100
idle,4.3281,0.042300
idle,3.2186,0.019600
idle,2.8154,0.021500
idle,3.0673,0.022000
idle,2.7446,0.020300
idle,3.0170,0.020500
idle,3.2593,0.021200
idle,2.9382,0.018000
idle,2.5253,0.017700
idle,2.3077,0.017000
idle,3.2366,0.025000
idle,3.2089,0.020800
idle,2.6651,0.026800
idle,3.0472,0.017300
idle,2.4629,0.016100
idle,3.1683,0.019900
idle,2.7781,0.017500
idle,3.0107,0.042500
idle,3.8865,0.023500
idle,3.5146,0.033500
idle,3.0483,0.018600
idle,2.9279,0.025500
idle,4.0480,0.017400
idle,2.6667,0.018700
idle,2.9987,0.028800
idle,2.7487,0.020300
idle,2.9166,0.017700
idle,3.1205,0.017900
idle,3.0053,0.021800
idle,2.7747,0.016100
idle,2.5751,0.017500
idle,2.5582,0.016600
idle,2.4315,0.015000
idle,2.3894,0.015800
idle,2.7984,0.020000
idle,2.6226,0.020000
idle,2.5792,0.018500
idle,3.0328,0.026500
idle,3.3869,0.022000
idle,3.3294,0.017600
idle,2.4350,0.021900
idle,3.1565,0.022600
idle,3.2372,0.026900
idle,2.9989,0.018900
idle,2.8502,0.026500
idle,2.6583,0.023000
idle,2.7568,0.018800
idle,2.5257,0.018400
idle,3.2505,0.023300
idle,3.4330,0.032100
idle,3.1526,0.021900
idle,2.9499,0.019900
idle,2.5774,0.077900
idle,3.5423,0.026100
idle,4.1079,0.034400
idle,4.3050,0.033600
idle,3.6195,0.023100
idle,3.0606,0.022500
idle,3.1481,0.026100
idle,3.0541,0.022900
idle,3.7038,0.025200
idle,2.8794,0.022100
idle,2.6416,0.021700
idle,3.0082,0.022100
idle,2.7040,0.021200
idle,2.5228,0.028600
idle,3.2182,0.020200
idle,2.9125,0.022600
idle,2.8081,0.024900
idle,2.8818,0.019600
idle,2.6042,0.024200
idle,2.8773,0.018200
idle,2.5793,0.018000
idle,2.8377,0.019200
idle,2.5979,0.016600
idle,2.5598,0.025600
idle,3.2550,0.018100
idle,2.2081,0.015800
idle,2.4630,0.021600
idle,2.9422,0.017600
idle,2.3875,0.016600
idle,3.2573,0.032400
idle,2.8625,0.019100
idle,2.3814,0.018600
idle,2.2166,0.018500
idle,2.8399,0.023500
idle,2.8232,0.022300
idle,3.1593,0.027100
idle,4.4601,0.027900
idle,3.6742,0.027200
idle,3.3127,0.025600
idle,3.0691,0.022300
idle,3.5772,0.024800
idle,3.5046,0.041100
idle,4.0337,0.025900
idle,2.8397,0.021300
idle,2.7799,0.021500
idle,3.0795,0.022900
idle,3.0121,0.042300
idle,3.1741,0.021500
idle,2.5211,0.018900
idle,2.6204,0.015800
idle,2.4253,0.020000
idle,2.4039,0.018500
idle,3.1581,0.044600
idle,4.4279,0.023100
idle,3.2160,0.018400
idle,2.6598,0.025800
idle,3.0338,0.020200
idle,2.7290,0.017400
idle,3.2877,0.022300
idle,2.9115,0.017500
idle,2.6353,0.016600
idle,2.5622,0.014400
idle,2.1739,0.013200
idle,2.6053,0.018900
idle,2.6163,0.016400
idle,2.4553,0.019800
idle,2.6347,0.016000
idle,2.2974,0.015600
idle,2.5531,0.017400
idle,2.9727,0.020500
idle,3.4305,0.019100
idle,3.7533,0.035900
idle,2.9637,0.019200
idle,2.6637,0.017100
idle,3.2074,0.016000
idle,2.2806,0.021000
idle,3.1593,0.018000
idle,2.6396,0.020100
idle,2.4857,0.015900
idle,2.1626,0.015200
idle,2.1728,0.013600
idle,2.4864,0.016700
idle,2.9284,0.018800
idle,2.5309,0.019500
idle,3.0494,0.018200
idle,2.6791,0.016400
idle,2.5606,0.017300
idle,2.4677,0.015400
idle,2.3738,0.014900
idle,3.2790,0.019400
idle,2.6075,0.017200
idle,3.4447,0.021100
idle,2.9508,0.020800
idle,2.3509,0.015200
idle,2.7803,0.017900
idle,2.7404,0.019300
idle,2.8525,0.020300
idle,3.0086,0.017700
idle,2.4616,0.015900
idle,3.0899,0.021100
idle,2.7208,0.015000
idle,2.3417,0.017900
idle,2.7776,0.021900
idle,2.5938,0.018100
idle,2.5325,0.017100
idle,2.7004,0.017000
idle,2.7161,0.015600
idle,2.6383,0.014800
idle,2.5599,0.016800
idle,2.6424,0.016500
idle,2.9090,0.016200
idle,2.4522,0.014200
idle,2.9013,0.024800
idle,2.6789,0.014900
idle,2.5425,0.016300
idle,2.4323,0.015700
idle,2.2227,0.014700
idle,2.4977,0.022400
idle,2.9633,0.035900
idle,2.7026,0.014500
idle,3.1025,0.020600
idle,2.5881,0.018700
idle,2.3963,0.015600
idle,2.4035,0.015900
idle,2.3492,0.013800
idle,2.6497,0.026700
idle,2.8638,0.016200
idle,2.7255,0.017800
idle,2.9698,0.014600
idle,2.3409,0.015200
idle,2.5301,0.026700
idle,3.1108,0.015900
idle,2.4121,0.017700
idle,3.4447,0.019900
idle,2.7172,0.016600
idle,2.4746,0.016300
idle,2.5970,0.015900
idle,2.4167,0.015800
idle,2.9670,0.022500
idle,2.8088,0.015100
idle,2.2950,0.022300
idle,2.9715,0.021600
idle,2.6032,0.016300
idle,2.5954,0.015600
idle,2.8776,0.023200
idle,2.8294,0.020400
idle,2.6314,0.017000
idle,2.4549,0.015500
idle,2.5803,0.017100
idle,3.2812,0.015900
idle,2.7062,0.020900
idle,3.0088,0.019200
idle,2.4631,0.015300
idle,2.3174,0.016100
idle,2.2674,0.013500
idle,2.2026,0.015600
idle,3.1363,0.021800
idle,2.8507,0.015700
idle,2.4791,0.017600
idle,2.5819,0.016100
idle,2.7375,0.015300
idle,2.5567,0.017300
idle,3.2470,0.017900
idle,3.0606,0.020400
idle,3.2791,0.062900
idle,2.5200,0.014500
idle,2.7035,0.015000
idle,2.6157,0.015600
idle,2.5959,0.014700
idle,2.9744,0.016700
idle,2.4754,0.019100
idle,2.3630,0.017800
idle,2.3393,0.017200
idle,2.7851,0.015300
idle,2.9348,0.019800
idle,2.7308,0.016100
idle,2.3565,0.017400
idle,2.4015,0.014900
idle,2.4317,0.015300
idle,2.5676,0.019400
idle,2.9224,0.025300
idle,3.0925,0.022400
idle,2.8416,0.026700
idle,2.6844,0.017000
idle,2.6453,0.027000
idle,2.6789,0.015800
idle,2.6163,0.015700
idle,2.6976,0.018900
idle,2.9021,0.017400
idle,2.4787,0.016300
idle,2.3502,0.015900
idle,2.3063,0.014700
idle,2.5689,0.016800
idle,3.1811,0.018400
idle,2.8456,0.021900
idle,2.9282,0.016400
idle,2.8142,0.019300
idle,2.9591,0.017700
idle,2.3889,0.015600
idle,2.0674,0.014400
idle,2.5945,0.018300
idle,2.5454,0.016600
idle,2.5409,0.022900
idle,2.5481,0.015400
idle,2.3375,0.014400
idle,2.2596,0.020600
idle,2.8767,0.017700
idle,2.6579,0.015300
idle,2.9564,0.017700
idle,2.5875,0.014300
idle,2.4352,0.016000
idle,2.9608,0.017800
idle,3.0235,0.016500
idle,3.0008,0.029700
idle,3.4418,0.018500
idle,2.8969,0.026800
idle,2.9172,0.016900
idle,2.3758,0.014300
idle,2.6629,0.017700
idle,3.2155,0.021200
idle,2.6755,0.022500
idle,3.3447,0.016900
idle,2.7341,0.020600
idle,3.5787,0.017600
idle,2.4875,0.014100
idle,2.9366,0.019600
idle,2.6600,0.014700
idle,2.9693,0.022300
idle,2.8139,0.016600
idle,2.7227,0.019800
idle,3.5606,0.019600
idle,3.1665,0.020000
idle,3.7331,0.085200
idle,2.9886,0.017500
idle,3.8989,0.034200
idle,3.9180,0.029000
idle,3.5852,0.045300
idle,4.0746,0.026400
idle,4.1694,0.025400
idle,3.8369,0.021700
idle,3.3086,0.021300
idle,3.6690,0.021200
idle,3.0939,0.017600
idle,3.3736,0.021500
idle,3.1400,0.019400
idle,2.9580,0.044200
idle,4.2534,0.017500
idle,3.7085,0.021000
idle,3.6093,0.018100
idle,3.3264,0.024400
idle,3.1435,0.028300
idle,3.4790,0.027500
idle,3.4933,0.020000
idle,3.3379,0.025300
idle,3.7067,0.031500
idle,4.5242,0.023400
idle,3.3597,0.021100
idle,3.7744,0.028300
idle,2.8421,0.017100
idle,3.7712,0.027600
idle,3.4085,0.016400
idle,2.8808,0.019800
idle,3.0794,0.019800
idle,2.7949,0.020800
idle,3.6479,0.023400
idle,2.9201,0.025400
idle,3.3095,0.019600
idle,3.0561,0.027600
idle,3.3109,0.021800
idle,3.0171,0.019100
idle,3.5732,0.047400
idle,2.9826,0.017500
idle,3.2108,0.022100
idle,2.9443,0.022100
idle,3.7362,0.019800
idle,3.2242,0.020800
idle,2.9795,0.020600
idle,3.4379,0.019600
idle,3.0941,0.024000
idle,3.2893,0.024900
idle,2.9317,0.020400
idle,3.1778,0.020400
idle,2.8868,0.018000
idle,2.8933,0.020100
idle,3.3060,0.018100
idle,3.1599,0.026300
idle,3.5858,0.018200
idle,2.7327,0.047500
idle,3.7223,0.020900
idle,2.5866,0.021800
idle,3.4085,0.030000
idle,2.8635,0.022400
idle,3.3773,0.020200
idle,2.7760,0.019900
idle,2.8046,0.020000
idle,2.8405,0.018000
idle,2.6767,0.017600
idle,3.8012,0.020400
idle,2.9581,0.018300
idle,3.0190,0.020800
idle,2.7745,0.018700
idle,2.7515,0.018600
idle,3.0061,0.017200
idle,2.4895,0.017000
idle,3.1339,0.030300
idle,2.8810,0.016600
idle,2.8042,0.018300
idle,2.5271,0.018300
idle,2.3917,0.015300
idle,3.2947,0.020100
idle,2.6876,0.017000
idle,2.7205,0.028800
idle,3.0260,0.017100
idle,2.3672,0.019900
idle,3.0366,0.017400
idle,2.7152,0.019900
idle,3.5114,0.021900
idle,2.6728,0.016900
idle,2.4764,0.025800
idle,3.0933,0.017100
idle,2.8536,0.017300
idle,2.8445,0.019100
idle,2.5794,0.015700
idle,2.6153,0.018200
idle,2.7770,0.016500
idle,2.3166,0.014200
idle,2.5907,0.022700
idle,3.2833,0.016500
idle,2.5477,0.021300
idle,2.7273,0.016500
idle,2.6220,0.016900
idle,2.8375,0.017900
idle,2.7077,0.017800
idle,2.5616,0.017200
idle,3.2261,0.019100
idle,2.5765,0.015600
idle,2.5019,0.022900
idle,2.6964,0.016000
idle,2.6453,0.016900
idle,2.7813,0.017000
idle,2.4590,0.016000
idle,2.4637,0.019300
idle,2.9851,0.017700
idle,2.3195,0.015500
idle,2.9552,0.022900
idle,3.9865,0.026000
idle,3.2676,0.022900
idle,3.2423,0.027600
idle,3.1924,0.021200
idle,3.0532,0.019100
idle,3.4826,0.032800
idle,3.2367,0.018400
idle,2.5167,0.016400
idle,2.7901,0.019000
idle,2.8728,0.017400
idle,3.2134,0.025900
idle,3.5634,0.018000
idle,3.2447,0.023200
idle,3.2371,0.018100
idle,2.8337,0.026000
idle,2.9226,0.017500
idle,2.4513,0.019800
idle,2.8336,0.017600
idle,2.4651,0.015700
idle,2.3289,0.017700
idle,2.8477,0.019700
idle,2.5270,0.016100
idle,2.9170,0.019300
idle,2.8471,0.015900
idle,2.4022,0.016300
idle,2.8836,0.023300
idle,2.4657,0.017700
idle,2.2357,0.024700
idle,3.2425,0.022700
idle,2.8554,0.020900
idle,2.7642,0.023400
idle,2.6869,0.022700
idle,2.5329,0.024000
idle,2.9837,0.017300
idle,2.4025,0.021200
idle,3.1211,0.022400
idle,2.6520,0.015300
idle,2.6345,0.018900
idle,3.4406,0.021200
idle,2.9045,0.016900
idle,3.4563,0.019100
idle,2.6457,0.019300
idle,3.7036,0.020700
idle,2.8895,0.018800
idle,2.8501,0.020500
idle,2.8734,0.016500
idle,2.4989,0.016400
idle,3.2708,0.019600
idle,3.3557,0.018700
idle,3.1451,0.021900
idle,2.8236,0.017900
idle,3.1964,0.042200
idle,3.2006,0.019100
idle,3.4135,0.029800
idle,3.0836,0.020100
idle,3.1042,0.024700
idle,3.0681,0.024300
idle,5.4896,0.034800
idle,4.0012,0.023200
idle,3.3607,0.020000
idle,3.0624,0.025900
idle,3.5421,0.022700
idle,3.1332,0.026900
idle,3.5116,0.026700
idle,3.2296,0.020900
idle,3.1888,0.032600
idle,3.9350,0.026700
idle,4.1657,0.043100
idle,3.7851,0.027500
idle,4.2815,0.024300
idle,3.8726,0.028800
idle,3.9666,0.030100
idle,5.2906,0.047600
idle,5.8148,0.032000
idle,6.1181,0.043300
idle,4.8803,0.038700
idle,6.7778,0.044000
idle,6.8566,0.044800
idle,8.4573,0.037100
idle,5.7753,0.031900
idle,4.4874,0.054300
idle,5.3183,0.025800
idle,3.8735,0.023900
idle,4.4640,0.025100
idle,4.9281,0.042700
idle,5.7778,0.043700
idle,5.9775,0.035200
idle,5.0790,0.026500
idle,3.7987,0.039500
idle,5.1264,0.026300
idle,4.5821,0.024200
idle,3.8342,0.036900
idle,3.4206,0.021600
idle,3.3176,0.040100
idle,4.3267,0.038400
idle,4.0931,0.036900
idle,4.5545,0.047100
idle,5.2482,0.032700
idle,5.4358,0.038200
idle,4.9685,0.027900
idle,4.1360,0.033100
idle,5.1648,0.042900
idle,4.7774,0.088600
idle,4.6480,0.036800
idle,5.6022,0.028300
idle,5.0881,0.032300
idle,4.1747,0.051700
idle,4.7997,0.028200
idle,4.4200,0.031500
idle,4.0430,0.029300
idle,4.2379,0.026100
idle,3.8443,0.033600
idle,4.9187,0.022200
idle,3.8743,0.039800
idle,4.8648,0.088900
idle,4.5903,0.022900
idle,4.0485,0.025800
idle,4.0172,0.050000
idle,4.0321,0.040800
idle,3.2803,0.018900
idle,3.2476,0.022100
idle,3.1205,0.018100
idle,3.6983,0.025200
idle,3.1493,0.039900
idle,4.1642,0.025100
idle,3.9202,0.028100
idle,3.8468,0.111300
idle,3.8587,0.025800
idle,3.7285,0.018500
idle,2.8180,0.021200
idle,4.2174,0.024600
idle,3.3660,0.021900
idle,3.3016,0.020900
idle,3.0048,0.029400
idle,4.0108,0.030100
idle,4.1086,0.031100
idle,3.3451,0.021900
idle,3.1647,0.020600
idle,2.8011,0.024400
idle,4.0597,0.023000
idle,3.5123,0.022200
idle,3.8907,0.025600
idle,3.4652,0.026500
idle,3.2353,0.023500
idle,4.0983,0.020000
idle,3.0088,0.036800
idle,3.9870,0.019700
idle,3.3569,0.022000
idle,3.4986,0.020300
idle,3.8540,0.038400
idle,3.3668,0.020900
idle,3.0279,0.023800
idle,2.7185,0.019600
idle,3.5207,0.020200
idle,3.0830,0.017300
idle,2.4133,0.019200
idle,3.2507,0.019300
idle,3.0437,0.016800
idle,2.7796,0.025000
idle,3.1804,0.026500
idle,2.9230,0.022400
idle,3.6470,0.056400
idle,3.7219,0.030300
idle,3.5387,0.023400
idle,3.3708,0.021800
idle,3.5019,0.020000
idle,3.1796,0.023400
idle,3.2486,0.021800
idle,2.8270,0.019900
idle,2.5863,0.017900
idle,2.4738,0.015100
idle,3.1233,0.026200
idle,3.3020,0.018900
idle,2.4671,0.021700
idle,3.4559,0.019600
idle,2.6992,0.021800
idle,3.2805,0.020400
idle,2.9808,0.020700
idle,3.1292,0.024600
idle,3.5229,0.022900
idle,3.3584,0.017900
idle,2.4184,0.016000
idle,2.7704,0.019500
idle,4.1012,0.021600
idle,2.6173,0.021100
idle,3.4195,0.019400
idle,2.7960,0.017500
idle,6.6652,0.023200
idle,6.8256,0.021300
idle,7.6702,0.028700
idle,6.9493,0.067000
idle,7.4497,0.026000
idle,7.3229,0.024300
idle,6.6966,0.027500
idle,7.3146,0.035400
idle,6.8424,0.030600
idle,8.0386,0.025700
idle,6.3697,0.027100
idle,7.1174,0.031000
idle,6.4622,0.024000
idle,7.2358,0.024800
idle,6.6503,0.028200
idle,7.1857,0.025600
idle,7.0680,0.030000
idle,6.9714,0.036300
idle,7.0559,0.027300
idle,6.7849,0.029700
idle,7.7842,0.027300
idle,6.5331,0.021500
idle,6.3214,0.023700
idle,6.9168,0.022600
idle,6.4835,0.027400
idle,7.1276,0.024200
idle,6.5702,0.024100
idle,6.7434,0.021700
idle,6.7829,0.022000
idle,41.2455,0.039500
idle,5.5594,0.036200
idle,4.0586,0.028300
idle,4.4497,0.028100
idle,4.2414,0.027600
idle,2.8477,0.018200
idle,3.3898,0.025300
idle,3.0181,0.017400
idle,3.5292,0.027400
idle,3.5292,0.017800
idle,4.0954,0.038700
idle,3.4875,0.024900
idle,4.1465,0.022800
idle,2.9159,0.019300
idle,3.4035,0.020200
idle,2.7543,0.017900
idle,3.1892,0.031300
idle,3.5271,0.017900
idle,2.8575,0.017300
idle,2.7747,0.031600
idle,2.7939,0.023800
idle,3.1136,0.018700
idle,3.1643,0.020000
idle,3.1260,0.019400
idle,2.7358,0.016600
idle,2.5063,0.019800
idle,2.9000,0.015500
idle,2.4460,0.015100
idle,2.9705,0.025000
idle,2.7397,0.015900
idle,2.7361,0.023900
idle,3.2340,0.020100
idle,3.3331,0.026900
idle,4.3925,0.018100
idle,2.8603,0.025600
idle,3.1203,0.020600
idle,2.6560,0.051800
idle,3.2773,0.020500
idle,3.0662,0.020400
idle,3.1186,0.022400
idle,2.7185,0.018100
idle,2.6639,0.034900
idle,2.9699,0.027400
idle,2.7805,0.018200
idle,2.9980,0.021300
idle,2.9671,0.019400
idle,2.4727,0.017700
idle,2.6131,0.017100
idle,2.5636,0.016300
idle,3.3892,0.024500
idle,2.9591,0.021700
idle,3.1867,0.031900
idle,3.0588,0.017000
idle,2.6262,0.016700
idle,2.9833,0.021100
idle,2.7070,0.016000
idle,2.9242,0.048700
idle,3.5905,0.018000
idle,2.9252,0.018100
idle,2.8188,0.022600
idle,2.4699,0.015100
idle,2.7026,0.017500
idle,2.3495,0.016000
idle,2.6267,0.017300
idle,2.9848,0.020700
idle,2.9448,0.022500
idle,3.0263,0.016000
idle,2.3879,0.015700
idle,2.2092,0.016100
idle,2.5935,0.015900
idle,2.7151,0.019000
idle,2.7988,0.020100
idle,3.0861,0.016100
idle,2.4368,0.018400
idle,3.4437,0.019800
idle,2.8177,0.018000
idle,3.3850,0.019900
idle,3.0151,0.028200
idle,2.9101,0.031600
idle,2.6701,0.015200
idle,2.4370,0.016400
idle,3.3600,0.028400
idle,2.9489,0.016800
idle,2.8187,0.016500
idle,2.3538,0.015900
idle,2.3047,0.016800
idle,2.6701,0.018800
idle,2.9410,0.020300
idle,2.9594,0.017100
idle,2.7314,0.017100
idle,2.3891,0.015200
idle,2.6039,0.016300
idle,2.5852,0.015100
idle,2.1177,0.014200
idle,3.1806,0.030700
idle,2.9264,0.016500
idle,2.7219,0.017900
idle,2.5934,0.015100
idle,2.5034,0.018000
idle,2.9862,0.026200
idle,2.7918,0.018700
idle,2.8789,0.023600
idle,2.7854,0.016500
idle,2.3074,0.016000
idle,3.6891,0.019400
idle,2.7239,0.017000
idle,2.9744,0.018500
idle,2.5775,0.015700
idle,2.8727,0.032900
idle,3.3962,0.018100
idle,2.7026,0.018300
idle,2.6851,0.017600
idle,2.6415,0.021900
idle,2.5095,0.017300
idle,2.5373,0.016700
idle,2.5775,0.015800
idle,3.2178,0.020100
idle,3.2689,0.019400
idle,2.7201,0.019300
idle,3.1616,0.020100
idle,2.3848,0.015600
idle,3.3539,0.021700
idle,2.9366,0.017000
idle,2.9641,0.021600
idle,2.6973,0.015200
idle,2.7168,0.015700
idle,2.8797,0.016800
idle,2.4707,0.018800
idle,2.5311,0.017500
idle,2.3685,0.015700
idle,2.9151,0.032300
idle,3.1370,0.016600
idle,2.9137,0.015900
idle,2.6872,0.018300
idle,2.5374,0.016100
idle,2.2558,0.013900
idle,2.6389,0.017800
idle,3.1309,0.022300
idle,3.0327,0.020000
idle,2.6643,0.018900
idle,2.4500,0.014100
idle,2.7154,0.016600
idle,2.7159,0.015000
idle,2.7012,0.024200
idle,3.1395,0.020000
idle,2.3982,0.014300
idle,2.6843,0.016100
idle,2.5075,0.017400
idle,2.5821,0.019200
idle,3.5058,0.016900
idle,2.6735,0.016300
idle,3.0299,0.021700
idle,2.5213,0.016800
idle,2.3945,0.019800
idle,2.9086,0.017900
idle,2.6277,0.017500
idle,3.7774,0.023100
idle,2.6416,0.016200
idle,2.7551,0.017400
idle,2.6766,0.018500
idle,2.7543,0.017200
idle,2.4278,0.017300
idle,2.4098,0.016300
idle,2.6879,0.016300
idle,2.8648,0.019400
idle,3.4608,0.017400
idle,2.7336,0.017000
idle,2.5567,0.016100
idle,2.4646,0.018200
idle,2.4754,0.015300
idle,2.6403,0.015300
idle,2.5884,0.029100
idle,3.0892,0.016600
idle,2.6981,0.015500
idle,2.4942,0.014700
idle,2.4113,0.015300
idle,2.3780,0.016200
idle,3.2201,0.021000
idle,3.1099,0.017100
idle,3.0842,0.017900
idle,2.4056,0.016600
idle,2.4328,0.016500
idle,2.7213,0.015900
idle,2.8014,0.017900
idle,3.2078,0.019800
idle,2.6421,0.016300
idle,2.8791,0.019400
idle,2.3383,0.015800
idle,2.7846,0.022900
idle,5.0442,0.027000
idle,3.7546,0.029500
idle,3.5179,0.021300
idle,4.4374,0.029700
idle,3.6275,0.029300
idle,4.6535,0.023400
idle,4.3752,0.024500
idle,3.8668,0.022600
idle,3.2595,0.024900
idle,3.4287,0.023300
idle,3.2265,0.026300
idle,4.3451,0.026600
idle,4.7194,0.032500
idle,3.7207,0.023900
idle,3.9367,0.029900
idle,4.3657,0.027500
idle,3.9991,0.071400
idle,4.1587,0.030200
idle,3.2482,0.019700
idle,5.0377,0.023300
idle,3.2800,0.028400
idle,4.5990,0.038500
idle,4.4031,0.030700
idle,3.8282,0.029300
idle,4.0452,0.031300
idle,4.9925,0.031000
idle,4.4831,0.033800
idle,6.4590,0.024900
idle,3.9437,0.031400
idle,3.9393,0.021700
idle,5.4934,0.027400
idle,3.8351,0.037600
idle,3.2592,0.021200
idle,3.8737,0.026600
idle,3.6176,0.024200
idle,3.3723,0.033300
idle,3.1963,0.019400
idle,4.3103,0.022700
idle,3.3307,0.020500
idle,3.8859,0.026600
idle,3.1190,0.018900
idle,3.1476,0.019900
idle,2.7410,0.018200
idle,4.1212,0.027400
idle,3.4550,0.017800
idle,3.0712,0.021900
idle,2.9502,0.018200
idle,3.7504,0.029700
idle,4.6518,0.020400
idle,4.0915,0.035500
idle,4.5629,0.035800
idle,4.4847,0.026500
idle,3.6682,0.023900
idle,5.0865,0.105900
idle,4.0786,0.028700
idle,4.0453,0.049000
idle,3.7807,0.020600
idle,3.5783,0.030100
idle,3.6974,0.027900
idle,3.6041,0.053900
idle,4.0838,0.022200
idle,4.1546,0.023100
idle,4.3344,0.021800
idle,4.9061,0.026500
idle,5.9853,0.024300
idle,4.9855,0.027900
idle,3.5385,0.030000
idle,4.1786,0.045500
idle,4.4480,0.038500
idle,3.8021,0.021800
idle,4.0637,0.044900
idle,3.7854,0.024000
idle,3.4612,0.023100
idle,3.0713,0.022600
idle,3.3038,0.023700
idle,3.4146,0.022200
idle,4.0051,0.034700
idle,5.3309,0.031600
idle,3.7053,0.022400
idle,3.8628,0.034400
idle,5.0350,0.032300
idle,5.5456,0.026400
idle,4.0597,0.043600
idle,5.5577,0.039400
idle,3.6477,0.023800
idle,2.6231,0.018700
idle,3.7546,0.020200
idle,3.6531,0.028300
idle,4.2324,0.023200
idle,4.1664,0.032000
idle,3.7093,0.028500
idle,3.4994,0.027800
idle,3.4551,0.019800
idle,4.7061,0.034100
idle,5.0416,0.029200
idle,5.0440,0.021900
idle,7.6733,0.053800
idle,6.4677,0.025100
idle,4.7701,0.028500
idle,5.3709,0.034800
idle,5.1175,0.034000
idle,5.9038,0.027900
idle,5.8379,0.046300
idle,5.6049,0.032000
idle,4.6866,0.045400
idle,4.3757,0.027100
idle,5.8689,0.027200
idle,4.1964,0.022700
idle,3.9101,0.036200
idle,4.3910,0.027300
idle,3.6926,0.023300
idle,4.0020,0.024200
idle,3.3119,0.027000
idle,3.5015,0.018700
idle,3.3044,0.020500
idle,3.4894,0.020700
idle,4.0863,0.019900
idle,3.9007,0.022000
idle,4.1611,0.020000
idle,3.4923,0.019000
idle,3.6904,0.031500
idle,3.4416,0.027100
idle,4.6457,0.021200
idle,3.9577,0.054300
idle,4.8189,0.022100
idle,3.8491,0.023700
idle,3.0864,0.018600
idle,3.3445,0.022900
idle,2.5244,0.015300
idle,2.5951,0.016600
idle,3.0013,0.017200
idle,2.5730,0.015600
idle,2.9218,0.021800
idle,3.1986,0.016200
idle,2.4804,0.025000
idle,2.6144,0.017300
idle,2.2902,0.014500
idle,2.4417,0.019400
idle,2.6859,0.019400
idle,2.3729,0.013500
idle,2.5559,0.017200
idle,2.8486,0.015600
idle,2.7052,0.021900
idle,4.0637,0.017900
idle,2.8237,0.020400
idle,2.8026,0.016400
idle,2.5513,0.047700
idle,2.9719,0.018200
idle,2.8949,0.017200
idle,2.4718,0.016600
idle,2.9462,0.025400
idle,2.8095,0.014800
idle,2.6923,0.014800
idle,2.5331,0.016700
idle,2.8259,0.015500
idle,2.8541,0.020800
idle,2.5733,0.015700
idle,2.6233,0.021500
idle,2.8731,0.014700
idle,2.3795,0.015700
idle,3.3277,0.022400
idle,2.8957,0.018100
idle,2.8269,0.021100
idle,2.6193,0.017900
idle,2.9597,0.019900
idle,3.5951,0.022500
idle,2.8091,0.016200
idle,3.0543,0.018100
idle,2.5188,0.014500
idle,2.8600,0.019800
idle,3.0515,0.017200
idle,2.3301,0.014600
idle,2.8086,0.019400
idle,2.7264,0.016600
idle,2.8207,0.019300
idle,2.8209,0.021800
idle,2.5868,0.017200
idle,2.5713,0.017800
idle,2.6782,0.015500
idle,2.7573,0.020000
idle,3.2071,0.019700
idle,3.4559,0.033900
idle,2.8308,0.018500
idle,2.3338,0.015800
idle,2.8948,0.017800
idle,3.2184,0.017500
idle,3.1952,0.023900
idle,2.9821,0.021800
idle,2.9379,0.016100
idle,2.8969,0.016700
idle,2.3619,0.017900
idle,2.8242,0.025300
idle,3.9309,0.017900
idle,3.5311,0.022800
idle,3.1619,0.018000
idle,2.7993,0.024700
idle,3.6389,0.028800
idle,2.6786,0.017100
idle,3.0065,0.019000
idle,2.7513,0.017700
idle,3.1942,0.029600
idle,3.0141,0.018900
idle,3.3296,0.029800
idle,3.1971,0.018500
idle,2.5965,0.019300
idle,3.0307,0.020100
idle,2.4899,0.017300
idle,2.8817,0.017300
idle,2.7874,0.016900
idle,2.5764,0.023900
idle,4.5439,0.024000
idle,3.1887,0.024700
idle,3.0551,0.021300
idle,3.0330,0.017400
idle,2.8732,0.021000
idle,2.9307,0.020000
idle,2.8928,0.021300
idle,3.0023,0.017700
idle,2.3227,0.018800
idle,2.7576,0.017500
idle,2.6923,0.016000
idle,2.7074,0.025500
idle,4.1657,0.017500
idle,3.0457,0.016700
idle,2.4938,0.018400
idle,2.5330,0.018900
idle,3.1497,0.055000
idle,3.2941,0.017200
idle,3.2860,0.025900
idle,2.8158,0.016800
idle,2.8465,0.022700
idle,2.8543,0.017400
idle,2.6134,0.015900
idle,3.7391,0.024400
idle,3.3967,0.023900
idle,3.4655,0.060500
idle,3.4183,0.023900
idle,3.1548,0.021400
idle,3.3477,0.018300
idle,3.0907,0.025000
idle,3.1195,0.022500
idle,2.7907,0.018400
idle,2.6019,0.016200
idle,2.5402,0.018900
idle,3.2373,0.018300
idle,2.8466,0.017400
idle,2.6718,0.016000
idle,3.0047,0.018000
idle,2.8746,0.028600
idle,3.7995,0.021200
idle,3.1067,0.022200
idle,3.1689,0.020000
idle,2.4810,0.017600
idle,2.9896,0.021000
idle,2.9764,0.018400
idle,2.5774,0.021600
idle,3.3808,0.025200
idle,2.9975,0.017000
idle,3.4314,0.022300
idle,3.0524,0.041700
idle,3.0503,0.029500
idle,3.0155,0.018600
idle,3.1475,0.023800
idle,2.7857,0.022000
idle,3.2964,0.023100
idle,2.8470,0.027400
idle,2.8219,0.016700
idle,3.2061,0.020400
idle,3.0112,0.018400
idle,2.9480,0.018200
idle,2.8417,0.024100
idle,2.6052,0.021600
idle,2.5776,0.015500
idle,2.8339,0.017400
idle,2.9493,0.016300
idle,2.6596,0.016500
idle,2.5298,0.016400
idle,3.2143,0.018500
idle,2.7296,0.023700
idle,2.8565,0.017500
idle,3.1221,0.030700
idle,2.9544,0.025200
idle,3.4090,0.036000
idle,2.9381,0.017900
idle,3.2139,0.020800
idle,2.6484,0.015700
idle,2.6100,0.016400
idle,2.4726,0.015800
idle,2.4400,0.017500
idle,2.7943,0.019800
idle,2.5993,0.015800
idle,3.0529,0.018700
idle,2.4720,0.016200
idle,2.4043,0.015800
idle,2.5925,0.020000
idle,2.6971,0.021200
idle,2.3786,0.015800
idle,2.8825,0.018400
idle,3.2009,0.020700
idle,3.3158,0.025600
idle,4.3847,0.029100
idle,5.2181,0.042100
idle,4.4668,0.028600
idle,4.0251,0.023400
idle,4.1714,0.058300
idle,3.7505,0.024300
idle,3.4739,0.029800
idle,4.5813,0.029500
idle,4.3318,0.027200
idle,4.5168,0.026700
idle,3.1800,0.019800
idle,3.3793,0.030100
idle,3.6504,0.036300
idle,4.7896,0.044900
idle,3.7682,0.021700
idle,3.2558,0.023800
idle,3.5873,0.025600
idle,3.9321,0.028100
idle,3.2233,0.020200
idle,3.0629,0.033700
idle,3.0402,0.022700
idle,2.7895,0.020600
idle,4.0884,0.027600
idle,3.3790,0.030300
idle,3.0083,0.026700
idle,3.1942,0.023400
idle,2.8705,0.019400
idle,3.3396,0.019400
idle,3.0378,0.020300
idle,3.2307,0.019200
idle,2.8167,0.016600
idle,3.4255,0.025600
idle,3.4571,0.025700
idle,4.1335,0.024500
idle,3.7745,0.022300
idle,3.7052,0.025700
idle,3.7185,0.021700
idle,3.9954,0.027500
idle,3.3458,0.020000
idle,3.8067,0.021400
idle,3.0423,0.019900
idle,3.6482,0.023200
idle,3.3187,0.026200
idle,4.3516,0.021200
idle,4.6490,0.022500
idle,3.2907,0.026300
idle,4.8097,0.024700
idle,3.6723,0.023100
idle,4.0710,0.040600
idle,3.6618,0.024700
idle,3.0886,0.019800
idle,2.7419,0.018800
idle,2.8100,0.023500
idle,3.2508,0.026600
idle,4.1842,0.022600
idle,3.7622,0.027800
idle,3.1189,0.019200
idle,3.4872,0.036800
idle,3.3058,0.022400
idle,2.8526,0.019400
idle,3.0500,0.088300
idle,3.4184,0.018900
idle,3.0568,0.022600
idle,3.1199,0.023100
idle,3.2978,0.026400
idle,3.2970,0.025900
idle,2.9241,0.019500
idle,3.1776,0.020300
idle,3.1053,0.020100
idle,3.3952,0.023300
idle,3.1817,0.022100
idle,4.9031,0.025500
idle,3.9195,0.035500
idle,3.2350,0.022600
idle,3.0967,0.031000
idle,3.0214,0.020700
idle,2.5509,0.018400
idle,5.1436,0.035700
idle,3.2048,0.019200
idle,4.0191,0.035100
idle,3.7649,0.046700
idle,3.5730,0.025600
idle,3.5694,0.026500
idle,3.2963,0.018500
idle,2.7853,0.018600
idle,4.4764,0.029800
idle,4.3940,0.028100
idle,4.1333,0.025200
idle,3.9216,0.022400
idle,3.4297,0.024300
idle,3.4843,0.026900
idle,3.0530,0.018900
idle,3.2775,0.022700
idle,3.8479,0.020800
idle,3.5389,0.021500
idle,3.0494,0.025100
idle,3.0247,0.020700
idle,3.5384,0.020900
idle,3.4344,0.032200
idle,3.5774,0.019500
idle,2.9751,0.019400
idle,2.7610,0.020100
idle,3.1165,0.018800
idle,2.8400,0.034500
idle,3.6056,0.041300
idle,3.8382,0.027800
idle,3.5669,0.022900
idle,3.2361,0.020900
idle,3.0065,0.018400
idle,3.4333,0.020200
idle,3.2064,0.019500
idle,3.0031,0.019200
idle,3.0021,0.032800
idle,3.4492,0.023100
idle,3.3230,0.022600
idle,3.9247,0.025500
idle,3.9037,0.024800
idle,3.6332,0.021400
idle,3.1975,0.024300
idle,4.3270,0.027000
idle,4.7426,0.037600
idle,3.8163,0.021200
idle,3.4579,0.042600
idle,5.5922,0.030000
idle,4.8607,0.039400
idle,4.2507,0.023500
idle,3.3745,0.021300
idle,3.9102,0.034300
idle,3.1654,0.023100
idle,3.3161,0.021200
idle,3.8068,0.025100
idle,3.5739,0.020400
idle,3.2952,0.019800
idle,3.0072,0.023300
idle,3.2025,0.030100
idle,3.2826,0.026900
idle,3.6084,0.025500
idle,3.3076,0.021900
idle,3.0771,0.020100
idle,3.0860,0.023400
idle,3.8981,0.051100
idle,3.4436,0.037200
idle,4.8565,0.024000
idle,3.5928,0.025400
idle,3.6156,0.020700
idle,3.7383,0.035700
idle,3.5144,0.019600
idle,3.5140,0.025800
idle,3.0239,0.023900
idle,4.0597,0.026700
idle,3.8496,0.026400
idle,3.6548,0.029700
idle,3.3360,0.050300
idle,3.4560,0.023000
idle,3.3742,0.032500
idle,3.5151,0.025200
idle,2.9132,0.018400
idle,3.1958,0.021800
idle,2.7788,0.020600
idle,3.6996,0.023900
idle,3.0354,0.024300
idle,3.2518,0.020000
idle,2.9617,0.022500
idle,2.6547,0.022300
idle,3.4242,0.023500
idle,2.9170,0.018000
idle,4.0837,0.021400
idle,3.0229,0.023000
idle,3.5390,0.038100
idle,3.0638,0.019900
idle,3.1386,0.021100
idle,3.2159,0.024000
idle,3.4113,0.019000
idle,2.8648,0.027400
idle,3.1492,0.022600
idle,3.1406,0.027300
idle,3.3668,0.022900
idle,2.8193,0.019100
idle,3.7746,0.030700
idle,3.7035,0.039900
idle,3.4540,0.020600
idle,3.3667,0.022100
idle,2.7214,0.027600
idle,3.3909,0.021100
idle,2.9728,0.019700
idle,3.5033,0.024400
idle,3.3987,0.020300
idle,4.4532,0.020900
idle,2.7618,0.020900
idle,2.5524,0.016000
idle,2.5407,0.019000
idle,2.7593,0.035600
idle,2.7836,0.017500
idle,2.8829,0.018300
idle,3.7662,0.019800
idle,2.8122,0.016600
idle,2.7065,0.021400
idle,2.9667,0.020100
idle,3.3059,0.026800
idle,3.2320,0.021800
idle,2.6768,0.021300
idle,2.7633,0.023300
idle,2.5577,0.016900
idle,2.5875,0.019500
idle,3.0542,0.017200
idle,2.4750,0.017100
idle,2.9562,0.017900
idle,2.5075,0.015000
idle,2.3098,0.032100
idle,2.6667,0.016400
idle,3.3737,0.018800
idle,3.6688,0.022800
idle,3.3614,0.060400
idle,3.4570,0.018800
idle,2.7428,0.019000
idle,3.3864,0.019800
idle,2.9501,0.021100
idle,3.6777,0.050000
idle,3.8248,0.026100
idle,4.5355,0.054100
idle,3.4767,0.024000
idle,3.7874,0.031700
idle,2.8205,0.022500
idle,4.5510,0.023600
idle,2.9321,0.022800
idle,2.7762,0.020600
idle,2.9402,0.029200
idle,3.0706,0.031300
idle,4.2766,0.022400
idle,3.4066,0.025500
idle,2.8712,0.021600
idle,2.4668,0.023400
idle,3.5249,0.023900
idle,3.4155,0.061400
idle,3.6431,0.033400
idle,3.6442,0.031400
idle,3.2212,0.026200
idle,3.2391,0.024000
idle,3.0189,0.020100
idle,2.6666,0.017900
idle,3.4420,0.029100
idle,2.6837,0.018700
idle,2.7355,0.020900
idle,2.7879,0.022100
idle,2.9753,0.021100
idle,2.9785,0.018500
idle,2.3334,0.018000
idle,2.5861,0.017300
idle,3.2457,0.019700
idle,2.4137,0.016700
idle,2.9021,0.023400
idle,2.6806,0.017500
idle,2.7833,0.028100
idle,3.0073,0.020500
idle,2.5024,0.019700
idle,2.6068,0.017700
idle,2.6682,0.018000
idle,2.8997,0.021200
idle,3.0637,0.017400
idle,2.8068,0.052400
idle,2.8214,0.022300
idle,2.6065,0.017000
idle,3.0390,0.017300
idle,2.6021,0.017400
idle,2.8067,0.023400
idle,3.1912,0.018400
idle,2.4983,0.016500
idle,2.7235,0.020600
idle,2.8402,0.018000
idle,2.4048,0.018400
idle,3.0983,0.024300
idle,2.5460,0.024000
idle,2.7462,0.026000
idle,3.3723,0.022000
idle,2.4140,0.019700
idle,2.7186,0.022800
idle,2.5146,0.018900
idle,2.7319,0.021100
idle,2.6058,0.019700
idle,2.6203,0.017700
idle,2.5652,0.018300
idle,2.3369,0.016500
idle,2.4162,0.020900
idle,2.9072,0.020100
idle,2.4300,0.017300
idle,2.3431,0.023000
idle,2.3050,0.018300
idle,2.2883,0.016800
idle,2.6016,0.020200
idle,2.6593,0.015400
idle,2.6818,0.017400
idle,2.4314,0.014300
idle,2.3831,0.013800
idle,2.4086,0.014100
idle,2.8283,0.019000
idle,2.4193,0.014000
idle,2.2007,0.015300
idle,3.1029,0.018000
idle,2.8868,0.016800
idle,2.8998,0.018900
idle,3.0127,0.017400
idle,2.5954,0.020000
idle,2.7771,0.015400
idle,2.6319,0.015900
idle,2.9273,0.020500
idle,2.8523,0.016500
idle,2.6513,0.019600
idle,2.6306,0.016000
idle,2.4811,0.017600
idle,2.5875,0.019000
idle,2.6203,0.017600
idle,2.3154,0.021800
idle,3.5514,0.022200
idle,3.0897,0.017900
idle,2.3706,0.017200
idle,2.4820,0.020500
idle,2.4981,0.018000
idle,2.6050,0.016700
idle,3.1766,0.024900
idle,2.8741,0.017500
idle,2.4437,0.015900
idle,2.4476,0.014300
idle,3.0804,0.018900
idle,2.7878,0.019100
idle,2.8918,0.024100
idle,3.1430,0.015800
idle,2.5685,0.015100
idle,2.9923,0.016200
idle,2.5472,0.016000
idle,2.7364,0.022600
idle,2.9302,0.021000
idle,2.4552,0.014400
idle,2.4506,0.015000
idle,2.3865,0.014500
idle,2.3962,0.018700
idle,3.1007,0.018600
idle,2.4334,0.106100
idle,3.3445,0.019100
idle,2.8151,0.015800
idle,2.2913,0.014800
idle,2.8925,0.018400
idle,2.6970,0.016500
idle,2.5775,0.023600
idle,3.0004,0.018100
idle,2.4424,0.014800
idle,3.1837,0.020900
idle,2.8355,0.017600
idle,2.5506,0.016200
idle,2.7732,0.018300
idle,2.6975,0.015500
idle,3.1013,0.019400
idle,2.7575,0.016800
idle,3.0433,0.026000
idle,2.8654,0.016400
idle,2.2141,0.014700
idle,2.5207,0.013900
idle,2.3274,0.020300
idle,2.9672,0.029500
idle,3.2863,0.018000
idle,2.6599,0.016700
idle,5.1048,0.025900
idle,3.0587,0.020700
idle,3.4057,0.024700
idle,2.7440,0.061100
idle,2.9918,0.015300
idle,2.6496,0.015700
idle,2.7710,0.017500
idle,2.5928,0.018300
idle,2.3142,0.015500
idle,2.8380,0.016200
idle,2.5526,0.019700
idle,2.4457,0.020300
idle,2.8684,0.016400
idle,2.7901,0.015100
idle,2.7618,0.018400
idle,2.5376,0.014600
idle,2.4252,0.015000
idle,3.0343,0.018200
idle,2.6429,0.015800
idle,2.9673,0.020300
idle,2.9903,0.018000
idle,2.5627,0.025400
idle,3.2591,0.029500
idle,2.8482,0.016100
idle,2.9959,0.027800
idle,3.3594,0.039200
idle,4.2162,0.025300
idle,3.7522,0.018700
idle,4.9693,0.024700
idle,3.7337,0.022400
idle,4.0589,0.024500
idle,4.9068,0.028700
idle,7.0981,0.028900
idle,4.9784,0.027900
idle,9.9046,0.040900
idle,16.6392,0.045800
idle,9.1183,0.036500
idle,7.1399,0.043500
idle,7.5686,0.049400
idle,7.8325,0.069000
idle,7.1322,0.037800
idle,7.0295,0.029300
idle,5.7861,0.037800
idle,5.5621,0.030600
idle,5.0429,0.031500
idle,4.4098,0.031500
idle,5.0216,0.035100
idle,4.9416,0.057900
idle,6.1157,0.025900
idle,4.4003,0.027300
idle,5.9728,0.035100
idle,4.5487,0.025000
idle,4.3421,0.033400
idle,4.8851,0.027800
idle,4.8627,0.025600
idle,3.9041,0.023500
idle,3.6310,0.036600
idle,3.6161,0.025300
idle,3.7921,0.023500
idle,3.8329,0.032700
idle,4.3268,0.042800
idle,4.7829,0.054600
idle,5.5284,0.023000
idle,4.6754,0.033700
idle,6.4797,0.024400
idle,4.7503,0.029900
idle,4.3694,0.034700
idle,5.4384,0.028100
idle,4.1093,0.026600
idle,4.7665,0.085600
idle,7.9992,0.031800
idle,4.5744,0.042900
idle,4.5991,0.030800
idle,3.8282,0.022200
idle,3.8248,0.025800
idle,3.3999,0.027300
idle,4.1204,0.043000
idle,5.5230,0.036800
idle,4.0326,0.022500
idle,3.3543,0.020800
idle,3.4679,0.021500
idle,3.6943,0.029200
idle,3.3206,0.028000
idle,3.2546,0.025200
idle,3.3044,0.019900
idle,4.3840,0.049900
idle,4.6457,0.040900
idle,3.7551,0.022200
idle,3.2493,0.030500
idle,3.3353,0.018200
idle,2.7435,0.024800
idle,3.0424,0.020900
idle,2.9127,0.018400
idle,2.8720,0.023400
idle,2.7106,0.018600
idle,2.8030,0.024300
idle,2.8564,0.016500
idle,2.4400,0.016000
idle,3.6135,0.020400
idle,3.0645,0.018500
idle,3.0268,0.019100
idle,2.4891,0.017300
idle,3.4811,0.031500
idle,3.8961,0.018400
idle,3.2467,0.026500
idle,2.8328,0.018900
idle,2.9911,0.031300
idle,2.8508,0.017200
idle,2.9699,0.019900
idle,3.2946,0.044100
idle,3.6072,0.016700
idle,3.4295,0.024100
idle,2.9167,0.017000
idle,2.7296,0.022700
idle,2.5657,0.016400
idle,2.7146,0.016500
idle,3.1892,0.021900
idle,2.5641,0.015500
idle,2.4453,0.016600
idle,2.9214,0.015600
idle,2.5446,0.015100
idle,3.6454,0.021700
idle,3.1131,0.020100
idle,2.9803,0.023100
idle,3.3362,0.020800
idle,3.4382,0.026300
idle,3.2273,0.020000
idle,2.4796,0.016800
idle,2.7217,0.018700
idle,3.0075,0.019000
idle,3.3403,0.018600
idle,2.4740,0.018200
idle,2.7393,0.022500
idle,2.8179,0.016100
idle,2.3120,0.015900
idle,2.6120,0.016000
idle,3.0466,0.018600
idle,2.4024,0.017700
idle,2.8990,0.018500
idle,2.3832,0.014700
idle,2.7226,0.022700
idle,3.2478,0.021300
idle,2.3914,0.017500
idle,3.1401,0.029000
idle,3.0602,0.021300
idle,2.7082,0.017300
idle,2.3383,0.016300
idle,2.5341,0.026600
idle,2.8207,0.017400
idle,2.2754,0.015600
idle,2.4632,0.019100
idle,2.8572,0.018100
idle,2.5215,0.014500
idle,3.6570,0.025800
idle,3.0785,0.017100
idle,2.6861,0.017800
idle,2.6917,0.017300
idle,2.4642,0.014700
idle,2.7990,0.018700
idle,2.6227,0.015700
idle,2.4747,0.019000
idle,3.0392,0.018100
idle,2.5300,0.015800
idle,2.5270,0.016300
idle,2.2719,0.026200
idle,2.4343,0.016900
idle,2.9949,0.018800
idle,3.1011,0.017000
idle,2.8272,0.026600
idle,2.8900,0.017000
idle,2.5034,0.021000
idle,2.6714,0.016700
idle,2.3832,0.016600
idle,2.7164,0.019100
idle,2.8989,0.018100
idle,2.4356,0.015400
idle,2.7034,0.021200
idle,2.7842,0.015700
idle,2.5708,0.019600
idle,2.7675,0.021700
idle,3.4233,0.016700
idle,3.0375,0.027700
idle,2.9983,0.017100
idle,2.8022,0.027100
idle,2.7890,0.021600
idle,2.5500,0.016200
idle,2.9919,0.019600
idle,3.0433,0.020400
idle,2.9035,0.018900
idle,2.6870,0.017200
idle,4.3504,0.033300
idle,4.8100,0.078100
idle,5.4230,0.045300
idle,4.5253,0.026500
idle,3.3013,0.020000
idle,3.5839,0.028000
idle,3.1366,0.019800
idle,3.6868,0.022100
idle,3.3049,0.020600
idle,3.4634,0.023600
idle,2.9074,0.020400
idle,4.5505,0.026000
idle,4.1741,0.035400
idle,4.7809,0.028800
idle,4.8895,0.024200
idle,3.5745,0.024200
idle,3.8683,0.026300
idle,3.5183,0.024600
idle,3.4476,0.020500
idle,2.6553,0.017000
idle,3.2866,0.021100
idle,3.2575,0.024600
idle,3.8753,0.025700
idle,2.9604,0.023600
idle,3.3300,0.020900
idle,2.4454,0.016300
idle,2.2367,0.014100
idle,3.9620,0.065700
idle,3.9332,0.033500
idle,3.2595,0.021100
idle,2.6161,0.019700
idle,3.1944,0.019800
idle,2.9194,0.023200
idle,3.0014,0.018900
idle,2.5569,0.019800
idle,2.2439,0.020000
idle,3.2798,0.019900
idle,2.8807,0.022800
idle,3.1337,0.019700
idle,2.9811,0.017200
idle,2.9143,0.023400
idle,3.3775,0.020500
idle,3.9218,0.033500
idle,4.7505,0.030900
idle,4.4435,0.035700
idle,3.3434,0.029200
idle,3.5175,0.021000
idle,2.8710,0.018700
idle,3.3385,0.024700
idle,3.0990,0.023200
idle,3.3854,0.021300
idle,2.8834,0.018000
idle,2.8097,0.031300
idle,3.0080,0.021100
idle,2.5622,0.015400
idle,3.5391,0.049300
idle,3.4108,0.016800
idle,3.0095,0.017700
idle,3.1303,0.032100
idle,3.2972,0.019700
idle,2.7582,0.019500
idle,3.6278,0.040600
idle,3.7396,0.034200
idle,3.5118,0.019000
idle,2.9275,0.034900
idle,2.9214,0.016600
idle,2.9221,0.015800
idle,2.4584,0.012800
idle,3.1838,0.020200
idle,2.9362,0.016900
idle,2.8066,0.025300
idle,3.0382,0.016100
idle,2.5334,0.017400
idle,3.3048,0.020000
idle,2.8674,0.016300
idle,3.0503,0.018500
idle,2.9210,0.020000
idle,3.0988,0.023300
idle,2.8908,0.018600
idle,2.3519,0.015100
idle,3.2495,0.020300
idle,2.7192,0.017700
idle,3.6786,0.025400
idle,2.7254,0.018600
idle,2.4770,0.019800
idle,2.7752,0.017400
idle,2.4608,0.015800
idle,3.1005,0.024000
idle,3.1705,0.017500
idle,2.9509,0.027300
idle,3.3342,0.019500
idle,2.9415,0.024500
idle,4.1678,0.016700
idle,2.3612,0.015700
idle,2.6558,0.016600
idle,2.2968,0.017200
idle,2.9161,0.018400
idle,3.6206,0.039100
idle,3.0952,0.023200
idle,3.9114,0.019200
idle,3.0240,0.026000
idle,2.9669,0.019900
idle,2.7048,0.015400
idle,2.5951,0.017000
idle,2.4488,0.015500
idle,2.4167,0.015600
idle,3.2525,0.019700
idle,2.6374,0.017400
idle,3.1390,0.038900
idle,3.0616,0.018400
idle,2.6433,0.018000
idle,2.8223,0.016700
idle,2.5818,0.019000
idle,3.7408,0.031900
idle,3.0535,0.018600
idle,3.3415,0.024500
idle,2.9817,0.016700
idle,2.7035,0.017700
idle,2.9404,0.016300
idle,2.5976,0.016000
idle,2.6894,0.016500
idle,2.8101,0.018800
idle,2.6037,0.016600
idle,2.8472,0.016200
idle,2.8359,0.015000
idle,2.7771,0.016900
idle,2.6650,0.016500
idle,2.2843,0.025100
idle,3.0635,0.017100
idle,2.8057,0.017800
idle,2.8394,0.016900
idle,2.5713,0.016800
idle,2.4206,0.019200
idle,2.6916,0.023000
idle,3.3685,0.017800
idle,2.8043,0.022900
idle,2.7022,0.017000
idle,2.4400,0.024700
idle,2.6914,0.015800
idle,2.3811,0.016200
idle,2.8253,0.018900
idle,3.4986,0.019300
idle,2.7167,0.018800
idle,2.4817,0.014700
idle,2.2595,0.013800
idle,2.3930,0.021200
idle,2.7401,0.023000
idle,2.9425,0.018600
idle,2.7637,0.018500
idle,2.6511,0.015200
idle,2.4065,0.018600
idle,2.6540,0.015400
idle,2.3151,0.014100
idle,2.6620,0.020200
idle,2.6679,0.022100
idle,2.6193,0.016000
idle,2.8393,0.017500
idle,2.4118,0.016800
idle,2.6019,0.019000
idle,2.7871,0.019500
idle,2.8852,0.016700
idle,2.8978,0.016900
idle,2.5821,0.020500
idle,3.0866,0.019500
idle,2.8301,0.016400
idle,2.5414,0.015400
idle,3.0837,0.018100
idle,2.7755,0.020500
idle,2.8775,0.018200
idle,2.6058,0.015100
idle,2.2318,0.013800
idle,2.5001,0.016100
idle,2.4874,0.016400
idle,2.6013,0.013800
idle,2.7994,0.016700
idle,2.4330,0.015900
idle,2.2857,0.014100
idle,2.9273,0.017300
idle,2.4385,0.016300
idle,2.5846,0.016500
idle,3.0952,0.018700
idle,2.7016,0.015700
idle,3.0903,0.018300
idle,2.5667,0.016200
idle,2.7387,0.020500
idle,3.1857,0.016100
idle,2.8767,0.019700
idle,2.6771,0.015000
idle,2.2543,0.014300
idle,2.4733,0.019400
idle,3.0350,0.017500
idle,2.5095,0.014900
idle,2.6325,0.016700
idle,2.6928,0.016200
idle,2.1746,0.013800
idle,2.8950,0.020800
idle,2.4712,0.016000
idle,2.3271,0.016500
idle,2.5413,0.017700
idle,2.7384,0.017100
idle,2.4095,0.019300
idle,3.1260,0.016400
idle,2.2281,0.014800
idle,2.9139,0.020600
idle,2.6603,0.015800
idle,2.4642,0.017500
idle,2.4737,0.016200
idle,2.4853,0.014500
idle,2.5826,0.020000
idle,3.7425,0.095700
idle,4.3729,0.030600
idle,3.1659,0.024400
idle,3.2248,0.027300
idle,2.9263,0.018900
idle,3.2615,0.027200
idle,3.1973,0.020000
idle,3.3307,0.022200
idle,3.5675,0.024900
idle,3.0336,0.023500
idle,3.0418,0.017700
idle,2.7758,0.018600
idle,3.1581,0.017700
idle,2.8172,0.020100
idle,3.1777,0.027200
idle,4.1839,0.018200
idle,3.2103,0.021100
idle,2.6798,0.016400
idle,2.5811,0.017600
idle,2.6648,0.015400
idle,2.5923,0.018200
idle,3.1424,0.023400
idle,3.4549,0.018300
idle,2.6478,0.018100
idle,2.4613,0.014700
idle,2.5063,0.020400
idle,2.8305,0.017900
idle,3.4669,0.017800
idle,2.5751,0.026200
idle,3.0228,0.017600
idle,2.4345,0.015700
idle,2.7015,0.016800
idle,2.5852,0.016400
idle,2.5017,0.018200
idle,2.8020,0.020700
idle,2.6816,0.019400
idle,2.7115,0.019400
idle,2.6989,0.020300
idle,2.4716,0.015100
idle,3.1286,0.020500
idle,2.8915,0.016900
idle,2.4574,0.016400
idle,2.4016,0.015700
idle,2.3405,0.019300
idle,3.0502,0.018300
idle,2.6445,0.016700
idle,3.0541,0.020900
idle,2.8077,0.020900
idle,2.8106,0.016600
idle,2.6571,0.016700
idle,2.2872,0.017000
idle,2.5919,0.019700
idle,2.6008,0.017900
idle,2.8273,0.024800
idle,3.0371,0.017100
idle,2.6016,0.016200
idle,2.3163,0.014700
idle,2.4506,0.017400
idle,2.4830,0.017800
idle,2.6417,0.023800
idle,4.0524,0.019500
idle,3.0188,0.024200
idle,2.9552,0.019300
idle,2.3866,0.018200
idle,2.5513,0.020700
idle,2.6598,0.018600
idle,2.5502,0.015700
idle,2.8522,0.017300
idle,2.4188,0.017800
idle,2.5662,0.025100
idle,3.2406,0.018200
idle,3.2869,0.026200
idle,3.5761,0.029100
idle,3.3720,0.035600
idle,4.7678,0.025700
idle,5.0076,0.025600
idle,4.2234,0.035200
idle,4.7264,0.033500
idle,5.3878,0.025300
idle,4.5463,0.033600
idle,4.2213,0.035100
idle,4.3577,0.060700
idle,4.5405,0.036500
idle,3.7840,0.021100
idle,4.2363,0.031200
idle,3.3721,0.020100
idle,4.7156,0.024100
idle,4.1385,0.025700
idle,3.7604,0.032300
idle,3.8909,0.024200
idle,3.2265,0.023000
idle,3.4519,0.028000
idle,3.4219,0.021500
idle,2.7386,0.018600
idle,4.2870,0.028100
idle,3.5694,0.049500
idle,3.4630,0.020500
idle,2.9339,0.021800
idle,3.0810,0.020000
idle,3.7440,0.044600
idle,4.1093,0.033600
idle,3.2755,0.024300
idle,3.3976,0.021000
idle,4.0032,0.031200
idle,4.8114,0.030000
idle,4.0614,0.023400
idle,3.4945,0.020500
idle,3.8105,0.023600
idle,3.5028,0.020100
idle,3.5224,0.020500
idle,3.0543,0.020900
idle,3.5689,0.023600
idle,2.9109,0.022300
idle,3.3689,0.020800
idle,3.1257,0.022800
idle,3.3375,0.025700
idle,4.0311,0.028200
idle,3.5293,0.023600
idle,3.9179,0.026500
idle,3.6470,0.028200
idle,3.1712,0.022800
idle,3.1215,0.019700
idle,2.9581,0.019800
idle,3.4235,0.023400
idle,3.1396,0.018700
idle,3.3050,0.020500
idle,3.0331,0.020800
idle,2.9677,0.027400
idle,4.1056,0.027900
idle,3.3825,0.033200
idle,3.6643,0.028500
idle,3.3599,0.030400
idle,2.9644,0.019800
idle,2.8641,0.018400
idle,3.4048,0.035800
idle,3.6959,0.019400
idle,3.1985,0.022900
idle,3.5062,0.025200
idle,3.4573,0.021100
idle,3.1139,0.027400
idle,3.5780,0.026800
idle,3.1557,0.022900
idle,3.2073,0.024700
idle,4.4270,0.020400
idle,3.2538,0.035200
idle,3.0800,0.017900
idle,2.9003,0.017100
idle,2.8464,0.015400
idle,2.8400,0.023300
idle,3.0125,0.024000
idle,2.8871,0.020300
idle,3.0933,0.017100
idle,2.3520,0.013800
idle,2.2674,0.030500
idle,3.2541,0.021500
idle,3.1251,0.039100
idle,3.2945,0.017300
idle,2.8651,0.022500
idle,2.9310,0.018500
idle,2.6357,0.015900
idle,2.4645,0.019400
idle,2.6409,0.016700
idle,2.2064,0.015300
idle,2.2963,0.019600
idle,2.8401,0.021200
idle,2.7173,0.016100
idle,2.6916,0.017300
idle,2.4482,0.016500
idle,2.2823,0.014500
idle,2.7428,0.031400
idle,2.6824,0.016700
idle,2.6078,0.021500
idle,3.0313,0.015500
idle,2.5466,0.020500
idle,3.0769,0.021000
idle,2.5289,0.015500
idle,2.5719,0.022800
idle,2.5752,0.019900
idle,2.5727,0.016900
idle,2.3208,0.017100
idle,2.3589,0.015300
idle,2.2703,0.013800
idle,2.3804,0.016000
idle,3.0313,0.016400
idle,2.6669,0.016500
idle,2.9743,0.016800
idle,2.3810,0.016200
idle,2.9787,0.025000
idle,3.5879,0.019100
idle,3.0963,0.019600
idle,3.3786,0.025000
idle,2.7596,0.017800
idle,2.7099,0.017400
idle,2.6024,0.021000
idle,3.8605,0.040700
idle,3.9812,0.019700
idle,3.4320,0.021300
idle,3.6615,0.134800
idle,3.9747,0.020500
idle,3.2427,0.019800
idle,4.4182,0.036300
idle,3.9870,0.025100
idle,3.9594,0.024800
idle,3.4634,0.028300
idle,3.4470,0.019800
idle,2.9864,0.021200
idle,2.6267,0.016800
idle,2.6620,0.021700
idle,3.6787,0.045700
idle,3.1747,0.018000
idle,3.0354,0.019100
idle,2.8750,0.019400
idle,2.6339,0.021100
idle,2.3414,0.014700
idle,2.5357,0.025800
idle,3.0470,0.016000
idle,2.7724,0.022100
idle,2.8514,0.022500
idle,2.7240,0.015100
idle,2.2283,0.016100
idle,2.3662,0.023100
idle,2.7143,0.016800
idle,2.3503,0.015800
idle,3.8736,0.023800
idle,4.0784,0.032300
idle,3.2658,0.019000
idle,2.8567,0.018300
idle,2.8686,0.035200
idle,3.2460,0.018300
idle,2.7377,0.019100
idle,2.6170,0.016000
idle,2.3652,0.015000
idle,2.8124,0.020700
idle,2.9690,0.021100
idle,3.0317,0.024200
idle,3.3693,0.023000
idle,2.5500,0.016200
idle,2.6723,0.018400
idle,2.7081,0.016200
idle,3.3115,0.025800
idle,3.2433,0.017500
idle,2.5293,0.018100
idle,2.4678,0.020200
idle,2.4465,0.059000
idle,2.8489,0.019800
idle,2.6793,0.017200
idle,2.5519,0.019300
idle,2.6915,0.021100
idle,2.3334,0.015500
idle,2.2116,0.014800
idle,3.1525,0.018300
idle,2.6350,0.016500
idle,3.4421,0.021600
idle,3.5668,0.019700
idle,3.1076,0.020800
idle,3.0345,0.029000
idle,4.1531,0.022800
idle,3.2259,0.024600
idle,3.3007,0.021500
idle,2.8408,0.020700
idle,3.5299,0.027500
idle,4.1832,0.021400
idle,2.9899,0.025000
idle,3.0727,0.020200
idle,2.5246,0.018700
idle,2.6381,0.016000
idle,2.2880,0.018200
idle,2.6466,0.018800
idle,2.4509,0.020600
idle,2.5136,0.017300
idle,2.7529,0.020500
idle,2.8712,0.020300
idle,2.4522,0.014800
idle,2.5677,0.017800
idle,2.8171,0.016700
idle,2.6384,0.021700
idle,2.9717,0.019100
idle,2.8034,0.015800
idle,2.6391,0.015000
idle,2.7430,0.018500
idle,2.5526,0.018800
idle,2.4745,0.014800
idle,2.2427,0.013500
idle,2.5999,0.017500
idle,2.7647,0.016100
idle,3.3323,0.030400
idle,2.9796,0.015400
idle,2.4365,0.014700
idle,2.5084,0.017400
idle,2.7447,0.020700
idle,2.4992,0.016900
idle,2.7801,0.017500
idle,2.5808,0.015200
idle,2.5979,0.017900
idle,3.1463,0.016500
idle,2.6295,0.019700
idle,3.0720,0.019300
idle,2.6652,0.017300
idle,2.6722,0.020100
idle,3.0296,0.020600
idle,2.7186,0.015600
idle,3.1219,0.026300
idle,2.6020,0.014900
idle,2.2389,0.016300
idle,2.4945,0.014600
idle,2.9044,0.019400
idle,2.7302,0.015600
idle,2.5712,0.018900
idle,2.3209,0.015600
idle,2.7182,0.016700
idle,2.5967,0.015300
idle,3.0405,0.034400
idle,3.5437,0.016500
idle,2.6376,0.018200
idle,2.7499,0.017600
idle,2.7237,0.032700
idle,3.1812,0.021900
idle,2.4436,0.015600
idle,2.5585,0.018300
idle,3.0017,0.016500
idle,2.5077,0.022000
idle,2.7314,0.015500
idle,2.7988,0.015900
idle,2.2286,0.014200
idle,2.8582,0.019300
idle,6.6503,0.017400
idle,3.3185,0.018300
idle,2.9583,0.020500
idle,2.9260,0.018600
idle,2.8756,0.021200
idle,2.6180,0.022000
idle,2.6755,0.019100
idle,2.8346,0.016400
idle,2.7653,0.022100
idle,3.9011,0.026500
idle,3.1407,0.019900
idle,3.1607,0.034300
idle,3.3558,0.024500
idle,2.7949,0.023200
idle,3.0878,0.022900
idle,2.8144,0.020600
idle,2.4244,0.019100
idle,2.5999,0.019000
idle,2.7821,0.024000
idle,3.0618,0.019100
idle,2.8352,0.020200
idle,2.4493,0.024300
idle,2.5345,0.015600
idle,2.5682,0.017100
idle,2.6179,0.016700
idle,2.7883,0.019200
idle,2.9712,0.029700
idle,2.9417,0.016300
idle,2.5420,0.014800
idle,3.1941,0.020100
idle,2.8200,0.016300
idle,2.8612,0.030300
idle,2.8539,0.016400
idle,2.3774,0.017100
idle,2.5151,0.016600
idle,2.9279,0.016100
idle,3.2640,0.023700
idle,3.2081,0.016700
idle,2.3363,0.014100
idle,2.4699,0.017200
idle,2.3484,0.015100
idle,2.2630,0.016500
idle,2.7646,0.015300
idle,2.2206,0.015000
idle,2.2362,0.014800
idle,2.9126,0.023300
idle,2.8169,0.016800
idle,2.4321,0.015900
idle,2.3309,0.016800
idle,2.3902,0.017700
idle,2.9995,0.016900
idle,2.4298,0.019500
idle,2.3001,0.015700
idle,3.4349,0.018400
idle,2.5130,0.017500
idle,2.5042,0.026300
idle,2.5786,0.017400
idle,2.7757,0.028700
idle,2.8108,0.017000
idle,2.2510,0.015100
idle,2.2806,0.032300
idle,3.5123,0.020200
idle,2.4100,0.015400
idle,2.4039,0.022500
idle,2.4864,0.015100
idle,2.7027,0.019400
idle,2.7225,0.024200
idle,2.5932,0.020400
idle,2.5295,0.018200
idle,2.7276,0.016400
idle,2.2249,0.021000
idle,2.5755,0.017300
idle,2.4232,0.017100
idle,2.7722,0.028000
idle,3.6488,0.028700
idle,3.6668,0.029500
idle,3.5774,0.020000
idle,2.8254,0.018600
idle,3.3364,0.021800
idle,2.9394,0.022700
idle,2.7375,0.020000
idle,2.5101,0.017900
idle,2.3210,0.016200
idle,3.3566,0.019200
idle,3.0398,0.020000
idle,3.5217,0.020800
idle,3.1784,0.020200
idle,2.9101,0.020600
idle,2.6809,0.019500
idle,2.8207,0.020700
idle,3.1805,0.018800
idle,2.3419,0.015300
idle,2.3574,0.016000
idle,2.9417,0.061900
idle,2.7439,0.016200
idle,2.3627,0.016400
idle,2.5379,0.015300
idle,2.3830,0.019500
idle,2.7603,0.015500
idle,2.5814,0.022000
idle,2.8080,0.016200
idle,2.6553,0.015100
idle,2.5709,0.016300
idle,3.0542,0.026000
idle,3.1877,0.019700
idle,3.1832,0.024400
idle,2.8778,0.017800
idle,2.6428,0.019200
idle,2.9997,0.018500
idle,2.6602,0.018900
idle,2.8293,0.018600
idle,3.0954,0.016900
idle,2.5246,0.029100
idle,3.0931,0.018500
idle,2.3565,0.018200
idle,2.4661,0.015900
idle,2.3660,0.015200
idle,2.3430,0.014700
idle,3.2017,0.022300
idle,3.3712,0.017300
idle,3.0377,0.016100
idle,2.7060,0.016600
idle,2.5332,0.016600
idle,2.7506,0.015900
idle,2.9649,0.017200
idle,3.4642,0.023900
idle,2.9135,0.015400
idle,2.6073,0.015300
idle,2.3929,0.014100
idle,3.3926,0.027300
idle,3.8373,0.020100
idle,3.1414,0.016900
idle,2.6969,0.017300
idle,2.3745,0.015100
idle,2.4736,0.020100
idle,3.0781,0.023600
idle,2.9039,0.016800
idle,2.5351,0.018900
idle,2.3289,0.015800
idle,2.5672,0.017500
idle,2.9106,0.019700
idle,3.2759,0.017000
idle,3.0016,0.025500
idle,2.8808,0.020900
idle,2.4050,0.017900
idle,2.3785,0.013900
idle,3.0308,0.027200
idle,4.1832,0.046200
idle,3.2412,0.017600
idle,2.9019,0.020500
idle,2.9187,0.019800
idle,3.0559,0.027100
idle,3.4947,0.021100
idle,3.3202,0.028300
idle,3.0146,0.023100
idle,2.9041,0.038200
idle,2.9167,0.015500
idle,2.9594,0.021500
idle,3.5867,0.020700
idle,2.9182,0.017300
idle,3.0430,0.020100
idle,2.8588,0.018200
idle,2.8580,0.019600
idle,3.3675,0.025100
idle,2.6830,0.021700
idle,3.2665,0.020300
idle,2.7978,0.017700
idle,3.6021,0.019500
idle,3.3596,0.019900
idle,3.1101,0.027200
idle,2.7933,0.020900
idle,2.4784,0.018700
idle,2.6174,0.020000
idle,4.9199,0.021800
idle,3.4537,0.025300
idle,3.0022,0.019600
idle,2.5623,0.016200
idle,3.3358,0.018600
idle,3.4286,0.024400
idle,3.2877,0.020500
idle,2.9837,0.028800
idle,3.6693,0.027100
idle,3.0837,0.017800
idle,2.6921,0.018200
idle,2.7330,0.023400
idle,3.4836,0.019600
idle,2.5838,0.017400
idle,2.7780,0.016400
idle,2.4754,0.018300
idle,2.4496,0.017700
idle,3.3161,0.018600
idle,3.7884,0.024000
idle,2.7180,0.019400
idle,2.6537,0.016500
idle,2.9269,0.020500
idle,2.7307,0.018300
idle,3.4183,0.020100
idle,2.7936,0.030000
idle,3.2820,0.020200
idle,2.8885,0.017700
idle,2.3316,0.015800
idle,2.8245,0.018100
idle,2.8050,0.019000
idle,2.6955,0.021100
idle,2.9765,0.017900
idle,2.7949,0.016100
idle,2.3421,0.025400
idle,3.1627,0.042900
idle,2.9035,0.021700
idle,2.9410,0.021100
idle,2.5338,0.019000
idle,2.8953,0.016900
idle,2.6785,0.017800
idle,2.5467,0.019200
idle,2.7709,0.018700
idle,2.3601,0.015200
idle,2.4466,0.019100
idle,2.5719,0.016800
idle,2.9179,0.036200
idle,3.0999,0.020100
idle,2.7135,0.021200
idle,2.3301,0.017100
idle,2.6875,0.017500
idle,2.6091,0.016400
idle,3.4138,0.019500
idle,2.8842,0.025700
idle,2.9641,0.018500
idle,2.7775,0.016900
idle,2.5841,0.018000
idle,3.1363,0.020700
idle,2.8475,0.019700
idle,2.8999,0.017800
idle,2.7205,0.016200
idle,2.3791,0.015900
idle,3.3547,0.027500
idle,2.8541,0.018800
idle,2.7534,0.017600
idle,2.8481,0.017800
idle,2.6433,0.019700
idle,3.3168,0.029400
idle,2.5402,0.020600
idle,2.8995,0.023900
idle,2.5829,0.016900
idle,2.4699,0.019100
idle,2.9573,0.022000
idle,3.1349,0.017600
idle,2.6066,0.018200
idle,2.5685,0.021800
idle,2.3798,0.017300
idle,2.9530,0.016900
idle,2.4960,0.017200
idle,3.4896,0.021000
idle,2.9504,0.020700
idle,2.7811,0.021200
idle,2.6796,0.016100
idle,2.7621,0.021700
idle,3.9946,0.027600
idle,3.1474,0.019800
idle,3.2684,0.023500
idle,2.8156,0.019900
idle,2.7458,0.020800
idle,2.7278,0.020000
idle,2.7524,0.016500
idle,2.6769,0.018600
idle,2.5364,0.015700
idle,2.3987,0.017300
idle,2.9662,0.018600
idle,2.5148,0.017100
idle,3.1838,0.028500
idle,2.8881,0.017500
idle,2.6163,0.019800
idle,2.6125,0.017500
idle,2.2219,0.014700
idle,2.7830,0.027700
idle,3.5220,0.017100
idle,2.5572,0.021800
idle,2.8699,0.018200
idle,2.5772,0.014200
idle,2.7896,0.064400
idle,2.8642,0.015900
idle,2.5607,0.015800
idle,2.9764,0.016400
idle,2.5802,0.015200
idle,2.7670,0.016200
idle,2.9663,0.018700
idle,2.6177,0.021000
idle,2.8634,0.021500
idle,2.4246,0.015300
idle,2.5328,0.044500
idle,2.8742,0.013100
idle,2.4505,0.014000
idle,2.8578,0.020800
idle,2.7201,0.019300
idle,2.4028,0.023400
idle,3.0390,0.015300
idle,2.4919,0.014900
idle,3.0074,0.026500
idle,2.5271,0.016200
idle,2.4603,0.016500
idle,2.6860,0.017100
idle,2.3167,0.015800
idle,2.6477,0.030200
idle,2.9013,0.015100
idle,2.5826,0.019900
idle,2.6622,0.016800
idle,2.4539,0.016700
idle,2.3673,0.015500
idle,3.1017,0.021700
idle,2.5780,0.016000
idle,2.6418,0.019000
idle,3.0098,0.018800
idle,2.4721,0.014800
idle,2.7587,0.020200
idle,2.5826,0.016000
idle,2.4063,0.016900
idle,2.7577,0.021800
idle,2.6510,0.015200
idle,2.8894,0.019000
idle,3.6574,0.029700
idle,3.1989,0.021700
idle,3.1464,0.020300
idle,3.1985,0.025300
idle,2.9575,0.017200
idle,2.6200,0.015600
idle,2.7859,0.020000
idle,2.5575,0.015600
idle,2.6249,0.021600
idle,2.9516,0.017700
idle,2.5013,0.015100
idle,2.9769,0.017200
idle,2.5786,0.015300
idle,2.5399,0.016000
idle,3.0577,0.017300
idle,2.5104,0.013400
idle,2.5588,0.022100
idle,2.7379,0.016100
idle,2.3948,0.028300
idle,2.5135,0.017700
idle,2.4379,0.014800
idle,2.8159,0.022300
idle,3.0029,0.016200
idle,2.3552,0.019400
idle,2.5267,0.022800
idle,2.6315,0.017200
idle,2.3617,0.018000
idle,2.9019,0.017800
idle,2.5372,0.016600
idle,2.7274,0.023600
idle,3.2444,0.019100
idle,2.8493,0.019600
idle,3.5786,0.022300
idle,3.7565,0.030700
idle,3.8945,0.019900
idle,3.5452,0.032700
idle,3.0629,0.019700
idle,3.1774,0.022800
idle,3.1895,0.019400
idle,2.9487,0.021000
idle,3.7764,0.025000
idle,3.6891,0.074500
idle,3.7580,0.020200
idle,2.7140,0.024000
idle,3.5951,0.026000
idle,2.5942,0.017200
idle,2.8893,0.020300
idle,2.7133,0.017000
idle,2.3427,0.019900
idle,2.7304,0.018700
idle,2.7504,0.018100
idle,2.7769,0.019000
idle,2.8504,0.017700
idle,2.4138,0.014900
idle,3.0774,0.018600
idle,2.4922,0.018000
idle,2.7147,0.018000
idle,2.7061,0.015600
idle,2.5447,0.014900
idle,2.6907,0.019300
idle,2.4486,0.016300
idle,2.3156,0.014600
idle,2.5609,0.016500
idle,2.3990,0.016600
idle,2.7331,0.022000
idle,3.1267,0.019100
idle,2.8830,0.017300
idle,2.6747,0.019100
idle,2.4441,0.018800
idle,2.5191,0.019600
idle,2.9685,0.019200
idle,2.5570,0.016700
idle,2.8513,0.018200
idle,2.4014,0.015400
idle,2.2277,0.014900
idle,2.6738,0.023100
idle,2.4006,0.018300
idle,2.3526,0.014400
idle,3.1923,0.016200
idle,2.4389,0.015500
idle,2.5203,0.023600
idle,3.0285,0.017500
idle,2.6654,0.014800
idle,2.7200,0.016900
idle,2.5326,0.015600
idle,2.4160,0.017800
idle,3.1112,0.016800
idle,2.3758,0.017700
idle,2.4106,0.023000
idle,3.1873,0.017700
idle,2.5966,0.016100
idle,2.7094,0.018900
idle,2.3452,0.015900
idle,2.6540,0.018300
idle,2.9568,0.017100
idle,2.4764,0.014800
idle,2.7110,0.019300
idle,2.7768,0.016600
idle,2.7652,0.018900
idle,2.9489,0.019900
idle,3.3003,0.022700
idle,3.3966,0.023700
idle,2.8132,0.019600
idle,3.1265,0.022800
idle,3.2264,0.018000
idle,3.0185,0.021000
idle,2.9216,0.017700
idle,2.4269,0.020100
idle,2.6664,0.016000
idle,2.2271,0.015000
idle,2.3502,0.024300
idle,3.0859,0.016700
idle,2.3521,0.016100
idle,3.3984,0.019500
idle,2.5770,0.015200
idle,2.5450,0.018900
idle,2.7653,0.015700
idle,2.4479,0.015000
idle,2.5169,0.019300
idle,2.7562,0.014500
idle,2.1558,0.014600
idle,2.3728,0.018600
idle,2.5623,0.015500
idle,2.3779,0.016900
idle,2.6959,0.016000
idle,2.5684,0.017500
idle,2.6995,0.019100
idle,2.8805,0.016400
idle,2.7983,0.018100
idle,3.1172,0.018100
idle,3.2097,0.019300
idle,2.9493,0.019000
idle,3.0271,0.018800
idle,2.9595,0.022500
idle,3.2830,0.019600
idle,2.7023,0.016600
idle,3.3134,0.020200
idle,2.5756,0.015800
idle,3.0069,0.017000
idle,2.9202,0.020100
idle,2.4176,0.019000
idle,2.8313,0.018600
idle,2.3893,0.017300
idle,2.9951,0.020300
idle,3.1721,0.019900
idle,2.6617,0.018900
idle,2.9014,0.018000
idle,2.4526,0.014500
idle,2.5918,0.017200
idle,2.8002,0.015300
idle,2.6633,0.014000
idle,2.8136,0.024500
idle,2.7683,0.015100
idle,2.5018,0.019900
idle,2.9481,0.018300
idle,2.3939,0.018400
idle,3.0652,0.027800
idle,2.6798,0.015500
idle,3.0383,0.019200
idle,2.6734,0.017000
idle,2.2525,0.016300
idle,4.3442,0.028200
idle,3.4474,0.026700
idle,3.5301,0.024000
idle,2.6412,0.015700
idle,2.7396,0.017400
idle,2.7573,0.016200
idle,2.6400,0.017900
idle,2.9315,0.021800
idle,2.4273,0.015000
idle,2.8746,0.021800
idle,3.4080,0.020900
idle,2.8273,0.019600
idle,2.9483,0.019600
idle,2.6094,0.016400
idle,3.0685,0.018400
idle,2.3117,0.016300
idle,2.2063,0.038300
idle,3.3643,0.017100
idle,2.4876,0.014600
idle,2.7186,0.022800
idle,3.1238,0.022400
idle,2.8665,0.020100
idle,3.1843,0.018500
idle,2.5504,0.033000
idle,2.8391,0.021600
idle,2.7360,0.015700
idle,2.5293,0.016400
idle,2.6809,0.016300
idle,2.3550,0.013700
idle,2.6515,0.021000
idle,2.8253,0.017600
idle,2.3476,0.015100
idle,2.7935,0.020400
idle,2.9317,0.016400
idle,2.4716,0.019500
idle,2.6394,0.015500
idle,2.3763,0.014600
idle,2.4744,0.015500
idle,2.7890,0.016900
idle,2.9151,0.047500
idle,3.6250,0.018800
idle,2.5248,0.015900
idle,3.0440,0.058800
idle,2.8449,0.020600
idle,2.7183,0.017800
idle,2.7613,0.015600
idle,2.5518,0.013800
idle,2.9285,0.021900
idle,2.6728,0.016300
idle,2.9338,0.021600
idle,3.7406,0.019600
idle,3.4775,0.022800
idle,3.5156,0.021100
idle,4.4531,0.036600
idle,4.8174,0.044900
idle,4.5332,0.023500
idle,3.7737,0.033200
idle,4.4895,0.026500
idle,4.0468,0.033400
idle,3.6257,0.033000
idle,4.0852,0.023800
idle,2.8577,0.025500
idle,4.0271,0.020000
idle,2.8976,0.026100
idle,3.7899,0.026100
idle,2.9380,0.018700
idle,4.1883,0.031400
idle,3.1840,0.026700
idle,4.1274,0.025900
idle,3.3990,0.038700
idle,3.0845,0.024100
idle,2.9266,0.023200
idle,3.1414,0.024300
idle,2.7762,0.016900
idle,3.4135,0.024100
idle,3.2932,0.026400
idle,3.1224,0.025200
idle,3.1788,0.019600
idle,3.0247,0.023900
idle,3.3392,0.018000
idle,2.5864,0.016500
idle,3.6688,0.035100
idle,2.9226,0.016500
idle,3.1765,0.020500
idle,2.7557,0.018700
idle,2.8183,0.019700
idle,3.3751,0.023800
idle,2.9361,0.019600
idle,3.3555,0.018600
idle,2.8531,0.024200
idle,2.8406,0.027300
idle,2.9239,0.019700
idle,2.7596,0.022400
idle,3.0924,0.022300
idle,2.7042,0.024700
idle,3.6977,0.029700
idle,5.1600,0.035200
idle,4.4423,0.032800
idle,3.8650,0.028300
idle,3.2257,0.033900
idle,4.1334,0.030600
idle,3.7903,0.032400
idle,3.9158,0.024600
idle,3.4929,0.028200
idle,3.6174,0.024300
idle,3.5506,0.025400
idle,3.3805,0.044300
idle,3.5697,0.027100
idle,3.5497,0.036400
idle,3.3105,0.030700
idle,3.1828,0.021300
idle,3.5378,0.028800
idle,3.2917,0.026700
idle,3.2831,0.031700
idle,4.3570,0.024500
idle,3.2799,0.024200
idle,3.6065,0.024200
idle,3.4060,0.025300
idle,3.1485,0.019500
idle,3.3429,0.023300
idle,2.9466,0.020600
idle,2.6160,0.021200
idle,4.1559,0.027000
idle,3.1463,0.025500
idle,3.4161,0.022300
idle,3.0222,0.019400
idle,3.1565,0.023200
idle,2.7778,0.020700
idle,3.0934,0.024600
idle,2.8757,0.019500
idle,2.5543,0.025400
idle,2.9390,0.022000
idle,2.8065,0.019700
idle,3.8695,0.036200
idle,3.2203,0.024000
idle,3.2371,0.032500
idle,3.2075,0.022000
idle,2.8223,0.027300
idle,3.4485,0.021300
idle,2.9476,0.027700
idle,3.1094,0.027800
idle,2.7705,0.026300
idle,3.1411,0.020100
idle,2.9034,0.019700
idle,3.3487,0.021300
idle,3.0842,0.016000
idle,2.8979,0.020700
idle,2.8890,0.016200
idle,2.6420,0.020600
idle,2.9580,0.018000
idle,2.8400,0.015900
idle,2.8975,0.020900
idle,2.8691,0.017200
idle,3.1844,0.026400
idle,3.3313,0.018400
idle,2.9891,0.025700
idle,3.3823,0.027100
idle,3.0482,0.018400
idle,4.0136,0.028800
idle,3.1616,0.027100
idle,3.1824,0.020200
idle,2.9382,0.021100
idle,3.3087,0.028200
idle,2.9576,0.025800
idle,3.3377,0.026100
idle,2.6290,0.017900
idle,2.4068,0.016700
idle,2.7789,0.018700
idle,2.6819,0.023700
idle,2.8471,0.023700
idle,3.0888,0.020000
idle,3.0786,0.028600
idle,3.2617,0.018500
idle,2.6918,0.015100
idle,2.9138,0.021500
idle,2.7166,0.017700
idle,2.5588,0.019700
idle,2.8384,0.020500
idle,2.8205,0.020100
idle,2.6927,0.017200
idle,2.6393,0.017800
idle,2.4117,0.016000
idle,2.9931,0.018100
idle,2.8393,0.026300
idle,3.3698,0.018900
idle,3.3088,0.027100
idle,3.4057,0.021100
idle,2.5886,0.017600
idle,2.3367,0.016400
idle,2.8186,0.017300
idle,2.3124,0.016400
idle,2.5709,0.029000
idle,3.0278,0.017300
idle,2.5378,0.017900
idle,2.8249,0.018200
idle,3.1915,0.019900
idle,2.9625,0.031800
idle,3.0607,0.022500
idle,2.7156,0.030200
idle,2.9797,0.018000
idle,2.8533,0.015700
idle,2.7346,0.018300
idle,2.6552,0.016600
idle,2.3723,0.019200
idle,2.8358,0.015900
idle,2.5811,0.017400
idle,3.2222,0.017300
idle,3.0146,0.022400
idle,2.8645,0.018500
idle,3.0410,0.016800
idle,2.4866,0.016400
idle,2.8812,0.022800
idle,2.7935,0.016900
idle,3.2687,0.019600
idle,3.0304,0.016600
idle,2.4527,0.017800
idle,3.3774,0.018400
idle,2.6533,0.015700
idle,2.4151,0.016100
idle,2.8980,0.017500
idle,2.3523,0.016500
idle,3.2794,0.020800
idle,3.0477,0.017200
idle,2.5894,0.017700
idle,2.3985,0.018800
idle,2.3011,0.015500
idle,4.0995,0.032200
idle,2.8105,0.023700
idle,3.5156,0.016600
idle,2.4494,0.017000
idle,2.4848,0.021000
idle,2.6747,0.018500
idle,2.4061,0.016100
idle,2.6414,0.023400
idle,2.7594,0.016100
idle,2.4442,0.020100
idle,2.8291,0.016900
idle,2.5720,0.016900
idle,2.3257,0.020300
idle,3.1732,0.021100
idle,2.9500,0.027000
idle,3.1914,0.033100
idle,3.1452,0.016000
idle,2.5184,0.017400
idle,2.2441,0.017900
idle,2.4558,0.016000
idle,3.2542,0.022300
idle,3.2393,0.033700
idle,3.3628,0.018700
idle,2.5656,0.021200
idle,2.7965,0.021900
idle,2.5834,0.017100
idle,2.4141,0.015500
idle,2.6975,0.017200
idle,2.9096,0.018100
idle,2.5714,0.027100
idle,2.8994,0.016500
idle,2.6786,0.015600
idle,2.6104,0.015800
idle,2.6752,0.018900
idle,2.5627,0.017200
idle,2.9720,0.022200
idle,2.4844,0.016100
idle,3.0453,0.023800
idle,3.0767,0.016700
idle,2.3836,0.013800
idle,2.8569,0.019800
idle,2.8570,0.017300
idle,2.6285,0.017000
idle,2.9401,0.016600
idle,2.8227,0.020900
idle,3.3753,0.021400
idle,2.9216,0.016400
idle,2.8047,0.016000
idle,2.4739,0.015600
idle,3.6036,0.019300
idle,2.6839,0.016600
idle,2.3963,0.018000
idle,3.2373,0.019300
idle,2.4469,0.015600
idle,2.2057,0.015900
idle,2.7217,0.015600
idle,2.5800,0.015300
idle,2.6035,0.023900
idle,2.9355,0.017200
idle,2.5509,0.018400
idle,2.7762,0.014800
idle,2.3124,0.014700
idle,2.9662,0.019000
idle,2.5710,0.015400
idle,2.8521,0.019900
idle,2.8143,0.016900
idle,2.3297,0.014400
idle,3.2025,0.026400
idle,2.9264,0.019500
idle,2.6367,0.019200
idle,3.0744,0.021400
idle,2.5412,0.016600
idle,2.4327,0.015400
idle,2.5581,0.018800
idle,2.4702,0.016000
idle,3.5678,0.029800
idle,2.8927,0.016800
idle,2.6571,0.021300
idle,2.5850,0.018100
idle,2.6229,0.016400
idle,2.9994,0.019300
idle,2.4728,0.017500
idle,2.5476,0.021600
idle,2.9233,0.023300
idle,2.5207,0.015500
idle,2.5260,0.021600
idle,2.3980,0.015000
idle,2.5488,0.019100
idle,2.6812,0.017700
idle,2.4974,0.015100
idle,2.3010,0.015000
idle,3.1147,0.020200
idle,3.0372,0.018500
idle,3.4457,0.026400
idle,3.0558,0.018400
idle,3.0843,0.027900
idle,3.1054,0.016800
idle,2.7396,0.023200
idle,2.6657,0.017200
idle,2.4876,0.017700
idle,2.7098,0.017600
idle,2.4968,0.019400
idle,2.4118,0.017400
idle,3.4716,0.035800
idle,2.7462,0.018600
idle,2.8760,0.015700
idle,2.3528,0.016500
idle,2.5302,0.058200
idle,2.7975,0.021700
idle,3.2696,0.019500
idle,3.3222,0.024200
idle,2.5136,0.018200
idle,2.2686,0.015500
idle,2.5982,0.015200
idle,2.6797,0.021100
idle,2.8086,0.019200
idle,2.4935,0.014200
idle,2.6852,0.013300
idle,2.7863,0.021700
idle,2.6268,0.015900
idle,2.6242,0.025100
idle,3.2996,0.020300
idle,2.8662,0.019200
idle,2.9406,0.026400
idle,3.0378,0.015900
idle,2.8267,0.018000
idle,2.6232,0.018600
idle,2.6614,0.016000
idle,2.8831,0.020000
idle,2.8882,0.016200
idle,2.4572,0.024300
idle,2.7007,0.016200
idle,2.3610,0.014900
idle,2.3730,0.017400
idle,2.6536,0.017900
idle,2.7117,0.014800
idle,2.7964,0.022000
idle,2.7851,0.016100
idle,2.6381,0.019000
idle,2.7242,0.013100
idle,2.9869,0.014400
idle,3.4272,0.022000
idle,3.0251,0.016800
idle,2.8129,0.017700
idle,2.3145,0.015100
idle,2.5279,0.054000
idle,3.4956,0.018600
idle,2.8979,0.016000
idle,2.9351,0.016300
idle,2.2934,0.014800
idle,2.1269,0.018300
idle,2.9727,0.017600
idle,2.7847,0.045000
idle,3.3770,0.016500
idle,2.5951,0.018300
idle,2.6425,0.016600
idle,2.6466,0.015500
idle,2.4927,0.015400
idle,2.5698,0.018500
idle,2.5402,0.018000
idle,2.7046,0.017500
idle,2.8578,0.017700
idle,2.5119,0.016900
idle,2.8301,0.015500
idle,2.5399,0.018100
idle,2.4880,0.016000
idle,2.8514,0.021000
idle,2.9560,0.018500
idle,2.4381,0.021400
idle,2.6282,0.016200
idle,2.3412,0.016100
idle,2.4354,0.021700
idle,2.7711,0.020200
idle,2.7223,0.016300
idle,2.9533,0.018600
idle,2.5614,0.018100
idle,2.4704,0.018600
idle,2.6636,0.015900
idle,2.7729,0.016300
idle,2.6234,0.017000
idle,2.4845,0.015000
idle,2.3228,0.014900
idle,2.4552,0.019100
idle,2.9502,0.015800
idle,3.2152,0.020500
idle,2.7854,0.015000
idle,2.4844,0.014500
idle,2.6413,0.019000
idle,2.4641,0.015600
idle,2.2545,0.018400
idle,2.9905,0.022200
idle,2.9390,0.015900
idle,2.5710,0.015800
idle,2.5558,0.016600
idle,2.1674,0.014700
idle,2.7999,0.017900
idle,2.8750,0.016600
idle,2.9935,0.017600
idle,2.6218,0.037400
idle,2.8094,0.015100
idle,2.5260,0.016000
idle,2.4290,0.015400
idle,2.6190,0.017000
idle,3.0754,0.019800
idle,3.0620,0.017300
idle,3.0092,0.018500
idle,2.8161,0.015700
idle,2.8985,0.019700
idle,2.7816,0.019600
idle,2.7549,0.015400
idle,2.7222,0.018300
idle,2.8652,0.017500
idle,3.4736,0.019900
idle,3.2435,0.020000
idle,3.0820,0.019400
idle,3.0853,0.021100
idle,2.7476,0.017500
idle,2.9501,0.020000
idle,2.3901,0.016800
idle,2.8472,0.024100
idle,2.7002,0.017000
idle,2.7402,0.015600
idle,2.7654,0.017200
idle,2.7357,0.017000
idle,2.9223,0.018300
idle,2.8639,0.017000
idle,3.3014,0.023000
idle,3.0884,0.018600
idle,2.7155,0.014300
idle,2.4721,0.017000
idle,2.2557,0.013400
idle,2.2150,0.017700
idle,2.4613,0.017000
idle,2.7668,0.016700
idle,2.6888,0.029500
idle,3.0295,0.015800
idle,2.7089,0.015600
idle,3.1071,0.027400
idle,3.2561,0.020300
idle,2.9588,0.017200
idle,2.8464,0.014900
idle,2.6328,0.016500
idle,3.1851,0.027600
idle,3.0222,0.018500
idle,3.4136,0.025400
idle,3.0438,0.017200
idle,2.8115,0.017300
idle,2.5247,0.017400
idle,2.3803,0.017500
idle,2.7153,0.018300
idle,2.8683,0.017900
idle,2.8377,0.021400
idle,2.6881,0.018000
idle,2.6403,0.015600
idle,3.0027,0.021600
idle,2.8755,0.018100
idle,2.6868,0.017100
idle,2.5009,0.014600
idle,2.5026,0.015000
idle,2.6225,0.017900
idle,3.3934,0.020900
idle,3.2743,0.033900
idle,3.5725,0.017700
idle,2.6367,0.022900
idle,2.5725,0.015200
idle,2.5441,0.015800
idle,2.8165,0.024500
idle,3.4556,0.018400
idle,2.7392,0.024500
idle,2.7266,0.014400
idle,2.3060,0.015500
idle,2.4557,0.016300
idle,3.0409,0.021000
idle,3.9469,0.026000
idle,3.7240,0.024900
idle,3.6502,0.023700
idle,3.2058,0.021200
idle,2.6895,0.018500
idle,2.6078,0.017900
idle,2.8956,0.018300
idle,3.3471,0.021100
idle,2.5235,0.016400
idle,2.4911,0.016400
idle,2.8066,0.016300
idle,2.4585,0.014900
idle,2.8102,0.017200
idle,3.3456,0.016700
idle,2.9266,0.029600
idle,2.8847,0.015600
idle,2.2440,0.014700
idle,2.6659,0.026000
idle,2.8425,0.019300
idle,2.1640,0.015500
idle,2.9522,0.018300
idle,2.7740,0.020600
idle,3.3825,0.022000
idle,2.7534,0.021900
idle,3.0694,0.019700
idle,2.7801,0.020000
idle,2.3504,0.014400
idle,2.7034,0.025500
idle,2.9434,0.015000
idle,2.3657,0.014600
idle,2.8854,0.017100
idle,2.7929,0.016100
idle,2.9860,0.018100
idle,2.6609,0.015900
idle,2.3029,0.018700
idle,2.8356,0.023900
idle,2.7032,0.016400
idle,2.3923,0.016700
idle,2.6828,0.014800
idle,2.3770,0.016700
idle,3.1864,0.018200
idle,2.5341,0.016700
idle,2.1756,0.022200
idle,2.6817,0.018800
idle,2.4408,0.018900
idle,2.4311,0.018500
idle,3.1336,0.015700
idle,2.6035,0.020200
idle,2.7645,0.018000
idle,2.6601,0.018900
idle,2.4808,0.022600
idle,2.9973,0.016000
idle,2.4239,0.014800
idle,3.3097,0.019100
idle,2.4373,0.017600
idle,2.8519,0.017200
idle,2.8273,0.016100
idle,2.4469,0.016500
idle,2.8436,0.024900
idle,3.2948,0.017500
idle,2.9839,0.019700
idle,3.2190,0.015900
idle,2.4115,0.014400
idle,2.5527,0.017600
idle,2.6529,0.016600
idle,2.6247,0.021400
idle,3.3057,0.016800
idle,2.3837,0.015400
idle,3.1830,0.018900
idle,2.5424,0.015600
idle,2.4226,0.018600
idle,2.5203,0.016800
idle,3.0802,0.021000
idle,2.7668,0.017100
idle,2.6855,0.016500
idle,2.6407,0.017600
idle,3.5213,0.018800
idle,2.6143,0.017000
idle,2.8968,0.019400
idle,2.4707,0.015100
idle,2.2814,0.015400
idle,2.4503,0.016800
idle,2.3486,0.014100
idle,2.5652,0.022100
idle,3.3368,0.017900
idle,2.3834,0.016300
idle,2.7168,0.017700
idle,2.4762,0.016200
idle,2.2722,0.014600
idle,3.5790,0.017900
idle,2.6186,0.019600
idle,3.0098,0.018200
idle,2.5112,0.016300
idle,2.4435,0.016400
idle,2.6050,0.017300
idle,2.6193,0.018600
idle,2.7320,0.020000
idle,2.8131,0.016100
idle,2.2926,0.016900
idle,2.4068,0.017200
idle,2.1891,0.018900
idle,2.3442,0.019400
idle,3.4330,0.018100
idle,2.6050,0.016500
idle,2.5541,0.018900
idle,2.5584,0.016200
idle,2.3254,0.020700
idle,2.3361,0.016900
idle,2.3725,0.016300
idle,2.4256,0.016300
idle,3.0791,0.022300
idle,2.5780,0.017300
idle,2.8819,0.016400
idle,3.2470,0.034600
idle,3.1110,0.023700
idle,2.7964,0.020900
idle,2.8771,0.019400
idle,3.0078,0.017500
idle,2.5517,0.016600
idle,2.2766,0.014500
idle,2.9894,0.020600
idle,3.1596,0.020200
idle,3.1472,0.018800
idle,2.6470,0.019800
idle,2.4040,0.023500
idle,2.6043,0.018100
idle,2.6645,0.016500
idle,2.6041,0.024400
idle,3.0707,0.021900
idle,2.2877,0.016100
idle,2.5608,0.018900
idle,2.7703,0.019800
idle,2.7093,0.018400
idle,2.3994,0.018500
idle,2.7235,0.017700
idle,3.0224,0.017700
idle,2.7607,0.017600
idle,2.5458,0.021500
idle,3.5441,0.017400
idle,2.6359,0.017900
idle,3.4190,0.022700
idle,2.7395,0.017000
idle,2.7760,0.017800
idle,2.6599,0.017000
idle,2.5601,0.025800
idle,3.0765,0.025000
idle,3.2077,0.016000
idle,2.7906,0.020100
idle,2.6691,0.016400
idle,2.4733,0.019300
idle,3.1078,0.040200
idle,3.2899,0.021000
idle,3.1434,0.018400
idle,2.4644,0.021600
idle,2.5428,0.016800
idle,2.7382,0.016400
idle,3.0996,0.023600
idle,2.9430,0.019100
idle,2.4222,0.018600
idle,2.3792,0.016400
idle,2.5259,0.021600
idle,2.5093,0.014200
idle,2.7180,0.018200
idle,2.7273,0.023700
idle,2.8486,0.019000
idle,2.6412,0.020700
idle,2.4132,0.015200
idle,2.4962,0.019500
idle,3.7730,0.020100
idle,2.7645,0.024400
idle,3.5376,0.018400
idle,2.6536,0.017200
idle,2.9170,0.017100
idle,2.8857,0.017200
idle,3.2365,0.037500
idle,3.2346,0.017400
idle,2.3051,0.016900
idle,2.7006,0.018300
idle,2.7957,0.028500
idle,3.1034,0.019100
idle,2.9408,0.016800
idle,2.4895,0.022800
idle,3.0627,0.021200
idle,2.3404,0.015200
idle,2.9727,0.019500
idle,2.7103,0.019000
idle,2.7130,0.028200
idle,2.9954,0.020500
idle,2.5705,0.019500
idle,2.7972,0.018600
idle,2.7532,0.017300
idle,2.6260,0.017100
idle,3.2069,0.018900
idle,3.1461,0.018100
idle,3.2852,0.021300
idle,2.7298,0.017300
idle,2.6453,0.018900
idle,2.6008,0.017000
idle,2.5455,0.015600
idle,3.2902,0.019200
idle,3.0783,0.024000
idle,3.4518,0.024500
idle,3.1722,0.031300
idle,3.2308,0.021700
idle,3.0462,0.019500
idle,3.0966,0.018500
idle,2.5279,0.017200
idle,5.8409,0.022500
idle,4.5445,0.019200
idle,3.1948,0.026200
idle,2.8023,0.016900
idle,2.8383,0.015800
idle,2.8635,0.019200
idle,3.0323,0.021300
idle,3.3110,0.016400
idle,3.0569,0.032300
idle,2.9647,0.023300
idle,3.0955,0.017600
idle,2.8767,0.024200
idle,3.0215,0.025000
idle,3.1693,0.019700
idle,2.7384,0.016700
idle,2.7318,0.016100
idle,2.6923,0.022600
idle,3.1131,0.017700
idle,3.0452,0.026400
idle,3.0800,0.016000
idle,2.4124,0.020100
idle,2.7467,0.017300
idle,2.4142,0.015300
idle,2.9209,0.030600
idle,3.3968,0.018400
idle,2.8169,0.060100
idle,2.5543,0.017100
idle,2.3643,0.016000
idle,2.8227,0.021600
idle,3.6570,0.019400
idle,3.5864,0.033200
idle,3.1745,0.018400
idle,2.3699,0.016400
idle,2.5126,0.017200
idle,2.5388,0.017300
idle,2.6759,0.018000
idle,2.7193,0.019500
idle,2.4300,0.014400
idle,2.4120,0.016000
idle,2.2726,0.014200
idle,2.5379,0.015700
idle,2.5027,0.016700
idle,2.7231,0.023700
idle,2.3582,0.020800
idle,2.4644,0.014400
idle,2.3393,0.015300
idle,2.3739,0.018500
idle,2.9725,0.016800
idle,2.5122,0.015100
idle,2.7632,0.017000
idle,2.5829,0.016000
idle,2.5021,0.013800
idle,2.5449,0.024500
idle,2.4794,0.014500
idle,2.9132,0.018100
idle,2.5709,0.015600
idle,2.7204,0.015200
idle,2.5613,0.016300
idle,2.6251,0.021300
idle,2.6105,0.019200
idle,2.5486,0.015700
idle,2.5653,0.019000
idle,3.0479,0.018200
idle,2.4985,0.016700
idle,2.4683,0.015100
idle,2.6405,0.018000
idle,2.4814,0.015500
idle,2.1971,0.013200
idle,2.6543,0.017300
idle,2.5821,0.018600
idle,3.0547,0.019800
idle,2.6542,0.015900
idle,2.4313,0.014000
idle,2.8990,0.019700
idle,2.8258,0.018600
idle,2.5579,0.072500
idle,3.7875,0.022600
idle,3.2330,0.025700
idle,3.2644,0.019400
idle,2.9009,0.018000
idle,3.0233,0.018300
idle,2.6494,0.017600
idle,2.6872,0.077200
idle,3.2988,0.015800
idle,2.5164,0.019400
idle,3.0222,0.019000
idle,2.5332,0.022900
idle,2.5259,0.022100
idle,2.6071,0.015700
idle,2.4761,0.015800
idle,2.5827,0.022200
idle,2.9651,0.023300
idle,3.4491,0.023500
idle,2.8646,0.022600
idle,2.4482,0.016500
idle,2.5220,0.015300
idle,2.7258,0.017800
idle,2.5211,0.019600
idle,3.2131,0.017300
idle,2.5919,0.013300
idle,2.5827,0.014500
idle,2.5604,0.014200
idle,2.5174,0.023100
idle,3.1445,0.019400
idle,2.6785,0.016400
idle,2.4703,0.017200
idle,2.2834,0.014900
idle,2.2527,0.014300
idle,2.2384,0.014600
idle,2.4670,0.016100
idle,3.0381,0.015000
idle,2.5834,0.020500
idle,2.7188,0.015100
idle,2.3602,0.015700
idle,2.6718,0.019200
idle,2.5246,0.025200
idle,2.9246,0.017600
idle,2.8392,0.019800
idle,2.7272,0.016800
idle,2.6651,0.017600
idle,2.2889,0.015500
idle,3.2416,0.026800
idle,3.2529,0.018900
idle,2.9214,0.023400
idle,2.8682,0.018800
idle,2.7683,0.019400
idle,2.6872,0.017000
idle,2.4116,0.016700
idle,2.5597,0.019200
idle,2.8503,0.019300
idle,2.4869,0.015600
idle,2.4248,0.017100
idle,2.4030,0.014900
idle,2.8589,0.018300
idle,3.9731,0.032600
idle,4.1203,0.034600
idle,4.3132,0.026600
idle,4.9464,0.030700
idle,4.5352,0.030300
idle,4.3016,0.042000
idle,3.7058,0.027400
idle,3.7262,0.037700
idle,5.1651,0.026000
idle,3.4071,0.027100
idle,3.9617,0.023900
idle,4.2689,0.036300
idle,4.8642,0.031900
idle,3.9688,0.048100
idle,3.6326,0.037700
idle,3.7112,0.036800
idle,4.4826,0.038400
idle,4.0472,0.022200
idle,3.1963,0.025300
idle,3.1384,0.022500
idle,3.1432,0.037200
idle,3.8194,0.018500
idle,2.6817,0.029400
idle,3.0141,0.017900
idle,2.5736,0.019000
idle,3.5548,0.024500
idle,3.3508,0.020900
idle,3.2762,0.029200
idle,3.0830,0.017800
idle,2.9473,0.019900
idle,3.2713,0.017600
idle,2.7906,0.025500
idle,3.8746,0.035300
idle,3.8126,0.038300
idle,4.2735,0.023700
idle,3.5386,0.023900
idle,4.1151,0.021400
idle,3.5860,0.028800
idle,3.1989,0.019300
idle,3.2559,0.022800
speech-replay,7.3704,0.066600
speech-replay,26.1361,0.038600
speech-replay,4.1284,0.037900
speech-replay,3.7903,0.029900
speech-replay,4.2445,0.039000
speech-replay,3.5535,0.029900
speech-replay,3.9060,0.043800
speech-replay,4.2049,0.037400
speech-replay,3.8660,0.036500
speech-replay,4.4389,0.052300
speech-replay,4.4280,0.084300
speech-replay,4.2706,0.044900
speech-replay,3.8447,0.048800
speech-replay,4.2601,0.041300
speech-replay,4.4768,0.045100
speech-replay,3.0767,0.028900
speech-replay,3.6737,0.031500
speech-replay,3.3753,0.024700
speech-replay,3.7142,0.033600
speech-replay,3.4009,0.029000
speech-replay,3.3812,0.027600
speech-replay,3.3439,0.061700
speech-replay,3.6911,0.032700
speech-replay,3.2937,0.028700
speech-replay,3.8448,0.035100
speech-replay,3.1156,0.024100
speech-replay,3.0192,0.029400
speech-replay,3.6186,0.034800
speech-replay,4.0954,0.032100
speech-replay,3.7051,0.033000
speech-replay,3.4290,0.101900
speech-replay,3.4514,0.035700
speech-replay,3.5273,0.036700
speech-replay,3.4255,0.059900
speech-replay,4.0872,0.047700
speech-replay,3.2252,0.027500
speech-replay,3.9406,0.030900
speech-replay,4.1492,0.035200
speech-replay,3.0738,0.034300
speech-replay,3.2312,0.030400
speech-replay,3.3888,0.028900
speech-replay,3.0549,0.025700
speech-replay,3.4634,0.052300
speech-replay,2.9710,0.029300
speech-replay,3.2891,0.027400
speech-replay,3.0015,0.025700
speech-replay,3.2228,0.035600
speech-replay,3.2394,0.027900
speech-replay,2.5023,0.050500
speech-replay,4.6560,0.038500
speech-replay,3.8233,0.035700
speech-replay,3.5905,0.063600
speech-replay,4.2438,0.041200
speech-replay,3.7136,0.043000
speech-replay,4.2188,0.039800
speech-replay,3.1938,0.029400
speech-replay,3.4773,0.031100
speech-replay,3.9818,0.042600
speech-replay,3.7071,0.031800
speech-replay,3.2363,0.091000
speech-replay,4.4495,0.043800
speech-replay,3.4655,0.040700
speech-replay,3.4306,0.028100
speech-replay,3.0620,0.032900
speech-replay,2.8250,0.026600
speech-replay,3.5806,0.037000
speech-replay,3.7695,0.052900
speech-replay,3.3605,0.031800
speech-replay,3.0689,0.025400
speech-replay,3.9151,0.033100
speech-replay,3.0985,0.025000
speech-replay,3.1057,0.024300
speech-replay,3.0042,0.027900
speech-replay,2.7626,0.028500
speech-replay,4.0771,0.040700
speech-replay,3.8443,0.036600
speech-replay,5.5106,0.062900
speech-replay,5.2932,0.037800
speech-replay,3.4223,0.048100
speech-replay,5.0246,0.039300
speech-replay,4.4745,0.042000
speech-replay,4.3207,0.056000
speech-replay,4.1200,0.033100
speech-replay,3.4407,0.033400
speech-replay,3.1847,0.029400
speech-replay,3.3327,0.033800
speech-replay,3.3435,0.038700
speech-replay,3.4460,0.032600
speech-replay,3.2865,0.025600
speech-replay,2.8274,0.026600
speech-replay,3.3945,0.027200
speech-replay,3.1557,0.059600
speech-replay,3.7298,0.029900
speech-replay,3.2304,0.028300
speech-replay,3.3810,0.031600
speech-replay,3.4371,0.030500
speech-replay,3.9326,0.041100
speech-replay,3.9348,0.026800
speech-replay,3.2379,0.028300
speech-replay,3.0891,0.028300
speech-replay,3.4117,0.030000
speech-replay,4.1827,0.028800
speech-replay,3.4503,0.055600
speech-replay,3.6469,0.027500
speech-replay,3.8074,0.047000
speech-replay,3.8270,0.037900
speech-replay,3.0228,0.029100
speech-replay,2.9275,0.025000
speech-replay,2.7909,0.023400
speech-replay,3.1176,0.027800
speech-replay,3.6219,0.056900
speech-replay,3.3926,0.024700
speech-replay,2.7585,0.027900
speech-replay,3.2285,0.028300
speech-replay,3.3928,0.046300
speech-replay,3.9345,0.029200
speech-replay,2.9440,0.030100
speech-replay,2.9718,0.031700
speech-replay,2.9616,0.027900
speech-replay,3.2304,0.030100
speech-replay,3.2111,0.040500
speech-replay,3.9229,0.029200
speech-replay,3.1697,0.029900
speech-replay,3.3258,0.026700
speech-replay,2.8918,0.031200
speech-replay,3.6015,0.027500
speech-replay,3.0439,0.024300
speech-replay,2.6551,0.032500
speech-replay,3.5465,0.036900
speech-replay,3.6946,0.034000
speech-replay,3.5674,0.028200
speech-replay,3.2101,0.041200
speech-replay,3.3147,0.025400
speech-replay,2.5631,0.027600
speech-replay,2.7949,0.021400
speech-replay,2.8370,0.028500
speech-replay,2.8396,0.026800
speech-replay,2.7898,0.024100
speech-replay,3.3804,0.035500
speech-replay,3.1811,0.025700
speech-replay,3.3311,0.035700
speech-replay,3.7703,0.071600
speech-replay,3.0907,0.033900
speech-replay,3.1510,0.027900
speech-replay,3.2200,0.027500
speech-replay,3.1288,0.027800
speech-replay,3.1402,0.038500
speech-replay,3.4150,0.031000
speech-replay,3.4201,0.040200
speech-replay,3.8442,0.032100
speech-replay,3.3670,0.035600
speech-replay,3.5124,0.032400
speech-replay,3.6965,0.046700
speech-replay,3.9919,0.031300
speech-replay,3.3611,0.038700
speech-replay,3.3517,0.042800
speech-replay,2.8643,0.024900
speech-replay,3.6341,0.043300
speech-replay,3.7761,0.047700
speech-replay,4.0558,0.059800
speech-replay,4.8671,0.068200
speech-replay,4.8878,0.036500
speech-replay,4.7148,0.043500
speech-replay,5.2849,0.043100
speech-replay,4.7518,0.048300
speech-replay,3.8420,0.032100
speech-replay,3.6309,0.048000
speech-replay,3.6671,0.045400
speech-replay,3.9604,0.034200
speech-replay,3.6133,0.031900
speech-replay,3.1965,0.035400
speech-replay,3.9350,0.037900
speech-replay,3.8141,0.039000
speech-replay,3.3919,0.032500
speech-replay,3.7217,0.040800
speech-replay,4.0391,0.044100
speech-replay,5.2034,0.042200
speech-replay,4.7472,0.041700
speech-replay,4.0851,0.035500
speech-replay,4.4993,0.041700
speech-replay,4.0153,0.047300
speech-replay,4.2916,0.040300
speech-replay,4.0452,0.035500
speech-replay,3.1891,0.033400
speech-replay,3.4728,0.033500
speech-replay,3.8884,0.056800
speech-replay,3.8926,0.047000
speech-replay,3.7676,0.037100
speech-replay,4.2751,0.037500
speech-replay,3.7326,0.050000
speech-replay,3.9794,0.035700
speech-replay,4.0667,0.032900
speech-replay,4.0508,0.047500
speech-replay,4.0294,0.029200
speech-replay,3.7141,0.173700
speech-replay,4.3071,0.030600
speech-replay,3.4330,0.031100
speech-replay,3.9225,0.032300
speech-replay,4.6464,0.039800
speech-replay,4.3368,0.039900
speech-replay,4.2874,0.031800
speech-replay,3.2442,0.072800
speech-replay,4.1122,0.050400
speech-replay,4.2389,0.039900
speech-replay,3.6768,0.036400
speech-replay,3.5792,0.033100
speech-replay,3.9308,0.032300
speech-replay,3.9030,0.031300
speech-replay,3.8590,0.041200
speech-replay,4.7453,0.052000
speech-replay,4.8396,0.036100
speech-replay,5.5836,0.069800
speech-replay,5.6151,0.043900
speech-replay,4.3497,0.036800
speech-replay,4.6608,0.058700
speech-replay,3.7462,0.032300
speech-replay,4.5141,0.045100
speech-replay,7.3824,0.074200
speech-replay,14.1237,0.060400
speech-replay,18.9942,0.070500
speech-replay,12.0267,0.064500
speech-replay,12.8067,0.072500
speech-replay,11.2576,0.079000
speech-replay,16.0216,0.082900
speech-replay,7.9196,0.058000
speech-replay,7.1875,0.082700
speech-replay,10.3991,0.059300
speech-replay,6.4379,0.252600
speech-replay,4.8431,0.064300
speech-replay,5.8608,0.037900
speech-replay,5.0994,0.051700
speech-replay,4.3947,0.036700
speech-replay,3.6729,0.082500
speech-replay,4.4272,0.041500
speech-replay,3.2948,0.030200
speech-replay,3.6252,0.029500
speech-replay,3.5784,0.047800
speech-replay,4.8567,0.031000
speech-replay,3.6342,0.035200
speech-replay,3.3217,0.030400
speech-replay,3.4567,0.041800
speech-replay,3.5347,0.046800
speech-replay,3.4316,0.031800
speech-replay,3.3976,0.032700
speech-replay,3.8320,0.100800
speech-replay,4.1450,0.034400
speech-replay,3.6925,0.036200
speech-replay,3.2302,0.028700
speech-replay,3.1008,0.035800
speech-replay,3.5190,0.027200
speech-replay,3.5819,0.036100
speech-replay,3.7388,0.049100
speech-replay,3.8624,0.031600
speech-replay,2.8192,0.028700
speech-replay,4.1052,0.041100
speech-replay,3.9681,0.032300
speech-replay,3.6920,0.107900
speech-replay,3.6637,0.032100
speech-replay,3.6048,0.039400
speech-replay,3.3070,0.045500
speech-replay,3.9990,0.034700
speech-replay,3.2379,0.038000
speech-replay,2.8426,0.026900
speech-replay,2.6834,0.028100
speech-replay,3.2630,0.027900
speech-replay,2.9699,0.029600
speech-replay,3.2822,0.119600
speech-replay,3.3183,0.030400
speech-replay,3.3185,0.034600
speech-replay,3.3809,0.026900
speech-replay,3.1969,0.031900
speech-replay,3.1703,0.029400
speech-replay,3.2633,0.031100
speech-replay,3.1382,0.028500
speech-replay,3.0291,0.026100
speech-replay,3.8177,0.036300
speech-replay,3.4095,0.026400
speech-replay,3.2940,0.038500
speech-replay,3.1688,0.024200
speech-replay,3.2141,0.027100
speech-replay,2.6535,0.024700
speech-replay,3.4674,0.036200
speech-replay,3.3310,0.027200
speech-replay,3.0698,0.027900
speech-replay,2.8656,0.023400
speech-replay,3.1597,0.031400
speech-replay,3.2738,0.050600
speech-replay,2.9955,0.023900
speech-replay,3.0863,0.021200
speech-replay,2.5268,0.019800
speech-replay,3.2354,0.035000
speech-replay,3.7328,0.036200
speech-replay,3.7285,0.029700
speech-replay,2.9420,0.024900
speech-replay,2.8286,0.028600
speech-replay,3.0845,0.023800
speech-replay,2.4259,0.020900
speech-replay,2.9852,0.045300
speech-replay,3.0612,0.023100
speech-replay,2.8659,0.033500
speech-replay,3.0781,0.030000
speech-replay,2.5533,0.028700
speech-replay,3.6274,0.036300
speech-replay,2.8631,0.033100
speech-replay,3.4873,0.029200
speech-replay,2.8468,0.034000
speech-replay,2.8444,0.023500
speech-replay,3.1366,0.029000
speech-replay,3.1119,0.027500
speech-replay,2.6938,0.023600
speech-replay,2.3838,0.020900
speech-replay,3.2331,0.032800
speech-replay,2.7306,0.027100
speech-replay,2.6391,0.031000
speech-replay,2.9009,0.031200
speech-replay,2.7891,0.024700
speech-replay,3.2006,0.043800
speech-replay,3.0039,0.026000
speech-replay,3.2500,0.033600
speech-replay,3.1462,0.025200
speech-replay,2.7159,0.024800
speech-replay,2.6665,0.023000
speech-replay,2.3260,0.019700
speech-replay,2.7622,0.035700
speech-replay,3.4617,0.026200
speech-replay,2.7436,0.031800
speech-replay,3.2449,0.027300
speech-replay,2.8529,0.042100
speech-replay,3.5272,0.034700
speech-replay,3.0896,0.022800
speech-replay,2.8227,0.024800
speech-replay,2.5961,0.025800
speech-replay,3.4159,0.035200
speech-replay,2.9085,0.025700
speech-replay,2.5322,0.029700
speech-replay,3.2993,0.034700
speech-replay,2.8372,0.026400
speech-replay,3.1824,0.025300
speech-replay,2.5353,0.024400
speech-replay,3.2188,0.036300
speech-replay,3.0845,0.024300
speech-replay,2.6236,0.042000
speech-replay,3.4308,0.029700
speech-replay,2.6153,0.024900
speech-replay,3.1878,0.036000
speech-replay,3.1981,0.027900
speech-replay,2.9800,0.026200
speech-replay,2.6127,0.022200
speech-replay,2.4709,0.021300
speech-replay,2.9160,0.025300
speech-replay,3.3270,0.032300
speech-replay,3.4322,0.030900
speech-replay,3.1024,0.031000
speech-replay,3.0213,0.029000
speech-replay,3.2451,0.028600
speech-replay,3.0426,0.033700
speech-replay,2.8614,0.026500
speech-replay,2.3535,0.023800
speech-replay,3.0303,0.027900
speech-replay,2.8811,0.036700
speech-replay,2.9885,0.071200
speech-replay,3.0993,0.022500
speech-replay,2.4379,0.028300
speech-replay,3.0862,0.022600
speech-replay,2.7591,0.020800
speech-replay,2.7187,0.026200
speech-replay,3.2227,0.027700
speech-replay,3.1648,0.027700
speech-replay,3.1812,0.029100
speech-replay,2.6163,0.080400
speech-replay,3.3580,0.041400
speech-replay,2.9605,0.023600
speech-replay,2.7072,0.025300
speech-replay,2.9141,0.024300
speech-replay,3.1552,0.050700
speech-replay,3.4312,0.029800
speech-replay,3.2677,0.035700
speech-replay,2.8567,0.024600
speech-replay,2.3108,0.021600
speech-replay,2.7022,0.025500
speech-replay,2.7292,0.025400
speech-replay,2.6362,0.036100
speech-replay,4.1853,0.046400
speech-replay,3.6551,0.036400
speech-replay,3.4416,0.025800
speech-replay,2.8682,0.033400
speech-replay,4.1175,0.030100
speech-replay,3.4390,0.036300
speech-replay,3.3973,0.026100
speech-replay,2.5614,0.029900
speech-replay,2.6042,0.031800
speech-replay,2.9148,0.024000
speech-replay,2.6888,0.029800
speech-replay,2.8804,0.024900
speech-replay,2.7284,0.037200
speech-replay,3.6492,0.025600
speech-replay,2.8794,0.034800
speech-replay,2.9261,0.025600
speech-replay,2.8728,0.026300
speech-replay,2.9790,0.074700
speech-replay,2.9659,0.033500
speech-replay,2.9239,0.035300
speech-replay,3.1247,0.032000
speech-replay,2.8279,0.026700
speech-replay,2.7837,0.027900
speech-replay,2.7545,0.024200
speech-replay,3.0685,0.031300
speech-replay,3.8323,0.029300
speech-replay,3.1638,0.033900
speech-replay,3.1026,0.033400
speech-replay,2.5477,0.023400
speech-replay,3.0068,0.034700
speech-replay,3.4148,0.024200
speech-replay,2.6367,0.024100
speech-replay,2.8126,0.032100
speech-replay,2.9560,0.026500
speech-replay,2.8086,0.025600
speech-replay,3.2292,0.025400
speech-replay,2.8589,0.027500
speech-replay,2.7020,0.023900
speech-replay,2.8761,0.042600
speech-replay,3.5985,0.025600
speech-replay,3.2794,0.037000
speech-replay,3.1326,0.025900
speech-replay,2.4054,0.026200
speech-replay,2.7956,0.026800
speech-replay,2.6210,0.033500
speech-replay,3.3348,0.036500
speech-replay,3.3498,0.032700
speech-replay,3.3471,0.028200
speech-replay,3.3613,0.047700
speech-replay,3.4358,0.027600
speech-replay,2.8846,0.024700
speech-replay,2.6845,0.024100
speech-replay,3.0478,0.024800
speech-replay,2.5237,0.025000
speech-replay,2.7516,0.029800
speech-replay,3.1792,0.024800
speech-replay,2.5125,0.031300
speech-replay,3.0265,0.025700
speech-replay,2.9798,0.022300
speech-replay,3.1876,0.034300
speech-replay,3.3864,0.025900
speech-replay,3.2185,0.030400
speech-replay,3.0875,0.025700
speech-replay,3.0389,0.042500
speech-replay,3.6408,0.024500
speech-replay,2.6823,0.025100
speech-replay,2.8444,0.028100
speech-replay,3.1419,0.027100
speech-replay,2.8882,0.023600
speech-replay,2.7336,0.022900
speech-replay,2.5430,0.031600
speech-replay,3.2025,0.042400
speech-replay,2.9985,0.029200
speech-replay,3.5214,0.037000
speech-replay,2.8178,0.025800
speech-replay,2.9667,0.025200
speech-replay,2.5495,0.035100
speech-replay,3.4814,0.035300
speech-replay,2.7878,0.030200
speech-replay,3.0848,0.030700
speech-replay,3.4142,0.031300
speech-replay,2.6880,0.022300
speech-replay,3.4644,0.030700
speech-replay,2.7876,0.023700
speech-replay,2.7272,0.024300
speech-replay,2.5233,0.033000
speech-replay,3.2373,0.035400
speech-replay,3.1020,0.035100
speech-replay,3.0809,0.027700
speech-replay,2.8598,0.023700
speech-replay,2.6211,0.030400
speech-replay,2.5776,0.028700
speech-replay,3.2311,0.034600
speech-replay,2.7723,0.021500
speech-replay,3.2472,0.026000
speech-replay,2.9450,0.023600
speech-replay,3.6404,0.028200
speech-replay,3.1604,0.031500
speech-replay,3.3761,0.030200
speech-replay,3.0818,0.032800
speech-replay,2.9478,0.026800
speech-replay,2.8873,0.031400
speech-replay,2.5496,0.021300
speech-replay,3.1834,0.029100
speech-replay,2.8699,0.026700
speech-replay,2.6259,0.026300
speech-replay,2.5910,0.026700
speech-replay,3.3853,0.033500
speech-replay,3.0280,0.026100
speech-replay,2.9392,0.065600
speech-replay,3.6684,0.025900
speech-replay,2.7183,0.022700
speech-replay,3.1545,0.025900
speech-replay,2.7673,0.024100
speech-replay,2.5414,0.039200
speech-replay,2.8936,0.028900
speech-replay,2.3928,0.020400
speech-replay,2.6643,0.026200
speech-replay,3.0442,0.027900
speech-replay,2.4942,0.026300
speech-replay,3.1881,0.033000
speech-replay,2.5776,0.024900
speech-replay,2.7822,0.024100
speech-replay,2.9248,0.026900
speech-replay,2.9049,0.036400
speech-replay,3.7258,0.039700
speech-replay,3.3086,0.041100
speech-replay,3.2488,0.027300
speech-replay,2.8724,0.021400
speech-replay,3.1545,0.026200
speech-replay,2.9408,0.031900
speech-replay,3.9231,0.046500
speech-replay,3.5394,0.028200
speech-replay,3.7034,0.030300
speech-replay,2.7971,0.026200
speech-replay,2.6686,0.025100
speech-replay,2.6423,0.030400
speech-replay,2.5735,0.047700
speech-replay,4.1798,0.033100
speech-replay,3.4822,0.027900
speech-replay,2.9861,0.027100
speech-replay,2.4292,0.025500
speech-replay,2.5133,0.047700
speech-replay,3.2057,0.028700
speech-replay,2.9219,0.025400
speech-replay,2.9608,0.024600
speech-replay,2.4932,0.020100
speech-replay,3.4858,0.031900
speech-replay,2.9870,0.101100
speech-replay,3.3619,0.030600
speech-replay,3.2421,0.024400
speech-replay,2.8648,0.047300
speech-replay,3.8140,0.025500
speech-replay,3.3694,0.039400
speech-replay,3.2052,0.026200
speech-replay,3.0266,0.028700
speech-replay,3.1341,0.027400
speech-replay,3.0190,0.033300
speech-replay,3.3220,0.025000
speech-replay,2.7584,0.023900
speech-replay,3.1189,0.027700
speech-replay,2.7242,0.020800
speech-replay,3.4416,0.039300
speech-replay,3.5014,0.025900
speech-replay,3.4491,0.030000
speech-replay,3.2532,0.058800
speech-replay,2.9589,0.026200
speech-replay,3.1439,0.026000
speech-replay,2.6095,0.022100
speech-replay,3.2733,0.029000
speech-replay,2.4689,0.023300
speech-replay,2.7573,0.031500
speech-replay,3.3815,0.029300
speech-replay,3.0933,0.031100
speech-replay,2.6211,0.031000
speech-replay,2.4575,0.024500
speech-replay,2.9700,0.046200
speech-replay,3.9025,0.025900
speech-replay,2.9965,0.025400
speech-replay,3.1408,0.031400
speech-replay,2.8358,0.024500
speech-replay,2.6251,0.022700
speech-replay,2.2573,0.019600
speech-replay,2.8269,0.025400
speech-replay,2.7245,0.023500
speech-replay,2.4185,0.023400
speech-replay,3.2912,0.037800
speech-replay,3.1084,0.023600
speech-replay,3.1410,0.029200
speech-replay,3.0356,0.028400
speech-replay,3.1729,0.029400
speech-replay,3.0126,0.024800
speech-replay,3.2106,0.033400
speech-replay,3.2826,0.025000
speech-replay,2.5386,0.022200
speech-replay,3.1904,0.025100
speech-replay,2.7187,0.022800
speech-replay,3.0532,0.025500
speech-replay,2.6026,0.022400
speech-replay,2.6490,0.027800
speech-replay,3.3538,0.036300
speech-replay,2.8265,0.022200
speech-replay,3.0382,0.024100
speech-replay,2.6979,0.023300
speech-replay,2.4374,0.025200
speech-replay,2.7083,0.021100
speech-replay,2.3270,0.022700
speech-replay,3.0563,0.036200
speech-replay,3.1360,0.023600
speech-replay,3.0656,0.065800
speech-replay,3.9208,0.024000
speech-replay,2.7615,0.040800
speech-replay,3.2690,0.027700
speech-replay,2.5097,0.021300
speech-replay,3.6808,0.031300
speech-replay,2.7080,0.035400
speech-replay,3.5886,0.027000
speech-replay,2.7787,0.025000
speech-replay,3.0140,0.063700
speech-replay,3.0811,0.022800
speech-replay,2.7458,0.035000
speech-replay,3.3662,0.023400
speech-replay,2.4698,0.027000
speech-replay,3.2932,0.034100
speech-replay,3.1095,0.025400
speech-replay,2.8783,0.024500
speech-replay,3.1287,0.027100
speech-replay,2.5698,0.046300
speech-replay,3.3834,0.062600
speech-replay,3.7901,0.032900
speech-replay,2.9430,0.028100
speech-replay,2.4205,0.022200
speech-replay,3.2175,0.027100
speech-replay,2.9452,0.023200
speech-replay,3.2686,0.050700
speech-replay,3.3213,0.022800
speech-replay,2.9319,0.030500
speech-replay,2.7509,0.024600
speech-replay,2.4590,0.019600
speech-replay,2.9565,0.029200
speech-replay,3.4553,0.031600
speech-replay,2.9798,0.027600
speech-replay,2.8038,0.024700
speech-replay,2.4020,0.023500
speech-replay,2.9683,0.026800
speech-replay,3.2322,0.026300
speech-replay,3.9344,0.034500
speech-replay,2.9663,0.030100
speech-replay,2.8855,0.022400
speech-replay,2.7643,0.026400
speech-replay,2.6908,0.026900
speech-replay,2.7282,0.023900
speech-replay,2.3783,0.021200
speech-replay,2.7568,0.028100
speech-replay,3.1070,0.023200
speech-replay,2.6693,0.030700
speech-replay,4.2323,0.031700
speech-replay,3.1171,0.036000
speech-replay,3.4847,0.031700
speech-replay,3.6947,0.035000
speech-replay,3.2026,0.026600
speech-replay,2.6418,0.029100
speech-replay,3.4155,0.027100
speech-replay,2.6118,0.025100
speech-replay,3.0226,0.026900
speech-replay,3.1080,0.025400
speech-replay,3.0712,0.029600
speech-replay,2.8070,0.023500
speech-replay,2.5452,0.023200
speech-replay,3.2850,0.036600
speech-replay,2.9995,0.023400
speech-replay,2.8271,0.027600
speech-replay,2.8544,0.026800
speech-replay,3.1452,0.052200
speech-replay,3.3493,0.035700
speech-replay,3.4469,0.038600
speech-replay,3.1885,0.032700
speech-replay,2.7155,0.023800
speech-replay,2.8988,0.025900
speech-replay,2.7332,0.024700
speech-replay,3.4542,0.034600
speech-replay,3.0566,0.026400
speech-replay,3.1004,0.035100
speech-replay,3.7815,0.029000
speech-replay,3.4024,0.044800
speech-replay,3.7583,0.025700
speech-replay,3.1844,0.028600
speech-replay,2.9853,0.023300
speech-replay,2.4589,0.023700
speech-replay,4.5353,0.030000
speech-replay,2.9080,0.030700
speech-replay,2.9104,0.025500
speech-replay,2.5485,0.028400
speech-replay,2.6716,0.030700
speech-replay,2.6691,0.023700
speech-replay,2.2973,0.022100
speech-replay,2.5611,0.025800
speech-replay,2.6105,0.021500
speech-replay,2.4282,0.023800
speech-replay,3.1922,0.029800
speech-replay,2.6593,0.023000
speech-replay,3.9509,0.045100
speech-replay,2.7743,0.021800
speech-replay,3.3597,0.034600
speech-replay,2.8990,0.023100
speech-replay,3.0709,0.032300
speech-replay,3.3639,0.025600
speech-replay,2.6353,0.026800
speech-replay,2.7767,0.024900
speech-replay,2.5029,0.026500
speech-replay,2.6490,0.029400
speech-replay,2.9338,0.023300
speech-replay,2.4742,0.023700
speech-replay,2.9809,0.030900
speech-replay,2.7412,0.025300
speech-replay,2.5662,0.023900
speech-replay,3.2853,0.029400
speech-replay,2.8610,0.029700
speech-replay,2.7670,0.024200
speech-replay,2.6343,0.023400
speech-replay,2.6447,0.027300
speech-replay,2.5901,0.022100
speech-replay,2.8937,0.026400
speech-replay,3.5193,0.033400
speech-replay,3.2106,0.025600
speech-replay,2.9563,0.027000
speech-replay,2.6214,0.021600
speech-replay,3.0718,0.035500
speech-replay,3.6990,0.024300
speech-replay,2.8478,0.037300
speech-replay,3.7954,0.025900
speech-replay,2.8902,0.038100
speech-replay,3.1232,0.026700
speech-replay,2.7391,0.022400
speech-replay,3.2049,0.035400
speech-replay,2.7891,0.024600
speech-replay,2.6628,0.033200
speech-replay,2.6617,0.027600
speech-replay,2.3214,0.021300
speech-replay,2.7519,0.026700
speech-replay,3.3223,0.026200
speech-replay,2.7607,0.030200
speech-replay,3.2820,0.030300
speech-replay,2.7988,0.032300
speech-replay,3.2207,0.025200
speech-replay,2.6844,0.023000
speech-replay,3.0025,0.024400
speech-replay,3.1044,0.028500
speech-replay,3.1114,0.030300
speech-replay,2.9420,0.023300
speech-replay,2.9283,0.034700
speech-replay,3.3050,0.025800
speech-replay,2.9338,0.038700
speech-replay,3.0996,0.027700
speech-replay,2.5804,0.023700
speech-replay,2.4082,0.021600
speech-replay,2.5183,0.022100
speech-replay,2.3257,0.024300
speech-replay,2.6832,0.026100
speech-replay,3.4252,0.026500
speech-replay,2.6904,0.033100
speech-replay,3.3574,0.028800
speech-replay,2.5988,0.021200
speech-replay,3.4062,0.038600
speech-replay,2.9327,0.023500
speech-replay,2.9551,0.032800
speech-replay,2.7604,0.026600
speech-replay,2.7498,0.025900
speech-replay,3.2624,0.025200
speech-replay,2.6447,0.023300
speech-replay,2.9806,0.029800
speech-replay,2.9222,0.027800
speech-replay,2.6418,0.036600
speech-replay,3.2858,0.030700
speech-replay,2.9942,0.033600
speech-replay,3.2418,0.031400
speech-replay,2.7175,0.024300
speech-replay,3.0844,0.026900
speech-replay,2.9250,0.026100
speech-replay,4.0374,0.073500
speech-replay,3.7796,0.029200
speech-replay,3.4723,0.029400
speech-replay,3.1036,0.028600
speech-replay,3.0082,0.036700
speech-replay,4.5490,0.033200
speech-replay,4.2009,0.034700
speech-replay,3.7336,0.057000
speech-replay,3.6786,0.068200
speech-replay,3.5813,0.036200
speech-replay,3.1385,0.025800
speech-replay,2.4979,0.024600
speech-replay,3.1637,0.027300
speech-replay,2.7948,0.033700
speech-replay,3.5376,0.041400
speech-replay,3.7496,0.027800
speech-replay,3.4548,0.032800
speech-replay,3.7629,0.026300
speech-replay,3.2837,0.029400
speech-replay,2.8619,0.025700
speech-replay,2.6895,0.027400
speech-replay,2.8160,0.026100
speech-replay,2.3541,0.022100
speech-replay,3.2641,0.028600
speech-replay,2.5042,0.021600
speech-replay,2.3482,0.032000
speech-replay,2.9509,0.026400
speech-replay,2.7734,0.026100
speech-replay,2.6974,0.023900
speech-replay,3.2025,0.029100
speech-replay,3.4014,0.039100
speech-replay,3.5490,0.026500
speech-replay,2.7156,0.030900
speech-replay,3.2761,0.025000
speech-replay,2.6048,0.102300
speech-replay,2.9120,0.025200
speech-replay,2.6598,0.022400
speech-replay,2.6175,0.031100
speech-replay,3.2586,0.030200
speech-replay,2.7372,0.028000
speech-replay,2.9399,0.026100
speech-replay,2.2866,0.020000
speech-replay,2.6862,0.023800
speech-replay,2.8124,0.029300
speech-replay,3.0008,0.031000
speech-replay,3.0665,0.028400
speech-replay,2.8027,0.024900
speech-replay,2.6412,0.025700
speech-replay,2.6285,0.020300
speech-replay,2.2677,0.021300
speech-replay,3.1089,0.032600
speech-replay,2.9327,0.024400
speech-replay,2.8794,0.027600
speech-replay,2.7591,0.022400
speech-replay,2.4715,0.019600
speech-replay,2.8828,0.028200
speech-replay,2.6428,0.027200
speech-replay,3.0982,0.030600
speech-replay,3.1878,0.037200
speech-replay,2.5458,0.038000
speech-replay,3.4919,0.025700
speech-replay,2.8676,0.023000
speech-replay,3.1493,0.037100
speech-replay,2.8514,0.022900
speech-replay,3.1823,0.025700
speech-replay,2.9935,0.022300
speech-replay,4.0512,0.028600
speech-replay,3.6881,0.023800
speech-replay,2.5963,0.026800
speech-replay,2.8286,0.025500
speech-replay,2.5320,0.058800
speech-replay,3.4306,0.031400
speech-replay,2.8258,0.024400
speech-replay,2.7897,0.023900
speech-replay,2.9329,0.023800
speech-replay,2.3877,0.027100
speech-replay,3.5159,0.028000
speech-replay,2.6002,0.022600
speech-replay,2.9226,0.036500
speech-replay,2.6934,0.022300
speech-replay,2.6469,0.031000
speech-replay,2.9769,0.024000
speech-replay,2.4854,0.023900
speech-replay,2.7246,0.025900
speech-replay,3.1065,0.023100
speech-replay,2.7156,0.026100
speech-replay,2.6168,0.020800
speech-replay,2.6562,0.022000
speech-replay,3.7697,0.056400
speech-replay,3.6131,0.024900
speech-replay,2.7279,0.028900
speech-replay,3.0084,0.029300
speech-replay,2.9764,0.027700
speech-replay,2.7693,0.021300
speech-replay,2.3157,0.022800
speech-replay,2.9731,0.031100
speech-replay,2.8741,0.022000
speech-replay,2.9176,0.024800
speech-replay,2.8848,0.022200
speech-replay,2.3682,0.022000
speech-replay,3.2005,0.030300
speech-replay,2.6804,0.023700
speech-replay,3.2551,0.026400
speech-replay,2.6325,0.026100
speech-replay,2.8118,0.028000
speech-replay,2.8467,0.024100
speech-replay,2.4658,0.021500
speech-replay,2.7994,0.025600
speech-replay,3.2123,0.038300
speech-replay,3.2614,0.026800
speech-replay,2.7234,0.023700
speech-replay,2.3270,0.019800
speech-replay,2.5960,0.027100
speech-replay,2.7720,0.025200
speech-replay,2.8550,0.047700
speech-replay,4.0378,0.025300
speech-replay,2.7767,0.042600
speech-replay,2.9336,0.025900
speech-replay,2.6078,0.022600
speech-replay,3.3815,0.038200
speech-replay,2.9749,0.023300
speech-replay,2.7397,0.029400
speech-replay,2.8652,0.027200
speech-replay,2.4668,0.021200
speech-replay,2.5359,0.034100
speech-replay,2.7605,0.021400
speech-replay,2.9049,0.026300
speech-replay,2.5434,0.022300
speech-replay,2.2556,0.018900
speech-replay,2.5213,0.028600
speech-replay,3.4783,0.035600
speech-replay,3.1791,0.025400
speech-replay,3.4627,0.024300
speech-replay,2.5877,0.020500
speech-replay,3.0878,0.025600
speech-replay,3.0645,0.026000
speech-replay,3.3902,0.033000
speech-replay,2.9711,0.025000
speech-replay,2.8957,0.039500
speech-replay,2.8913,0.025300
speech-replay,2.7735,0.030200
speech-replay,3.7295,0.029900
speech-replay,2.8362,0.037100
speech-replay,3.6037,0.036400
speech-replay,2.9701,0.023700
speech-replay,2.9378,0.025900
speech-replay,2.6883,0.029100
speech-replay,2.9147,0.035200
speech-replay,3.0779,0.027500
speech-replay,2.7396,0.024900
speech-replay,3.1999,0.030300
speech-replay,2.8253,0.024800
speech-replay,3.0931,0.030700
speech-replay,3.0697,0.028600
speech-replay,3.1060,0.027700
speech-replay,3.6181,0.023800
speech-replay,2.8828,0.030900
speech-replay,3.0836,0.026300
speech-replay,2.5392,0.021700
speech-replay,2.9994,0.024900
speech-replay,2.8274,0.022300
speech-replay,3.0183,0.028300
speech-replay,2.6295,0.023100
speech-replay,2.4162,0.021000
speech-replay,2.7886,0.026500
speech-replay,2.5242,0.021100
speech-replay,2.3244,0.028300
speech-replay,3.3028,0.027000
speech-replay,2.6181,0.024800
speech-replay,2.7434,0.028300
speech-replay,2.7368,0.027400
speech-replay,2.6267,0.028500
speech-replay,3.4278,0.030600
speech-replay,2.8810,0.030500
speech-replay,3.7646,0.091600
speech-replay,3.0731,0.021600
speech-replay,2.7402,0.032600
speech-replay,2.9810,0.025800
speech-replay,2.5871,0.030000
speech-replay,2.9855,0.025600
speech-replay,2.4987,0.022500
speech-replay,3.2510,0.029500
speech-replay,2.8009,0.025600
speech-replay,2.7880,0.029800
speech-replay,3.2634,0.024900
speech-replay,2.9373,0.034000
speech-replay,4.1816,0.028100
speech-replay,3.1001,0.039000
speech-replay,3.6419,0.025800
speech-replay,2.7339,0.030200
speech-replay,3.1587,0.033500
speech-replay,2.7315,0.026500
speech-replay,2.9382,0.029100
speech-replay,2.8166,0.027200
speech-replay,3.3170,0.035800
speech-replay,3.8084,0.033300
speech-replay,4.1768,0.030500
speech-replay,4.0199,0.032900
speech-replay,4.7602,0.034500
speech-replay,4.0839,0.054100
speech-replay,4.8719,0.040100
speech-replay,4.6008,0.060800
speech-replay,4.3631,0.038300
speech-replay,3.5105,0.028500
speech-replay,3.2449,0.036500
speech-replay,3.4148,0.041600
speech-replay,4.6079,0.054500
speech-replay,4.0031,0.033100
speech-replay,3.6667,0.035800
speech-replay,3.5776,0.031800
speech-replay,4.6809,0.042600
speech-replay,4.6878,0.032600
speech-replay,3.5991,0.031400
speech-replay,3.4081,0.030100
speech-replay,3.6980,0.038700
speech-replay,3.7133,0.034200
speech-replay,3.0326,0.025100
speech-replay,3.2835,0.033100
speech-replay,2.7182,0.028300
speech-replay,3.2951,0.038200
speech-replay,3.3744,0.027400
speech-replay,2.6491,0.029000
speech-replay,3.5418,0.092800
speech-replay,3.5157,0.040600
speech-replay,3.2950,0.031600
speech-replay,3.7247,0.033400
speech-replay,3.6865,0.031300
speech-replay,3.7711,0.037800
speech-replay,3.5235,0.034400
speech-replay,4.0071,0.032200
speech-replay,3.4637,0.028200
speech-replay,3.1597,0.030300
speech-replay,3.3848,0.035300
speech-replay,2.9736,0.040300
speech-replay,4.1942,0.034700
speech-replay,3.7057,0.056300
speech-replay,3.4885,0.026500
speech-replay,3.2748,0.041500
speech-replay,3.7304,0.035900
speech-replay,3.5289,0.028700
speech-replay,3.2666,0.037900
speech-replay,3.6987,0.039800
speech-replay,3.2973,0.029000
speech-replay,3.3238,0.036700
speech-replay,3.1545,0.027400
speech-replay,3.4550,0.036200
speech-replay,3.7488,0.042800
speech-replay,3.6828,0.031600
speech-replay,3.1496,0.028300
speech-replay,3.4398,0.031600
speech-replay,3.3140,0.027700
speech-replay,3.0387,0.043200
speech-replay,4.2618,0.027800
speech-replay,2.9317,0.034900
speech-replay,3.0142,0.025500
speech-replay,2.6615,0.027400
speech-replay,3.7249,0.036000
speech-replay,4.6345,0.034500
speech-replay,3.6559,0.030200
speech-replay,3.0938,0.028700
speech-replay,2.7835,0.023800
speech-replay,2.6195,0.023200
speech-replay,3.4509,0.035600
speech-replay,3.7266,0.031300
speech-replay,3.2038,0.028100
speech-replay,2.6970,0.022800
speech-replay,2.8432,0.032900
speech-replay,3.5780,0.025900
speech-replay,3.1223,0.046500
speech-replay,3.3674,0.023700
speech-replay,2.5472,0.025800
speech-replay,3.0164,0.045800
speech-replay,2.9196,0.021000
speech-replay,3.0824,0.027200
speech-replay,3.6897,0.024400
speech-replay,2.8954,0.025000
speech-replay,3.4339,0.034200
speech-replay,3.6486,0.029500
speech-replay,2.9139,0.023900
speech-replay,2.5762,0.030100
speech-replay,2.8117,0.024400
speech-replay,2.3897,0.019600
speech-replay,3.4178,0.048300
speech-replay,3.3903,0.025900
speech-replay,2.9777,0.034000
speech-replay,2.9930,0.025500
speech-replay,2.6861,0.031200
speech-replay,3.8873,0.030100
speech-replay,2.8443,0.026400
speech-replay,3.1809,0.029000
speech-replay,3.1611,0.028100
speech-replay,3.2437,0.045800
speech-replay,3.4181,0.028300
speech-replay,2.7958,0.030600
speech-replay,2.6516,0.022200
speech-replay,2.4519,0.031200
speech-replay,3.4682,0.032900
speech-replay,2.5947,0.021700
speech-replay,2.5495,0.024900
speech-replay,2.4546,0.022100
speech-replay,2.4607,0.025300
speech-replay,2.7464,0.022800
speech-replay,3.1249,0.036300
speech-replay,3.4168,0.026100
speech-replay,2.7723,0.024700
speech-replay,3.0971,0.027600
speech-replay,2.7790,0.021400
speech-replay,2.3629,0.020000
speech-replay,3.2049,0.029200
speech-replay,2.8968,0.023400
speech-replay,2.8482,0.029000
speech-replay,3.1755,0.026900
speech-replay,2.6543,0.019800
speech-replay,2.7548,0.026100
speech-replay,2.7222,0.027900
speech-replay,2.8061,0.028300
speech-replay,2.6289,0.025500
speech-replay,2.8612,0.024400
speech-replay,2.7737,0.023500
speech-replay,2.4316,0.020200
speech-replay,2.3100,0.025100
speech-replay,3.5798,0.027300
speech-replay,2.7112,0.024100
speech-replay,3.2725,0.030100
speech-replay,3.4792,0.123100
speech-replay,3.2843,0.025900
speech-replay,2.7167,0.023300
speech-replay,3.1901,0.027700
speech-replay,2.7740,0.031000
speech-replay,3.3671,0.034300
speech-replay,2.9608,0.026300
speech-replay,2.6520,0.020600
speech-replay,3.0967,0.028900
speech-replay,2.6345,0.023400
speech-replay,2.4663,0.026900
speech-replay,3.4046,0.031000
speech-replay,2.7494,0.027200
speech-replay,3.3159,0.024800
speech-replay,2.6830,0.024000
speech-replay,3.2636,0.029400
speech-replay,2.7934,0.024800
speech-replay,2.7351,0.024500
speech-replay,3.2025,0.037400
speech-replay,3.6280,0.033700
speech-replay,2.9255,0.025300
speech-replay,2.7589,0.024400
speech-replay,2.7568,0.025300
speech-replay,2.5655,0.033300
speech-replay,3.0220,0.030700
speech-replay,2.9296,0.023600
speech-replay,2.4067,0.020000
speech-replay,3.3165,0.032700
speech-replay,2.7873,0.021400
speech-replay,2.6302,0.027700
speech-replay,2.7645,0.021700
speech-replay,2.5785,0.026300
speech-replay,3.8212,0.038500
speech-replay,2.9037,0.024700
speech-replay,3.3358,0.033100
speech-replay,2.8579,0.023900
speech-replay,2.5477,0.026300
speech-replay,2.8929,0.024600
speech-replay,2.6129,0.021400
speech-replay,3.1325,0.028600
speech-replay,3.2048,0.028900
speech-replay,3.3742,0.042200
speech-replay,3.3667,0.022500
speech-replay,3.3008,0.033000
speech-replay,2.9284,0.029600
speech-replay,2.8175,0.024300
speech-replay,2.5614,0.019600
speech-replay,2.9314,0.026300
speech-replay,3.3028,0.023600
speech-replay,2.7294,0.019600
speech-replay,2.7950,0.028900
speech-replay,3.3354,0.033200
speech-replay,2.6880,0.027300
speech-replay,2.8372,0.022900
speech-replay,2.5782,0.021200
speech-replay,3.0611,0.029500
speech-replay,3.0126,0.024600
speech-replay,2.8547,0.031300
speech-replay,3.4909,0.029900
speech-replay,2.8397,0.024900
speech-replay,2.7112,0.024200
speech-replay,2.7281,0.020900
speech-replay,2.6783,0.022800
speech-replay,2.7944,0.024600
speech-replay,3.0241,0.030600
speech-replay,3.0434,0.032200
speech-replay,2.8640,0.021900
speech-replay,2.9627,0.026000
speech-replay,2.4929,0.021100
speech-replay,2.9328,0.027400
speech-replay,2.8728,0.022500
speech-replay,2.7411,0.023600
speech-replay,3.2997,0.022900
speech-replay,2.5196,0.022100
speech-replay,2.6012,0.026000
speech-replay,3.4655,0.025200
speech-replay,2.7602,0.027900
speech-replay,3.6239,0.027300
speech-replay,3.9644,0.038500
speech-replay,3.5816,0.026800
speech-replay,3.3310,0.028200
speech-replay,3.3200,0.026100
speech-replay,2.6506,0.022600
speech-replay,3.3057,0.027800
speech-replay,3.0330,0.021500
speech-replay,3.1023,0.029400
speech-replay,2.8171,0.028400
speech-replay,2.6623,0.029300
speech-replay,2.9227,0.026400
speech-replay,2.8029,0.022000
speech-replay,3.3270,0.025200
speech-replay,2.8817,0.023500
speech-replay,2.8470,0.025500
speech-replay,2.5366,0.026200
speech-replay,3.2160,0.032500
speech-replay,3.0145,0.029900
speech-replay,3.0514,0.026000
speech-replay,3.0359,0.022900
speech-replay,2.5823,0.023800
speech-replay,3.3015,0.026000
speech-replay,3.1576,0.023000
speech-replay,3.0703,0.029200
speech-replay,3.9902,0.028800
speech-replay,3.0502,0.039000
speech-replay,3.3175,0.031100
speech-replay,2.9509,0.032200
speech-replay,3.0215,0.025000
speech-replay,3.0132,0.545000
speech-replay,26.1639,0.037000
speech-replay,4.0493,0.038500
speech-replay,3.1415,0.024300
speech-replay,3.0635,0.031000
speech-replay,3.4079,0.026600
speech-replay,3.3269,0.038900
speech-replay,3.5192,0.024900
speech-replay,2.7302,0.030100
speech-replay,3.3989,0.027800
speech-replay,2.9937,0.022600
speech-replay,3.2258,0.023100
speech-replay,2.9976,0.023800
speech-replay,2.7685,0.024600
speech-replay,3.4502,0.027900
speech-replay,3.3737,0.028500
speech-replay,3.0172,0.022800
speech-replay,2.6634,0.059500
speech-replay,3.2284,0.026400
speech-replay,2.7492,0.019800
speech-replay,3.0561,0.035300
speech-replay,2.8679,0.024500
speech-replay,3.3560,0.030200
speech-replay,3.4732,0.023900
speech-replay,4.0558,0.029400
speech-replay,3.5629,0.029700
speech-replay,3.2750,0.025700
speech-replay,2.8688,0.026200
speech-replay,3.3670,0.043400
speech-replay,3.9939,0.066300
speech-replay,3.1355,0.026700
speech-replay,2.7763,0.023500
speech-replay,3.4310,0.031300
speech-replay,3.3291,0.025300
speech-replay,2.7283,0.027700
speech-replay,3.1212,0.027000
speech-replay,2.7562,0.024500
speech-replay,3.3762,0.028200
speech-replay,3.1936,0.026900
speech-replay,3.2353,0.030500
speech-replay,4.1129,0.027800
speech-replay,3.5049,0.028600
speech-replay,2.9019,0.026800
speech-replay,3.0836,0.036700
speech-replay,3.3088,0.036200
speech-replay,3.1097,0.027500
speech-replay,3.0180,0.030300
speech-replay,2.6383,0.021200
speech-replay,3.9307,0.045500
speech-replay,3.6559,0.035000
speech-replay,3.1574,0.024500
speech-replay,2.6611,0.024400
speech-replay,3.0532,0.025100
speech-replay,2.8624,0.032200
speech-replay,3.2033,0.028700
speech-replay,2.6447,0.027200
speech-replay,2.5967,0.021500
speech-replay,2.9906,0.028500
speech-replay,2.6144,0.028400
speech-replay,3.1492,0.027700
speech-replay,3.7573,0.036700
speech-replay,3.2493,0.028400
speech-replay,2.8365,0.029600
speech-replay,2.7834,0.036500
speech-replay,3.7054,0.034300
speech-replay,3.7858,0.030900
speech-replay,3.3104,0.031200
speech-replay,3.1411,0.029900
speech-replay,3.2286,0.026500
speech-replay,2.8959,0.026400
speech-replay,3.0922,0.026700
speech-replay,2.8907,0.030100
speech-replay,2.9759,0.026400
speech-replay,2.7500,0.029700
speech-replay,2.4144,0.022300
speech-replay,3.1009,0.027300
speech-replay,2.6414,0.024000
speech-replay,2.5419,0.038100
speech-replay,3.1548,0.027500
speech-replay,2.9902,0.027100
speech-replay,2.7705,0.023900
speech-replay,2.4821,0.021600
speech-replay,2.7129,0.027100
speech-replay,3.0295,0.026800
speech-replay,3.1991,0.029700
speech-replay,3.1094,0.029100
speech-replay,2.9087,0.022600
speech-replay,3.0844,0.028300
speech-replay,2.4575,0.020900
speech-replay,2.4185,0.023300
speech-replay,3.2309,0.026500
speech-replay,2.6577,0.022600
speech-replay,3.0867,0.024900
speech-replay,2.6984,0.035700
speech-replay,2.9700,0.025200
speech-replay,2.8756,0.027700
speech-replay,2.9105,0.038600
speech-replay,3.3854,0.026500
speech-replay,2.6773,0.022700
speech-replay,3.0873,0.030900
speech-replay,3.0057,0.023900
speech-replay,3.0605,0.121800
speech-replay,2.7698,0.020000
speech-replay,3.1969,0.027800
speech-replay,3.1220,0.023200
speech-replay,2.5265,0.023700
speech-replay,2.5479,0.022900
speech-replay,2.4953,0.027600
speech-replay,2.3013,0.019300
speech-replay,2.9987,0.034000
speech-replay,2.7191,0.020700
speech-replay,2.5542,0.054400
speech-replay,3.1321,0.027200
speech-replay,2.4441,0.019200
speech-replay,2.8982,0.023600
speech-replay,2.4308,0.025100
speech-replay,2.7041,0.027400
speech-replay,3.1317,0.036800
speech-replay,2.9144,0.022100
speech-replay,2.6866,0.023500
speech-replay,2.5604,0.050500
speech-replay,3.0543,0.023100
speech-replay,2.9405,0.027700
speech-replay,3.0506,0.028300
speech-replay,2.9950,0.023200
speech-replay,2.7712,0.029800
speech-replay,2.9558,0.024200
speech-replay,2.4927,0.022700
speech-replay,2.5924,0.025600
speech-replay,3.0822,0.026300
speech-replay,2.5064,0.022100
speech-replay,3.1800,0.029300
speech-replay,2.9515,0.023100
speech-replay,2.6134,0.026800
speech-replay,2.9877,0.025900
speech-replay,2.6324,0.020800
speech-replay,3.2616,0.035600
speech-replay,3.3017,0.027300
speech-replay,3.4375,0.032700
speech-replay,3.0129,0.023700
speech-replay,2.9652,0.031400
speech-replay,2.8406,0.024400
speech-replay,2.5985,0.031400
speech-replay,3.3331,0.025400
speech-replay,2.5520,0.025500
speech-replay,2.6301,0.021900
speech-replay,3.2278,0.046800
speech-replay,3.3154,0.028700
speech-replay,3.1569,0.027900
speech-replay,2.8442,0.024400
speech-replay,2.7745,0.025000
speech-replay,2.3808,0.026100
speech-replay,3.2060,0.035700
speech-replay,3.5728,0.023800
speech-replay,2.7881,0.026000
speech-replay,3.0970,0.022200
speech-replay,2.5516,0.021500
speech-replay,3.2507,0.037100
speech-replay,3.2818,0.023700
speech-replay,3.7269,0.033300
speech-replay,2.9100,0.023000
speech-replay,3.0321,0.032600
speech-replay,2.9464,0.022600
speech-replay,2.5340,0.023500
speech-replay,3.2569,0.024600
speech-replay,2.4644,0.028200
speech-replay,3.3590,0.030700
speech-replay,2.5199,0.021700
speech-replay,2.3937,0.025800
speech-replay,3.5824,0.028800
speech-replay,2.6284,0.021800
speech-replay,3.3710,0.042600
speech-replay,2.7727,0.021500
speech-replay,2.8081,0.033000
speech-replay,2.9428,0.024300
speech-replay,3.0897,0.028000
speech-replay,2.8426,0.027400
speech-replay,2.6323,0.022700
speech-replay,3.1408,0.026800
speech-replay,3.3309,0.024200
speech-replay,3.2390,0.030000
speech-replay,3.0045,0.026700
speech-replay,2.8945,0.026700
speech-replay,2.7552,0.021400
speech-replay,2.3495,0.020700
speech-replay,3.4621,0.045800
speech-replay,3.2300,0.033800
speech-replay,3.5776,0.026500
speech-replay,2.4820,0.021800
speech-replay,2.4301,0.026800
speech-replay,2.7689,0.030600
speech-replay,3.0013,0.023000
speech-replay,2.7056,0.027800
speech-replay,2.7021,0.024900
speech-replay,2.3664,0.026800
speech-replay,2.9207,0.025000
speech-replay,2.6686,0.023700
speech-replay,3.1810,0.065100
speech-replay,4.8749,0.071800
speech-replay,5.1784,0.032800
speech-replay,3.3996,0.038300
speech-replay,3.6901,0.050500
speech-replay,3.1338,0.032200
speech-replay,2.9079,0.025600
speech-replay,2.8235,0.042300
speech-replay,3.5917,0.031700
speech-replay,2.5380,0.023600
speech-replay,2.6863,0.024700
speech-replay,2.6725,0.023800
speech-replay,2.6344,0.025900
speech-replay,2.8302,0.025200
speech-replay,2.9673,0.023900
speech-replay,2.9606,0.023400
speech-replay,2.4713,0.021600
speech-replay,2.3850,0.025500
speech-replay,2.6847,0.022000
speech-replay,2.8432,0.024100
speech-replay,2.9548,0.043500
speech-replay,3.4522,0.023100
speech-replay,2.7803,0.027000
speech-replay,2.8386,0.021700
speech-replay,2.4518,0.020800
speech-replay,3.0651,0.024600
speech-replay,2.5755,0.025100
speech-replay,3.2982,0.029400
speech-replay,3.0512,0.026000
speech-replay,2.6912,0.029300
speech-replay,3.0138,0.031000
speech-replay,2.6516,0.024800
speech-replay,3.3009,0.036300
speech-replay,3.0976,0.026300
speech-replay,2.9171,0.031300
speech-replay,3.0220,0.024800
speech-replay,2.4586,0.020800
speech-replay,3.3217,0.023800
speech-replay,2.4843,0.020400
speech-replay,2.8951,0.046100
speech-replay,3.3497,0.030800
speech-replay,3.3761,0.031000
speech-replay,3.9013,0.031600
speech-replay,3.4147,0.032700
speech-replay,3.3134,0.032700
speech-replay,3.4378,0.030200
speech-replay,2.8179,0.025300
speech-replay,2.5076,0.028700
speech-replay,3.2774,0.026600
speech-replay,2.6236,0.021400
speech-replay,3.1345,0.023600
speech-replay,2.5597,0.022900
speech-replay,2.6618,0.040800
speech-replay,3.5842,0.023800
speech-replay,2.4228,0.021200
speech-replay,3.2458,0.032700
speech-replay,2.8078,0.023800
speech-replay,2.6326,0.024600
speech-replay,2.8689,0.027100
speech-replay,2.5813,0.020800
speech-replay,3.2048,0.033000
speech-replay,3.2481,0.025300
speech-replay,2.7228,0.024100
speech-replay,2.6156,0.022200
speech-replay,2.2223,0.037100
speech-replay,3.4211,0.030600
speech-replay,3.4617,0.032600
speech-replay,3.6806,0.029900
speech-replay,2.6939,0.023800
speech-replay,2.9109,0.030700
speech-replay,2.6936,0.025800
speech-replay,2.8953,0.023700
speech-replay,3.1085,0.029500
speech-replay,2.7030,0.021600
speech-replay,2.8114,0.025600
speech-replay,2.7141,0.055800
speech-replay,3.0210,0.035800
speech-replay,3.2148,0.028600
speech-replay,2.8232,0.028600
speech-replay,2.6038,0.027500
speech-replay,2.4377,0.021300
speech-replay,2.7333,0.025300
speech-replay,2.9425,0.024200
speech-replay,2.7581,0.021000
speech-replay,3.7564,0.026400
speech-replay,3.0239,0.026500
speech-replay,3.1429,0.026200
speech-replay,2.8103,0.023400
speech-replay,2.7010,0.027300
speech-replay,3.2073,0.030800
speech-replay,2.5786,0.026700
speech-replay,3.3701,0.025900
speech-replay,2.6730,0.023900
speech-replay,3.0295,0.066000
speech-replay,2.9224,0.051300
speech-replay,3.3388,0.025800
speech-replay,3.1724,0.027900
speech-replay,2.7400,0.027500
speech-replay,2.9948,0.026700
speech-replay,2.9228,0.025300
speech-replay,2.9307,0.033500
speech-replay,2.5256,0.028400
speech-replay,2.8805,0.034300
speech-replay,3.7559,0.038500
speech-replay,3.1943,0.030200
speech-replay,2.9359,0.036800
speech-replay,3.2647,0.039900
speech-replay,3.3329,0.028500
speech-replay,2.6044,0.023500
speech-replay,3.0454,0.030000
speech-replay,3.0034,0.027100
speech-replay,3.6009,0.026800
speech-replay,2.8676,0.032500
speech-replay,3.4778,0.035600
speech-replay,3.2018,0.030000
speech-replay,2.6217,0.030300
speech-replay,2.8597,0.029700
speech-replay,3.3477,0.031100
speech-replay,3.9454,0.031600
speech-replay,3.0114,0.023400
speech-replay,3.4488,0.027200
speech-replay,2.7078,0.023800
speech-replay,3.7344,0.048800
speech-replay,3.6752,0.026400
speech-replay,4.3349,0.045900
speech-replay,3.2190,0.024400
speech-replay,3.3466,0.041100
speech-replay,2.8060,0.023000
speech-replay,2.8822,0.028800
speech-replay,2.7444,0.021100
speech-replay,2.4467,0.034900
speech-replay,2.8181,0.023400
speech-replay,2.7594,0.023100
speech-replay,2.8702,0.025100
speech-replay,2.6850,0.023900
speech-replay,2.6503,0.025500
speech-replay,3.2446,0.027200
speech-replay,2.9975,0.024600
speech-replay,3.9551,0.032400
speech-replay,2.7724,0.034600
speech-replay,3.1183,0.034200
speech-replay,2.9665,0.023900
speech-replay,2.7477,0.033900
speech-replay,3.4731,0.037800
speech-replay,2.7398,0.032400
speech-replay,3.1671,0.027800
speech-replay,2.4914,0.027000
speech-replay,3.3567,0.028100
speech-replay,3.0250,0.023000
speech-replay,2.8241,0.025000
speech-replay,2.7671,0.024000
speech-replay,2.3999,0.020400
speech-replay,3.0496,0.034300
speech-replay,2.9051,0.025200
speech-replay,3.0719,0.026200
speech-replay,2.8679,0.025100
speech-replay,2.3984,0.024500
speech-replay,2.7835,0.038700
speech-replay,3.1429,0.036500
speech-replay,3.3051,0.034600
speech-replay,2.8947,0.025900
speech-replay,2.5236,0.023900
speech-replay,2.9223,0.023800
speech-replay,2.6363,0.023900
speech-replay,3.1196,0.027400
speech-replay,3.1383,0.058200
speech-replay,3.4317,0.030900
speech-replay,2.9191,0.029700
speech-replay,2.9764,0.034100
speech-replay,3.2082,0.029600
speech-replay,2.6324,0.025800
speech-replay,3.0052,0.027500
speech-replay,3.1819,0.027400
speech-replay,3.1061,0.023600
speech-replay,3.2021,0.026900
speech-replay,3.5201,0.033600
speech-replay,3.0449,0.030700
speech-replay,2.8374,0.030700
speech-replay,3.3741,0.024400
speech-replay,2.4964,0.023500
speech-replay,3.1665,0.026700
speech-replay,2.4817,0.021000
speech-replay,2.6069,0.033400
speech-replay,3.0536,0.024700
speech-replay,2.5608,0.020000
speech-replay,3.6500,0.039500
speech-replay,2.8589,0.026100
speech-replay,3.0919,0.027900
speech-replay,2.5802,0.029300
speech-replay,2.9630,0.030300
speech-replay,3.1612,0.025000
speech-replay,2.5697,0.022900
speech-replay,2.4389,0.023300
speech-replay,2.8120,0.022800
speech-replay,2.4128,0.025900
speech-replay,2.4740,0.028400
speech-replay,2.9505,0.022700
speech-replay,2.8922,0.024900
speech-replay,2.4730,0.027100
speech-replay,2.2535,0.020700
speech-replay,2.9415,0.031800
speech-replay,2.8610,0.024800
speech-replay,2.9087,0.027700
speech-replay,2.7335,0.027800
speech-replay,2.4176,0.020200
speech-replay,3.0908,0.028200
speech-replay,3.5997,0.025100
speech-replay,3.5765,0.030600
speech-replay,2.7220,0.024400
speech-replay,2.6185,0.024500
speech-replay,2.6880,0.021700
speech-replay,2.5183,0.021800
speech-replay,3.1793,0.032100
speech-replay,3.2202,0.027100
speech-replay,2.9549,0.033500
speech-replay,2.5742,0.023400
speech-replay,3.1470,0.028300
speech-replay,3.8812,0.032500
speech-replay,3.1156,0.035000
speech-replay,3.1546,0.029200
speech-replay,3.0136,0.033800
speech-replay,3.3443,0.027100
speech-replay,3.4855,0.051500
speech-replay,3.5014,0.027100
speech-replay,2.8150,0.023800
speech-replay,3.0508,0.024800
speech-replay,2.8072,0.024700
speech-replay,2.9406,0.046900
speech-replay,3.6603,0.027800
speech-replay,3.1160,0.031500
speech-replay,2.6929,0.028800
speech-replay,2.6310,0.022700
speech-replay,2.6818,0.066900
speech-replay,3.3408,0.028000
speech-replay,3.1946,0.027600
speech-replay,3.1282,0.026700
speech-replay,2.6251,0.025700
speech-replay,2.8677,0.036700
speech-replay,3.0533,0.038600
speech-replay,4.1861,0.060800
speech-replay,4.5269,0.034500
speech-replay,3.3552,0.029300
speech-replay,2.9619,0.030200
speech-replay,3.2027,0.040300
speech-replay,3.1515,0.047100
speech-replay,4.0944,0.040800
speech-replay,3.7142,0.033900
speech-replay,4.0959,0.039700
speech-replay,3.3058,0.044600
speech-replay,3.5961,0.029100
speech-replay,3.8755,0.055900
speech-replay,3.7818,0.027400
speech-replay,3.4005,0.030800
speech-replay,3.5155,0.027800
speech-replay,3.5556,0.038400
speech-replay,3.1278,0.035200
speech-replay,3.6524,0.041600
speech-replay,3.0844,0.031400
speech-replay,3.4745,0.029500
speech-replay,3.3060,0.027200
speech-replay,3.5784,0.038700
speech-replay,3.4813,0.031200
speech-replay,2.9895,0.075000
speech-replay,3.8154,0.028700
speech-replay,2.8913,0.038100
speech-replay,3.8633,0.030500
speech-replay,2.7359,0.029600
speech-replay,3.0155,0.029700
speech-replay,2.8145,0.030500
speech-replay,3.5043,0.028900
speech-replay,3.1739,0.025100
speech-replay,4.2183,0.037800
speech-replay,3.1815,0.029900
speech-replay,3.9070,0.034600
speech-replay,2.9906,0.025800
speech-replay,2.9879,0.026700
speech-replay,2.7279,0.028300
speech-replay,3.2457,0.051200
speech-replay,4.2188,0.030000
speech-replay,3.0673,0.029100
speech-replay,3.1481,0.031400
speech-replay,3.1887,0.037700
speech-replay,3.8987,0.059900
speech-replay,3.7907,0.034400
speech-replay,3.3334,0.026800
speech-replay,2.9785,0.029400
speech-replay,2.7899,0.029800
speech-replay,3.5507,0.033600
speech-replay,4.7471,0.072200
speech-replay,4.4722,0.052100
speech-replay,4.7846,0.054200
speech-replay,6.4001,0.052100
speech-replay,5.4790,0.039000
speech-replay,4.9801,0.060800
speech-replay,5.7797,0.095700
speech-replay,5.5038,0.073900
speech-replay,5.9394,0.049900
speech-replay,4.7736,0.047200
speech-replay,3.9722,0.040600
speech-replay,4.3608,0.048900
speech-replay,4.4149,0.059400
speech-replay,4.5298,0.052600
speech-replay,4.6251,0.042100
speech-replay,4.9772,0.090100
speech-replay,4.5221,0.044900
speech-replay,3.7679,0.041500
speech-replay,4.8284,0.060000
speech-replay,4.8826,0.038200
speech-replay,4.4684,0.162200
speech-replay,8.2020,0.069500
speech-replay,7.8472,0.059300
speech-replay,5.3853,0.058100
speech-replay,4.4115,0.052100
speech-replay,3.6300,0.046900
speech-replay,4.7239,0.082500
speech-replay,4.1772,0.036100
speech-replay,3.2968,0.026800
speech-replay,3.2579,0.035400
speech-replay,3.4482,0.030600
speech-replay,4.9191,0.034600
speech-replay,3.4254,0.039500
speech-replay,4.3261,0.034200
speech-replay,4.8282,0.066500
speech-replay,5.7757,0.072400
speech-replay,4.3001,0.034100
speech-replay,3.5523,0.038400
speech-replay,3.3695,0.032000
speech-replay,3.1002,0.031400
speech-replay,3.1002,0.030100
speech-replay,3.3542,0.046700
speech-replay,3.2686,0.044600
speech-replay,2.8966,0.040700
speech-replay,3.8174,0.028800
speech-replay,2.8779,0.032900
speech-replay,3.1741,0.035600
speech-replay,2.8908,0.035500
speech-replay,3.3792,0.037100
speech-replay,2.9870,0.026500
speech-replay,4.2773,0.039400
speech-replay,3.4956,0.033000
speech-replay,3.8084,0.030900
speech-replay,3.0126,0.031500
speech-replay,3.4769,0.028500
speech-replay,3.0356,0.030800
speech-replay,4.2958,0.050500
speech-replay,3.3789,0.033400
speech-replay,3.2965,0.027400
speech-replay,2.6350,0.026000
speech-replay,3.1843,0.044300
speech-replay,3.3524,0.033100
speech-replay,3.6314,0.045700
speech-replay,4.1514,0.076100
speech-replay,4.8005,0.033900
speech-replay,3.4283,0.043500
speech-replay,3.7412,0.034900
speech-replay,2.7840,0.021600
speech-replay,3.1784,0.035100
speech-replay,2.8783,0.029700
speech-replay,3.6255,0.032300
speech-replay,3.1094,0.029900
speech-replay,3.5601,0.069800
speech-replay,3.4257,0.031200
speech-replay,3.3922,0.031400
speech-replay,3.2672,0.023600
speech-replay,2.9212,0.034700
speech-replay,3.2922,0.037000
speech-replay,2.6218,0.029400
speech-replay,3.0824,0.031000
speech-replay,2.7797,0.025800
speech-replay,3.6514,0.030200
speech-replay,2.5109,0.025000
speech-replay,2.5300,0.030500
speech-replay,3.1675,0.028900
speech-replay,2.7944,0.031600
speech-replay,2.7777,0.024400
speech-replay,2.8503,0.025600
speech-replay,2.8534,0.029900
speech-replay,2.8093,0.030800
speech-replay,2.7435,0.037700
speech-replay,3.1371,0.026800
speech-replay,2.4132,0.025800
speech-replay,2.9047,0.028100
speech-replay,3.3473,0.025100
speech-replay,2.9517,0.034600
speech-replay,4.0438,0.027900
speech-replay,2.7900,0.027700
speech-replay,2.6018,0.024500
speech-replay,2.5809,0.022000
speech-replay,3.1425,0.037000
speech-replay,3.2585,0.022700
speech-replay,2.8234,0.026500
speech-replay,2.6974,0.021900
speech-replay,3.1952,0.038400
speech-replay,6.4021,0.027700
speech-replay,3.3160,0.025500
speech-replay,2.9165,0.029900
speech-replay,3.0151,0.027800
speech-replay,2.6854,0.022400
speech-replay,2.5776,0.101300
speech-replay,9.7450,0.058200
speech-replay,4.6422,0.065400
speech-replay,4.1478,0.030800
speech-replay,3.2887,0.029700
speech-replay,2.8429,0.025000
speech-replay,3.1922,0.032100
speech-replay,3.4479,0.035700
speech-replay,3.0197,0.053700
speech-replay,3.3052,0.029900
speech-replay,2.9069,0.029300
speech-replay,3.1408,0.033900
speech-replay,2.9404,0.026800
speech-replay,3.8599,0.036600
speech-replay,3.0927,0.024500
speech-replay,2.8873,0.032000
speech-replay,2.6709,0.022600
speech-replay,3.0263,0.040500
speech-replay,3.2954,0.026500
speech-replay,2.9033,0.027900
speech-replay,3.3290,0.031100
speech-replay,2.6544,0.023300
speech-replay,2.4596,0.021700
speech-replay,3.2886,0.033500
speech-replay,2.7119,0.023900
speech-replay,3.6100,0.031500
speech-replay,2.8435,0.022700
speech-replay,4.0000,0.030400
speech-replay,2.7858,0.027800
speech-replay,2.6772,0.026200
speech-replay,3.1045,0.024300
speech-replay,2.7446,0.024300
speech-replay,3.3631,0.098100
speech-replay,3.3460,0.026000
speech-replay,3.0222,0.024000
speech-replay,2.5798,0.024000
speech-replay,3.1920,0.028100
speech-replay,2.6285,0.023900
speech-replay,3.0309,0.025900
speech-replay,2.9004,0.026600
speech-replay,2.7240,0.023300
speech-replay,2.8279,0.023700
speech-replay,2.5428,0.021000
speech-replay,2.5140,0.028100
speech-replay,2.7485,0.025500
speech-replay,2.3962,0.021200
speech-replay,2.6742,0.027800
speech-replay,3.2187,0.027500
speech-replay,2.8491,0.042900
speech-replay,4.2686,0.026300
speech-replay,3.0063,0.042900
speech-replay,3.0464,0.023700
speech-replay,2.4578,0.022500
speech-replay,3.2381,0.034600
speech-replay,3.2064,0.024600
speech-replay,2.9099,0.026700
speech-replay,2.6580,0.025600
speech-replay,2.6117,0.024000
speech-replay,3.0132,0.024100
speech-replay,2.5666,0.024000
speech-replay,3.7247,0.030400
speech-replay,2.7251,0.026900
speech-replay,2.9269,0.029100
speech-replay,3.6347,0.025700
speech-replay,2.9334,0.030400
speech-replay,2.9480,0.022400
speech-replay,2.3837,0.023000
speech-replay,2.7598,0.027900
speech-replay,2.8621,0.029100
speech-replay,2.8407,0.031700
speech-replay,2.6562,0.024100
speech-replay,2.3050,0.022700
speech-replay,2.5564,0.031500
speech-replay,2.8279,0.021100
speech-replay,2.3502,0.020100
speech-replay,3.2171,0.029700
speech-replay,2.8551,0.025900
speech-replay,3.2312,0.028100
speech-replay,2.8966,0.024100
speech-replay,2.7396,0.040700
speech-replay,3.0563,0.024200
speech-replay,2.7746,0.024000
speech-replay,2.7795,0.023100
speech-replay,2.6883,0.024300
speech-replay,2.5927,0.031800
speech-replay,3.3809,0.032700
speech-replay,3.0726,0.035300
speech-replay,3.0538,0.040700
speech-replay,2.7268,0.020700
speech-replay,3.1378,0.031200
speech-replay,3.0400,0.023700
speech-replay,2.3735,0.023000
speech-replay,2.6843,0.021000
speech-replay,2.3517,0.022400
speech-replay,2.5738,0.027500
speech-replay,2.6676,0.024600
speech-replay,2.7076,0.024900
speech-replay,2.7348,0.030000
speech-replay,2.5597,0.031100
speech-replay,3.1299,0.031000
speech-replay,3.7283,0.026900
speech-replay,2.8844,0.034800
speech-replay,2.9938,0.023600
speech-replay,2.5494,0.021400
speech-replay,2.8226,0.027300
speech-replay,2.6719,0.027800
speech-replay,3.1409,0.039700
speech-replay,3.7619,0.032100
speech-replay,3.1919,0.039700
speech-replay,3.2129,0.026000
speech-replay,2.8986,0.047100
speech-replay,3.4835,0.033100
speech-replay,2.8073,0.023500
speech-replay,3.3383,0.035000
speech-replay,2.8479,0.031700
speech-replay,3.6188,0.029500
speech-replay,3.0381,0.025200
speech-replay,3.1668,0.033500
speech-replay,2.9567,0.025800
speech-replay,3.3979,0.036900
speech-replay,3.6736,0.026900
speech-replay,2.8968,0.026400
speech-replay,3.0358,0.025200
speech-replay,3.1187,0.033000
speech-replay,3.2968,0.029900
speech-replay,2.8709,0.022000
speech-replay,3.0477,0.038000
speech-replay,2.9541,0.023500
speech-replay,3.4864,0.046900
speech-replay,3.1249,0.025700
speech-replay,2.5690,0.033200
speech-replay,2.9644,0.026000
speech-replay,2.6763,0.021400
speech-replay,2.6891,0.029300
speech-replay,3.3660,0.031900
speech-replay,3.0717,0.030700
speech-replay,2.6700,0.022500
speech-replay,2.6097,0.021000
speech-replay,2.8187,0.025500
speech-replay,3.1831,0.027000
speech-replay,3.4082,0.028000
speech-replay,2.9731,0.026100
speech-replay,3.2896,0.036500
speech-replay,3.4042,0.028500
speech-replay,3.6268,0.031000
speech-replay,3.5372,0.025800
speech-replay,3.1364,0.036300
speech-replay,3.3478,0.033100
speech-replay,3.3668,0.031100
speech-replay,3.2097,0.036400
speech-replay,4.0815,0.044700
speech-replay,3.8138,0.031000
speech-replay,3.5308,0.057400
speech-replay,3.6601,0.026600
speech-replay,2.9412,0.029900
speech-replay,2.6697,0.023400
speech-replay,2.4337,0.021500
speech-replay,3.0854,0.033300
speech-replay,3.0241,0.025600
speech-replay,3.0477,0.026300
speech-replay,3.2487,0.030700
speech-replay,3.0434,0.029800
speech-replay,4.2583,0.027500
speech-replay,4.0324,0.036800
speech-replay,4.1372,0.035100
speech-replay,3.0383,0.025700
speech-replay,3.3380,0.029300
speech-replay,2.9036,0.029800
speech-replay,2.7938,0.025100
speech-replay,2.6239,0.032900
speech-replay,3.6633,0.048300
speech-replay,3.7864,0.033300
speech-replay,3.4076,0.031200
speech-replay,3.2493,0.036800
speech-replay,3.4566,0.027700
speech-replay,3.4886,0.039100
speech-replay,3.7434,0.027000
speech-replay,2.8437,0.033800
speech-replay,3.2303,0.028000
speech-replay,3.3979,0.046400
speech-replay,7.2418,0.072400
speech-replay,5.7706,0.046400
speech-replay,5.4401,0.048400
speech-replay,5.4198,0.051400
speech-replay,3.8765,0.049600
speech-replay,4.2530,0.037000
speech-replay,3.8810,0.038700
speech-replay,4.0200,0.029900
speech-replay,3.2837,0.030000
speech-replay,3.2170,0.025400
speech-replay,2.8203,0.030700
speech-replay,4.0952,0.029100
speech-replay,3.4822,0.039400
speech-replay,3.2804,0.029900
speech-replay,3.1656,0.032800
speech-replay,4.2647,0.028600
speech-replay,2.8833,0.029200
speech-replay,2.8434,0.025400
speech-replay,2.7168,0.027000
speech-replay,2.9231,0.025200
speech-replay,2.9973,0.031500
speech-replay,3.1535,0.025800
speech-replay,2.6347,0.022400
speech-replay,2.7212,0.029500
speech-replay,2.9744,0.023400
speech-replay,2.6269,0.045100
speech-replay,3.1258,0.022400
speech-replay,2.9763,0.023100
speech-replay,2.7349,0.027900
speech-replay,2.9013,0.022000
speech-replay,2.9855,0.023100
speech-replay,3.3206,0.032700
speech-replay,3.6503,0.069300
speech-replay,3.8854,0.028500
speech-replay,2.8076,0.039700
speech-replay,3.1933,0.029300
speech-replay,2.8739,0.024100
speech-replay,2.7397,0.077400
speech-replay,3.0933,0.028000
speech-replay,2.6080,0.039200
speech-replay,3.9724,0.031200
speech-replay,2.6900,0.024000
speech-replay,2.9342,0.027300
speech-replay,2.7062,0.032800
speech-replay,3.5077,0.029100
speech-replay,2.6998,0.045000
speech-replay,2.9393,0.029600
speech-replay,3.5099,0.025900
speech-replay,2.9039,0.036000
speech-replay,2.8466,0.022000
speech-replay,2.7119,0.022000
speech-replay,2.8830,0.027500
speech-replay,2.9796,0.022100
speech-replay,2.4359,0.032200
speech-replay,3.1152,0.026000
speech-replay,2.8650,0.027600
speech-replay,3.5873,0.031800
speech-replay,3.2880,0.026500
speech-replay,3.6848,0.027500
speech-replay,2.8147,0.022700
speech-replay,3.0401,0.030300
speech-replay,3.3072,0.033400
speech-replay,3.2186,0.029500
speech-replay,2.9987,0.061500
speech-replay,3.3286,0.041600
speech-replay,3.2761,0.025200
speech-replay,2.6678,0.022400
speech-replay,2.8755,0.029300
speech-replay,3.2337,0.026000
speech-replay,2.5274,0.029800
speech-replay,2.6661,0.036300
speech-replay,3.1246,0.029500
speech-replay,2.7088,0.024400
speech-replay,2.4241,0.022000
speech-replay,2.6975,0.031900
speech-replay,2.5653,0.022100
speech-replay,2.5159,0.021800
speech-replay,3.0583,0.043000
speech-replay,3.4812,0.025400
speech-replay,3.2268,0.029000
speech-replay,2.6927,0.023700
speech-replay,3.0337,0.031800
speech-replay,3.4184,0.028100
speech-replay,3.3164,0.034200
speech-replay,3.2888,0.027800
speech-replay,2.9125,0.035300
speech-replay,2.8183,0.027700
speech-replay,2.8547,0.030300
speech-replay,2.5760,0.023700
speech-replay,2.9819,0.028000
speech-replay,3.3707,0.033200
speech-replay,2.9804,0.025200
speech-replay,2.6969,0.021700
speech-replay,2.7085,0.022800
speech-replay,2.9098,0.024300
speech-replay,3.1594,0.029600
speech-replay,3.1497,0.028400
speech-replay,2.5187,0.029800
speech-replay,3.6616,0.159500
speech-replay,3.5336,0.028300
speech-replay,3.2618,0.031100
speech-replay,2.9372,0.025500
speech-replay,3.4658,0.035000
speech-replay,3.0665,0.025400
speech-replay,2.7478,0.021800
speech-replay,2.9174,0.022000
speech-replay,2.8707,0.028800
speech-replay,3.2389,0.027700
speech-replay,2.4884,0.022400
speech-replay,2.6432,0.023600
speech-replay,2.7837,0.023400
speech-replay,3.2908,0.028800
speech-replay,3.6819,0.026000
speech-replay,3.6678,0.046100
speech-replay,3.4924,0.025400
speech-replay,2.8392,0.028100
speech-replay,3.1200,0.021700
speech-replay,2.7464,0.022600
speech-replay,3.4134,0.030300
speech-replay,2.8243,0.021600
speech-replay,2.9311,0.023400
speech-replay,2.6646,0.019300
speech-replay,2.2390,0.020000
speech-replay,3.2311,0.026700
speech-replay,3.0499,0.022900
speech-replay,3.2180,0.031900
speech-replay,2.9750,0.022200
speech-replay,3.1602,0.027100
speech-replay,4.0338,0.033700
speech-replay,3.7435,0.026700
speech-replay,3.0036,0.025400
speech-replay,2.9258,0.055200
speech-replay,3.7194,0.022200
speech-replay,2.9662,0.024000
speech-replay,2.9703,0.025000
speech-replay,2.8597,0.036200
speech-replay,3.6525,0.024000
speech-replay,2.6874,0.020600
speech-replay,2.8189,0.020700
speech-replay,2.5411,0.021100
speech-replay,2.6663,0.023400
speech-replay,2.8247,0.025100
speech-replay,2.8590,0.018700
speech-replay,3.0678,0.023500
speech-replay,2.6945,0.020400
speech-replay,2.4522,0.021000
speech-replay,2.7496,0.024600
speech-replay,2.4153,0.018600
speech-replay,3.3913,0.029600
speech-replay,2.8595,0.022200
speech-replay,2.4518,0.059500
speech-replay,2.5726,0.019400
speech-replay,2.3921,0.018600
speech-replay,2.5838,0.020400
speech-replay,3.2091,0.031700
speech-replay,3.4375,0.023800
speech-replay,3.0299,0.022800
speech-replay,3.1016,0.024200
speech-replay,2.7427,0.025500
speech-replay,2.7460,0.021900
speech-replay,3.0593,0.026700
speech-replay,2.6591,0.030700
speech-replay,3.1124,0.026000
speech-replay,2.6771,0.026600
speech-replay,2.5718,0.023800
speech-replay,2.7395,0.026400
speech-replay,2.4838,0.021300
speech-replay,2.2755,0.018400
speech-replay,3.0802,0.052500
speech-replay,3.1460,0.032500
speech-replay,3.3515,0.035000
speech-replay,2.8054,0.025200
speech-replay,3.0138,0.034100
speech-replay,3.1918,0.026200
speech-replay,2.5769,0.062500
speech-replay,4.7235,0.023300
speech-replay,25.3181,0.036400
speech-replay,4.2014,0.039000
speech-replay,3.6736,0.030500
speech-replay,3.0004,0.026000
speech-replay,3.3488,0.031400
speech-replay,2.9040,0.024700
speech-replay,3.1666,0.030600
speech-replay,3.4576,0.039000
speech-replay,2.8893,0.031700
speech-replay,2.9828,0.024200
speech-replay,2.4851,0.023200
speech-replay,3.4623,0.029000
speech-replay,2.6365,0.022500
speech-replay,2.8279,0.043600
speech-replay,3.0946,0.023900
speech-replay,2.6775,0.029100
speech-replay,2.7684,0.023400
speech-replay,2.5319,0.023200
speech-replay,2.5875,0.033500
speech-replay,2.9956,0.021800
speech-replay,2.3255,0.020100
speech-replay,2.8250,0.026800
speech-replay,2.9710,0.027300
speech-replay,2.7503,0.033700
speech-replay,2.8577,0.025200
speech-replay,2.5502,0.023400
speech-replay,2.9562,0.070100
speech-replay,3.3325,0.023200
speech-replay,2.9831,0.030300
speech-replay,2.7150,0.026300
speech-replay,2.6562,0.028700
speech-replay,3.6936,0.028400
speech-replay,2.6686,0.028000
speech-replay,3.6956,0.030700
speech-replay,2.7680,0.025700
speech-replay,3.0244,0.026800
speech-replay,2.4128,0.023800
speech-replay,2.6834,0.026500
speech-replay,2.5945,0.035400
speech-replay,2.8689,0.050800
speech-replay,2.8211,0.028700
speech-replay,2.9594,0.025200
speech-replay,2.7378,0.027600
speech-replay,2.8808,0.025600
speech-replay,2.6141,0.023400
speech-replay,3.0445,0.028800
speech-replay,2.9168,0.025700
speech-replay,2.6936,0.031500
speech-replay,2.6778,0.021900
speech-replay,2.4420,0.019400
speech-replay,2.9460,0.032600
speech-replay,2.9025,0.022500
speech-replay,2.9851,0.031600
speech-replay,3.1588,0.024300
speech-replay,2.7179,0.021500
speech-replay,2.9101,0.026500
speech-replay,2.8835,0.023000
speech-replay,2.9409,0.032300
speech-replay,3.8558,0.045500
speech-replay,3.4792,0.039300
speech-replay,2.7748,0.023100
speech-replay,2.6063,0.026000
speech-replay,2.9654,0.028300
speech-replay,2.5989,0.023700
speech-replay,3.2212,0.030400
speech-replay,2.5387,0.021700
speech-replay,2.5307,0.025800
speech-replay,2.8129,0.029300
speech-replay,2.8642,0.024800
speech-replay,2.7933,0.025900
speech-replay,2.5496,0.024000
speech-replay,2.4001,0.029700
speech-replay,2.9989,0.025100
speech-replay,2.4819,0.027400
speech-replay,3.3595,0.027700
speech-replay,2.6211,0.023100
speech-replay,2.2034,0.020200
speech-replay,3.1353,0.026800
speech-replay,2.5592,0.023800
speech-replay,2.6753,0.026400
speech-replay,3.1907,0.038800
speech-replay,3.1017,0.029900
speech-replay,2.9228,0.031800
speech-replay,2.5356,0.021000
speech-replay,2.8076,0.025900
speech-replay,2.8419,0.027100
speech-replay,3.4113,0.027900
speech-replay,2.9504,0.028500
speech-replay,2.7201,0.032800
speech-replay,3.1665,0.024000
speech-replay,2.7309,0.025500
speech-replay,3.3877,0.033900
speech-replay,2.8749,0.030700
speech-replay,2.4895,0.033200
speech-replay,2.5925,0.025500
speech-replay,2.3120,0.021100
speech-replay,2.6946,0.032500
speech-replay,3.3735,0.028800
speech-replay,3.7988,0.034000
speech-replay,2.9521,0.023700
speech-replay,2.4702,0.028900
speech-replay,2.8894,0.022100
speech-replay,2.7375,0.024000
speech-replay,2.8953,0.032000
speech-replay,3.0285,0.032700
speech-replay,2.5325,0.024100
speech-replay,2.7791,0.030000
speech-replay,2.6595,0.027900
speech-replay,3.0299,0.033800
speech-replay,3.1537,0.026100
speech-replay,2.5685,0.036700
speech-replay,3.4268,0.028100
speech-replay,2.4917,0.023300
speech-replay,3.3057,0.027400
speech-replay,2.9176,0.026100
speech-replay,3.9041,0.034600
speech-replay,2.9183,0.027200
speech-replay,3.1837,0.056200
speech-replay,4.0068,0.030700
speech-replay,3.2220,0.026800
speech-replay,3.2211,0.027900
speech-replay,3.8872,0.032800
speech-replay,3.6736,0.034000
speech-replay,3.2288,0.033900
speech-replay,3.2106,0.028100
speech-replay,3.5282,0.029100
speech-replay,3.2288,0.025400
speech-replay,4.7842,0.058000
speech-replay,3.4849,0.027000
speech-replay,4.3376,0.032500
speech-replay,2.7610,0.026800
speech-replay,4.0244,0.118000
speech-replay,3.2375,0.031400
speech-replay,3.4320,0.029800
speech-replay,2.8888,0.028300
speech-replay,3.3413,0.129800
speech-replay,3.0851,0.021900
speech-replay,2.7629,0.034000
speech-replay,3.4596,0.024200
speech-replay,2.8694,0.032500
speech-replay,3.5493,0.030300
speech-replay,3.3458,0.028900
speech-replay,3.0645,0.038100
speech-replay,2.7617,0.032300
speech-replay,3.3180,0.030700
speech-replay,3.5216,0.024500
speech-replay,3.2807,0.028100
speech-replay,2.5728,0.023500
speech-replay,2.7640,0.032100
speech-replay,3.7284,0.029700
speech-replay,3.6924,0.040300
speech-replay,3.0218,0.026100
speech-replay,2.6079,0.026700
speech-replay,2.7109,0.024100
speech-replay,3.1087,0.030700
speech-replay,3.8580,0.038600
speech-replay,2.9405,0.025300
speech-replay,2.8880,0.037700
speech-replay,3.1122,0.023500
speech-replay,2.9832,0.026100
speech-replay,3.7295,0.031400
speech-replay,3.9510,0.030000
speech-replay,3.0622,0.029400
speech-replay,3.0249,0.032000
speech-replay,4.3197,0.043300
speech-replay,3.3893,0.029100
speech-replay,3.5077,0.027800
speech-replay,3.2433,0.025500
speech-replay,2.8251,0.024700
speech-replay,4.5243,0.055100
speech-replay,4.5140,0.039000
speech-replay,4.3311,0.052400
speech-replay,3.7571,0.078400
speech-replay,3.7162,0.032100
speech-replay,5.0611,0.037100
speech-replay,4.0539,0.042800
speech-replay,3.7252,0.034000
speech-replay,4.1273,0.042300
speech-replay,4.0923,0.031700
speech-replay,3.9196,0.036800
speech-replay,3.8176,0.029700
speech-replay,3.4083,0.031600
speech-replay,3.6610,0.035800
speech-replay,3.9641,0.034200
speech-replay,3.4249,0.029900
speech-replay,3.6932,0.033700
speech-replay,3.9189,0.036600
speech-replay,4.0522,0.040400
speech-replay,3.9512,0.036800
speech-replay,3.2061,0.030400
speech-replay,3.1704,0.034700
speech-replay,3.9397,0.032300
speech-replay,4.2876,0.035600
speech-replay,3.1750,0.026400
speech-replay,2.6602,0.027800
speech-replay,2.9810,0.025300
speech-replay,2.7756,0.023700
speech-replay,4.0032,0.059200
speech-replay,4.9419,0.035600
speech-replay,3.3140,0.030700
speech-replay,2.9118,0.030000
speech-replay,3.7560,0.041700
speech-replay,3.9502,0.031000
speech-replay,3.4724,0.032900
speech-replay,3.5581,0.038700
speech-replay,3.1492,0.030100
speech-replay,3.0906,0.034000
speech-replay,3.1122,0.030300
speech-replay,2.6243,0.029000
speech-replay,3.6231,0.027500
speech-replay,2.8533,0.031300
speech-replay,3.0530,0.033800
speech-replay,3.3033,0.024900
speech-replay,2.9041,0.038900
speech-replay,2.9635,0.023000
speech-replay,2.7733,0.036600
speech-replay,3.4693,0.028800
speech-replay,3.1200,0.027300
speech-replay,3.1208,0.030400
speech-replay,2.5469,0.021500
speech-replay,3.6867,0.092300
speech-replay,3.8343,0.025900
speech-replay,3.4370,0.025700
speech-replay,2.6710,0.024800
speech-replay,2.5345,0.024200
speech-replay,2.6097,0.028700
speech-replay,2.6005,0.028500
speech-replay,2.8978,0.029200
speech-replay,2.5773,0.019900
speech-replay,2.4964,0.023200
speech-replay,3.2829,0.038200
speech-replay,3.0485,0.023200
speech-replay,2.8279,0.027700
speech-replay,2.7911,0.025100
speech-replay,2.5718,0.030300
speech-replay,3.0526,0.023100
speech-replay,2.7609,0.022200
speech-replay,3.8383,0.031300
speech-replay,3.6340,0.038500
speech-replay,3.8197,0.036100
speech-replay,4.4242,0.046000
speech-replay,4.4470,0.045900
speech-replay,5.1890,0.038400
speech-replay,4.0725,0.045300
speech-replay,3.9760,0.035300
speech-replay,4.1482,0.051000
speech-replay,3.9414,0.032700
speech-replay,4.9819,0.045300
speech-replay,3.9749,0.033000
speech-replay,3.0644,0.031000
speech-replay,2.9138,0.037700
speech-replay,4.1626,0.047500
speech-replay,4.1884,0.063600
speech-replay,4.0268,0.030800
speech-replay,4.1339,0.044200
speech-replay,3.8044,0.040300
speech-replay,3.5564,0.032800
speech-replay,3.1365,0.026400
speech-replay,3.1056,0.026900
speech-replay,3.9268,0.046700
speech-replay,4.4328,0.033000
speech-replay,3.2481,0.037500
speech-replay,3.6737,0.025700
speech-replay,2.9202,0.030800
speech-replay,3.2448,0.036400
speech-replay,3.3897,0.031700
speech-replay,3.8490,0.123900
speech-replay,3.4269,0.040200
speech-replay,3.5371,0.034100
speech-replay,3.2073,0.056500
speech-replay,4.3287,0.029300
speech-replay,2.8216,0.036600
speech-replay,4.2776,0.065000
speech-replay,3.8496,0.033000
speech-replay,2.9990,0.028400
speech-replay,3.1147,0.032800
speech-replay,3.1965,0.033300
speech-replay,2.8312,0.038800
speech-replay,3.8132,0.032300
speech-replay,3.1786,0.026200
speech-replay,4.1332,0.038800
speech-replay,3.1087,0.038100
speech-replay,3.4297,0.038900
speech-replay,3.2455,0.031000
speech-replay,4.3813,0.041900
speech-replay,4.0637,0.040200
speech-replay,4.4013,0.039200
speech-replay,4.0911,0.045600
speech-replay,4.2859,0.038700
speech-replay,4.7779,0.037600
speech-replay,3.8910,0.047500
speech-replay,3.5648,0.038900
speech-replay,4.1226,0.039700
speech-replay,3.3475,0.030400
speech-replay,4.4606,0.043500
speech-replay,3.7661,0.056600
speech-replay,4.1230,0.031100
speech-replay,3.4239,0.072300
speech-replay,4.1732,0.029000
speech-replay,3.9375,0.042400
speech-replay,4.1042,0.038000
speech-replay,4.0752,0.041200
speech-replay,3.5131,0.050300
speech-replay,4.6903,0.032000
speech-replay,4.0885,0.057900
speech-replay,4.5956,0.066000
speech-replay,4.8624,0.051300
speech-replay,3.8356,0.072600
speech-replay,4.5709,0.032600
speech-replay,3.8597,0.035500
speech-replay,3.6837,0.036600
speech-replay,4.5988,0.035100
speech-replay,3.5597,0.038200
speech-replay,3.9146,0.037700
speech-replay,3.7497,0.049100
speech-replay,3.6219,0.028800
speech-replay,3.8169,0.058300
speech-replay,3.8640,0.032800
speech-replay,3.8753,0.031300
speech-replay,3.1779,0.036300
speech-replay,4.1740,0.048800
speech-replay,3.6207,0.028700
speech-replay,4.6994,0.044300
speech-replay,3.5663,0.037900
speech-replay,4.0544,0.034600
speech-replay,4.6088,0.058600
speech-replay,4.4175,0.040000
speech-replay,4.3840,0.064800
speech-replay,4.5408,0.035800
speech-replay,3.9491,0.034900
speech-replay,4.0671,0.053700
speech-replay,3.6258,0.034100
speech-replay,5.5586,0.034100
speech-replay,4.2292,0.040000
speech-replay,4.6460,0.061400
speech-replay,4.4582,0.036400
speech-replay,4.1337,0.041000
speech-replay,4.2108,0.033800
speech-replay,4.5661,0.034300
speech-replay,3.9590,0.035400
speech-replay,4.4960,0.039100
speech-replay,4.2032,0.038200
speech-replay,3.6301,0.029900
speech-replay,3.1832,0.033600
speech-replay,4.1522,0.037100
speech-replay,4.7860,0.046800
speech-replay,4.4086,0.047000
speech-replay,4.0929,0.031100
speech-replay,4.8763,0.037500
speech-replay,5.0618,0.073500
speech-replay,4.0616,0.031300
speech-replay,5.6026,0.045800
speech-replay,3.8539,0.056800
speech-replay,4.2501,0.032700
speech-replay,3.9731,0.041000
speech-replay,4.5132,0.042500
speech-replay,4.3769,0.033300
speech-replay,4.4091,0.041700
speech-replay,3.3489,0.030200
speech-replay,3.5307,0.041800
speech-replay,3.6538,0.039800
speech-replay,4.3746,0.036500
speech-replay,3.6626,0.067200
speech-replay,5.1403,0.034200
speech-replay,4.1360,0.039300
speech-replay,4.2509,0.032600
speech-replay,4.5370,0.082700
speech-replay,4.3001,0.033600
speech-replay,3.8247,0.038400
speech-replay,4.6582,0.034300
speech-replay,3.3772,0.026400
speech-replay,4.2467,0.046800
speech-replay,3.7959,0.066100
speech-replay,5.2498,0.134100
speech-replay,4.3663,0.034700
speech-replay,4.3078,0.040600
speech-replay,4.1173,0.042300
speech-replay,3.6725,0.036100
speech-replay,3.9512,0.052700
speech-replay,4.1055,0.037000
speech-replay,3.7793,0.031800
speech-replay,5.4900,0.040300
speech-replay,3.6086,0.057700
speech-replay,4.1463,0.060800
speech-replay,4.3534,0.034800
speech-replay,3.5042,0.038700
speech-replay,4.4824,0.038100
speech-replay,5.4109,0.049600
speech-replay,4.1945,0.040500
speech-replay,3.3638,0.029900
speech-replay,3.4354,0.036300
speech-replay,4.7160,0.071400
speech-replay,4.0618,0.034600
speech-replay,3.5886,0.053700
speech-replay,3.8839,0.044700
speech-replay,3.9061,0.033800
speech-replay,3.7013,0.035100
speech-replay,3.0848,0.031000
speech-replay,3.3324,0.033200
speech-replay,2.9970,0.036700
speech-replay,3.7860,0.033300
speech-replay,3.2372,0.027200
speech-replay,3.5485,0.045200
speech-replay,3.4029,0.028500
speech-replay,3.6576,0.037000
speech-replay,3.0108,0.031600
speech-replay,3.0501,0.040800
speech-replay,3.2569,0.024700
speech-replay,3.2979,0.045000
speech-replay,3.6031,0.029400
speech-replay,2.9126,0.030000
speech-replay,3.2419,0.040100
speech-replay,2.9905,0.023500
speech-replay,3.1153,0.030100
speech-replay,3.0373,0.027100
speech-replay,3.2756,0.033200
speech-replay,3.2035,0.033200
speech-replay,3.3780,0.029500
speech-replay,2.8463,0.024000
speech-replay,4.0457,0.042800
speech-replay,3.7675,0.033800
speech-replay,3.7721,0.028500
speech-replay,3.4034,0.025500
speech-replay,3.7221,0.031100
speech-replay,2.9117,0.033900
speech-replay,4.1421,0.036100
speech-replay,4.2677,0.040500
speech-replay,4.4693,0.033400
speech-replay,4.0169,0.060900
speech-replay,4.8931,0.034300
speech-replay,3.8903,0.039700
speech-replay,3.9213,0.042300
speech-replay,3.9182,0.034500
speech-replay,4.1702,0.043300
speech-replay,4.0611,0.044500
speech-replay,4.9927,0.036400
speech-replay,3.9321,0.040200
speech-replay,3.7992,0.039900
speech-replay,3.8062,0.056600
speech-replay,4.2388,0.034200
speech-replay,4.7058,0.053100
speech-replay,4.7133,0.048800
speech-replay,4.6977,0.035200
speech-replay,3.9310,0.043300
speech-replay,3.8867,0.059800
speech-replay,4.2665,0.054500
speech-replay,3.8293,0.040000
speech-replay,3.6570,0.071300
speech-replay,5.7680,0.051000
speech-replay,7.2783,0.052000
speech-replay,4.8212,0.052700
speech-replay,5.1589,0.058300
speech-replay,4.5703,0.037200
speech-replay,3.6873,0.102400
speech-replay,3.7277,0.029600
speech-replay,3.2485,0.053600
speech-replay,3.9506,0.039400
speech-replay,3.7158,0.052900
speech-replay,3.9495,0.027500
speech-replay,3.7506,0.033000
speech-replay,3.8516,0.031900
speech-replay,4.6355,0.031300
speech-replay,2.9716,0.030900
speech-replay,3.0451,0.027800
speech-replay,3.7362,0.037500
speech-replay,3.3294,0.026200
speech-replay,2.8320,0.029800
speech-replay,3.7423,0.035900
speech-replay,3.1224,0.026100
speech-replay,3.3612,0.037700
speech-replay,3.1820,0.026700
speech-replay,3.2416,0.029900
speech-replay,3.3326,0.029600
speech-replay,3.1269,0.033700
speech-replay,2.7874,0.023500
speech-replay,2.4692,0.022900
speech-replay,2.6896,0.030900
speech-replay,2.4700,0.022700
speech-replay,3.0822,0.030700
speech-replay,3.0827,0.024200
speech-replay,2.3922,0.021800
speech-replay,2.9812,0.025200
speech-replay,2.4620,0.023600
speech-replay,2.4744,0.029100
speech-replay,2.6878,0.038200
speech-replay,3.0411,0.023500
speech-replay,2.7029,0.028900
speech-replay,2.7430,0.024300
speech-replay,2.3577,0.023400
speech-replay,2.6899,0.021700
speech-replay,2.5266,0.021300
speech-replay,2.8624,0.028200
speech-replay,3.0454,0.023800
speech-replay,2.3115,0.023800
speech-replay,2.7304,0.025800
speech-replay,2.6089,0.021400
speech-replay,3.2756,0.040100
speech-replay,2.7991,0.023500
speech-replay,2.3985,0.020100
speech-replay,2.7236,0.024500
speech-replay,2.4114,0.020100
speech-replay,2.2070,0.023300
speech-replay,2.9667,0.026900
speech-replay,2.6907,0.023300
speech-replay,3.2113,0.036400
speech-replay,2.7723,0.022200
speech-replay,2.3083,0.028700
speech-replay,3.3945,0.031600
speech-replay,2.9643,0.028600
speech-replay,3.3989,0.037500
speech-replay,2.6826,0.028000
speech-replay,3.0293,0.035000
speech-replay,3.0487,0.031300
speech-replay,2.9050,0.028400
speech-replay,2.7795,0.025700
speech-replay,2.7519,0.023500
speech-replay,3.3441,0.047500
speech-replay,2.8491,0.026600
speech-replay,2.6563,0.024800
speech-replay,2.6653,0.023000
speech-replay,2.4874,0.032900
speech-replay,3.0988,0.028100
speech-replay,2.7052,0.024800
speech-replay,2.9155,0.035600
speech-replay,3.0780,0.027700
speech-replay,3.2422,0.028900
speech-replay,2.8706,0.028500
speech-replay,3.8304,0.036400
speech-replay,5.5630,0.039100
speech-replay,4.2658,0.050900
speech-replay,6.0912,0.058000
speech-replay,5.4278,0.037400
speech-replay,3.7547,0.029100
speech-replay,3.2031,0.039400
speech-replay,3.0229,0.046900
speech-replay,2.9572,0.025800
speech-replay,3.0900,0.026400
speech-replay,2.7843,0.024000
speech-replay,2.9249,0.029300
speech-replay,3.2794,0.024100
speech-replay,3.3583,0.082700
speech-replay,4.0200,0.024600
speech-replay,2.8218,0.066000
speech-replay,3.0971,0.025000
speech-replay,3.2993,0.026700
speech-replay,2.7350,0.023200
speech-replay,2.7443,0.035600
speech-replay,3.7648,0.025100
speech-replay,2.5344,0.022700
speech-replay,2.9390,0.025000
speech-replay,2.8308,0.023900
speech-replay,3.2204,0.038000
speech-replay,3.0926,0.024800
speech-replay,2.8108,0.021100
speech-replay,2.7562,0.023700
speech-replay,2.6702,0.020700
speech-replay,2.9735,0.028400
speech-replay,2.9360,0.022400
speech-replay,2.4270,0.022100
speech-replay,3.7142,0.037900
speech-replay,16.3228,0.043200
speech-replay,6.1380,0.034200
speech-replay,4.6837,0.043400
speech-replay,5.2102,0.047000
speech-replay,4.7513,0.032000
speech-replay,3.3325,0.050200
speech-replay,3.5626,0.027200
speech-replay,3.9722,0.032800
speech-replay,3.3738,0.042400
speech-replay,2.8280,0.030600
speech-replay,2.6992,0.027300
speech-replay,3.3644,0.039800
speech-replay,5.2235,0.040300
speech-replay,4.4486,0.037100
speech-replay,4.1863,0.136600
speech-replay,5.1022,0.041300
speech-replay,3.7554,0.037100
speech-replay,3.9971,0.046300
speech-replay,3.8256,0.038000
speech-replay,3.0020,0.026500
speech-replay,3.1790,0.027200
speech-replay,2.6568,0.022100
speech-replay,3.3387,0.030400
speech-replay,2.9220,0.029500
speech-replay,3.0194,0.046100
speech-replay,3.8310,0.024500
speech-replay,3.2071,0.031900
speech-replay,3.1111,0.024000
speech-replay,3.2287,0.049700
speech-replay,3.4371,0.024000
speech-replay,2.7926,0.022800
speech-replay,2.6581,0.028900
speech-replay,2.4105,0.020800
speech-replay,2.4378,0.036800
speech-replay,3.5929,0.027300
speech-replay,3.0314,0.211800
speech-replay,3.2958,0.033000
speech-replay,2.6788,0.022000
speech-replay,2.7319,0.024400
speech-replay,2.7620,0.019800
speech-replay,2.3840,0.019600
speech-replay,2.8390,0.029500
speech-replay,2.9524,0.020700
speech-replay,2.6441,0.020700
speech-replay,2.4484,0.021300
speech-replay,2.5512,0.020900
speech-replay,2.7213,0.024100
speech-replay,2.4529,0.020400
speech-replay,2.6529,0.026900
speech-replay,3.4033,0.035900
speech-replay,2.8368,0.027600
speech-replay,2.8732,0.025100
speech-replay,2.7364,0.022000
speech-replay,2.5302,0.025000
speech-replay,3.2549,0.023600
speech-replay,2.7950,0.028200
speech-replay,3.3347,0.034000
speech-replay,3.2373,0.024600
speech-replay,3.0105,0.042200
speech-replay,3.1726,0.024400
speech-replay,2.8092,0.030400
speech-replay,2.9123,0.021700
speech-replay,2.8424,0.023200
speech-replay,3.0211,0.024000
speech-replay,2.7289,0.026200
speech-replay,4.1930,0.040600
speech-replay,3.6357,0.039500
speech-replay,4.0152,0.034400
speech-replay,2.9330,0.030200
speech-replay,2.7578,0.024600
speech-replay,2.6350,0.027700
speech-replay,3.0123,0.025600
speech-replay,3.1032,0.023400
speech-replay,2.6490,0.031900
speech-replay,3.1275,0.030000
speech-replay,2.6660,0.020800
speech-replay,3.0399,0.031700
speech-replay,2.9180,0.022800
speech-replay,3.1568,0.033500
speech-replay,3.2560,0.024300
speech-replay,2.8038,0.025500
speech-replay,3.0257,0.028300
speech-replay,2.7906,0.022800
speech-replay,3.7772,0.088900
speech-replay,3.6115,0.042200
speech-replay,3.9249,0.039300
speech-replay,2.9809,0.029900
speech-replay,3.1252,0.026900
speech-replay,2.5640,0.023800
speech-replay,2.7208,0.033000
speech-replay,3.0411,0.025300
speech-replay,3.0435,0.040600
speech-replay,3.4949,0.041100
speech-replay,2.7629,0.023600
speech-replay,3.5373,0.029100
speech-replay,2.7138,0.046800
speech-replay,2.7918,0.021900
speech-replay,2.7219,0.023300
speech-replay,3.1036,0.027100
speech-replay,3.1131,0.026300
speech-replay,2.3920,0.024400
speech-replay,2.8268,0.024600
speech-replay,2.7047,0.029700
speech-replay,2.5965,0.031100
speech-replay,3.4188,0.030900
speech-replay,3.5060,0.046600
speech-replay,3.6898,0.035200
speech-replay,2.8339,0.029500
speech-replay,2.7947,0.023700
speech-replay,3.0241,0.032600
speech-replay,2.9703,0.026600
speech-replay,2.9577,0.025400
speech-replay,2.6970,0.024500
speech-replay,3.0184,0.026300
speech-replay,2.8294,0.023300
speech-replay,3.4427,0.044800
speech-replay,3.3323,0.032000
speech-replay,3.6000,0.033500
speech-replay,3.1288,0.025700
speech-replay,2.9673,0.029600
speech-replay,2.9403,0.027800
speech-replay,3.0134,0.027100
speech-replay,3.1356,0.031500
speech-replay,3.0896,0.035200
speech-replay,2.9745,0.028500
speech-replay,3.2699,0.024500
speech-replay,3.0115,0.035100
speech-replay,4.5836,0.081000
speech-replay,5.0036,0.040100
speech-replay,3.9404,0.037200
speech-replay,3.8176,0.034300
speech-replay,3.4057,0.036200
speech-replay,3.6245,0.034300
speech-replay,3.5712,0.039500
speech-replay,3.7667,0.030400
speech-replay,3.1736,0.031300
speech-replay,3.3701,0.032700
speech-replay,4.5110,0.041000
speech-replay,3.6447,0.049700
speech-replay,3.7398,0.030400
speech-replay,3.6856,0.028700
speech-replay,3.9270,0.030300
speech-replay,20.6508,0.044900
speech-replay,16.0575,0.046200
speech-replay,5.4932,0.035700
speech-replay,4.1829,0.037600
speech-replay,4.7807,0.053300
speech-replay,4.3158,0.036800
speech-replay,3.9011,0.039600
speech-replay,4.2038,0.029700
speech-replay,4.5116,0.041500
speech-replay,4.2753,0.030100
speech-replay,5.6136,0.030900
speech-replay,5.7853,0.041000
speech-replay,6.9092,0.057100
speech-replay,9.0969,0.078800
speech-replay,10.1806,0.072900
speech-replay,10.7365,0.063300
speech-replay,5.7702,0.040300
speech-replay,6.0999,0.040300
speech-replay,5.1851,0.031900
speech-replay,4.5058,0.075200
speech-replay,5.2335,0.027800
speech-replay,4.7381,0.030900
speech-replay,4.1004,0.029000
speech-replay,3.9075,0.026200
speech-replay,3.7550,0.027800
speech-replay,3.3137,0.024900
speech-replay,3.9120,0.026700
speech-replay,3.0542,0.026300
speech-replay,3.0932,0.034100
speech-replay,4.1108,0.025400
speech-replay,3.6494,0.026700
speech-replay,3.1628,0.060700
speech-replay,4.9645,0.033100
speech-replay,5.4706,0.030700
speech-replay,4.0691,0.030500
speech-replay,4.8978,0.031900
speech-replay,6.2167,0.030300
speech-replay,5.0615,0.029600
speech-replay,3.4397,0.044400
speech-replay,4.0070,0.029100
speech-replay,3.3304,0.024600
speech-replay,4.3275,0.031300
speech-replay,4.9672,0.036800
speech-replay,4.6143,0.028400
speech-replay,4.7008,0.029200
speech-replay,3.5292,0.032800
speech-replay,3.4441,0.026300
speech-replay,3.2254,0.026500
speech-replay,3.5036,0.030700
speech-replay,4.0571,0.031500
speech-replay,3.3970,0.027900
speech-replay,3.3508,0.028900
speech-replay,3.1093,0.031100
speech-replay,4.8028,0.036700
speech-replay,3.7780,0.028100
speech-replay,3.5960,0.032000
speech-replay,3.3266,0.024300
speech-replay,4.4083,0.064200
speech-replay,4.4176,0.027600
speech-replay,3.3378,0.026000
speech-replay,3.4929,0.025000
speech-replay,3.9208,0.034800
speech-replay,3.4971,0.025100
speech-replay,2.9846,0.033200
speech-replay,2.8429,0.032100
speech-replay,2.6379,0.023200
speech-replay,2.9409,0.028800
speech-replay,3.1188,0.027600
speech-replay,2.8326,0.036500
speech-replay,2.3530,0.020300
speech-replay,2.7639,0.023400
speech-replay,2.5158,0.019600
speech-replay,2.2450,0.027100
speech-replay,2.5926,0.025000
speech-replay,2.9446,0.028200
speech-replay,2.6840,0.028500
speech-replay,2.8032,0.024700
speech-replay,2.5076,0.021500
speech-replay,2.6812,0.025900
speech-replay,2.6505,0.028300
speech-replay,2.5879,0.024500
speech-replay,3.1378,0.029800
speech-replay,2.7829,0.024000
speech-replay,2.8492,0.032900
speech-replay,2.7372,0.023700
speech-replay,2.7742,0.080700
speech-replay,3.2436,0.026500
speech-replay,3.0284,0.033300
speech-replay,3.0857,0.026600
speech-replay,2.8150,0.021400
speech-replay,3.2775,0.028900
speech-replay,3.5853,0.035300
speech-replay,3.2488,0.026700
speech-replay,2.5421,0.025900
speech-replay,2.6796,0.021300
speech-replay,2.6767,0.024500
speech-replay,2.4936,0.020300
speech-replay,2.3046,0.023000
speech-replay,3.2419,0.023400
speech-replay,2.4364,0.021400
speech-replay,2.9187,0.023900
speech-replay,2.3102,0.020200
speech-replay,2.2552,0.024100
speech-replay,2.6793,0.024800
speech-replay,2.6329,0.020800
speech-replay,2.8910,0.028800
speech-replay,2.8175,0.021500
speech-replay,2.2525,0.019500
speech-replay,2.3245,0.020900
speech-replay,2.2284,0.027000
speech-replay,2.7459,0.020000
speech-replay,2.6364,0.023600
speech-replay,2.3834,0.027100
speech-replay,2.8922,0.031300
speech-replay,2.6363,0.020400
speech-replay,2.4906,0.029200
speech-replay,2.7851,0.024700
speech-replay,2.5407,0.019500
speech-replay,2.9146,0.031200
speech-replay,2.9049,0.028000
speech-replay,2.5732,0.021900
speech-replay,2.4957,0.023300
speech-replay,2.6076,0.027500
speech-replay,2.5772,0.022500
speech-replay,2.4014,0.022800
speech-replay,2.2971,0.020900
speech-replay,2.2878,0.024300
speech-replay,2.4752,0.023100
speech-replay,2.5146,0.022000
speech-replay,2.5212,0.024700
speech-replay,3.6514,0.027200
speech-replay,2.7811,0.029900
speech-replay,3.0125,0.024600
speech-replay,2.4219,0.025500
speech-replay,2.3718,0.022600
speech-replay,3.0596,0.037800
speech-replay,2.9740,0.030900
speech-replay,2.8632,0.025000
speech-replay,2.7233,0.024500
speech-replay,2.3526,0.027300
speech-replay,2.5650,0.026400
speech-replay,3.3115,0.025600
speech-replay,2.5265,0.024100
speech-replay,2.2748,0.020500
speech-replay,2.2233,0.020600
speech-replay,2.3106,0.022300
speech-replay,2.2498,0.019100
speech-replay,2.7150,0.033800
speech-replay,3.5482,0.023000
speech-replay,2.8510,0.028800
speech-replay,3.4589,0.045500
speech-replay,2.9967,0.033400
speech-replay,3.7931,0.036400
speech-replay,4.1631,0.030100
speech-replay,3.2563,0.033800
speech-replay,3.1843,0.026000
speech-replay,3.5420,0.033900
speech-replay,3.6789,0.030100
speech-replay,3.1539,0.027200
speech-replay,3.4784,0.027700
speech-replay,3.5786,0.112400
speech-replay,3.6527,0.025100
speech-replay,2.8648,0.024600
speech-replay,2.8982,0.023500
speech-replay,3.3540,0.029600
speech-replay,3.1116,0.033400
speech-replay,4.5995,0.054300
speech-replay,4.1582,0.038900
speech-replay,3.9807,0.035700
speech-replay,5.1742,0.047200
speech-replay,5.1943,0.041400
speech-replay,3.6407,0.033500
speech-replay,4.2879,0.054100
speech-replay,4.8042,0.052000
speech-replay,4.6754,0.046000
speech-replay,4.5237,0.045400
speech-replay,4.0659,0.077400
speech-replay,4.3790,0.080600
speech-replay,3.6090,0.032300
speech-replay,5.2644,0.041900
speech-replay,5.2437,0.043600
speech-replay,4.5248,0.080900
speech-replay,4.7957,0.033200
speech-replay,4.2510,0.072400
speech-replay,4.7028,0.046500
speech-replay,3.7429,0.031300
speech-replay,3.2941,0.105000
speech-replay,4.2787,0.030400
speech-replay,3.7254,0.039800
speech-replay,3.5755,0.029300
speech-replay,3.2407,0.032000
speech-replay,3.4034,0.030300
speech-replay,3.3771,0.039900
speech-replay,3.3769,0.025800
speech-replay,2.8788,0.040200
speech-replay,3.6737,0.036000
speech-replay,4.0031,0.050000
speech-replay,4.2055,0.060000
speech-replay,4.9069,0.041500
speech-replay,3.6665,0.051800
speech-replay,4.3456,0.034100
speech-replay,4.1393,0.050700
speech-replay,4.8423,0.036700
speech-replay,4.5178,0.065300
speech-replay,4.3246,0.083000
speech-replay,4.5744,0.038000
speech-replay,4.5699,0.045100
speech-replay,4.6424,0.066800
speech-replay,4.0520,0.038100
speech-replay,3.9341,0.035400
speech-replay,3.8327,0.061500
speech-replay,4.2115,0.045500
speech-replay,4.2545,0.044800
speech-replay,4.6841,0.041800
speech-replay,4.4371,0.082000
speech-replay,4.1715,0.043900
speech-replay,3.9033,0.048400
speech-replay,3.7061,0.043300
speech-replay,3.7706,0.026200
speech-replay,3.3256,0.031900
speech-replay,3.6189,0.030300
speech-replay,3.4836,0.067900
speech-replay,3.5783,0.031600
speech-replay,3.0004,0.032900
speech-replay,2.9818,0.027700
speech-replay,2.7574,0.026300
speech-replay,3.3779,0.088500
speech-replay,3.8497,0.031700
speech-replay,3.5085,0.033100
speech-replay,3.0256,0.023200
speech-replay,3.0113,0.024700
speech-replay,2.7737,0.023100
speech-replay,2.6565,0.029400
speech-replay,3.1290,0.033600
speech-replay,2.7203,0.022500
speech-replay,3.3167,0.054000
speech-replay,3.4737,0.035000
speech-replay,3.5180,0.071000
speech-replay,3.4475,0.024400
speech-replay,3.2043,0.035700
speech-replay,2.9043,0.023100
speech-replay,3.5178,0.032700
speech-replay,3.2530,0.031000
speech-replay,2.9015,0.026200
speech-replay,3.3524,0.032100
speech-replay,3.0113,0.037900
speech-replay,3.4618,0.030400
speech-replay,3.5235,0.041900
speech-replay,3.4981,0.034800
speech-replay,3.1256,0.032000
speech-replay,3.3589,0.033400
speech-replay,3.5904,0.046500
speech-replay,3.4225,0.033000
speech-replay,3.6923,0.046200
speech-replay,2.9622,0.028100
speech-replay,2.7639,0.025400
speech-replay,3.0103,0.028200
speech-replay,3.4696,0.034300
speech-replay,3.6877,0.038200
speech-replay,3.4892,0.042100
speech-replay,3.9393,0.038900
speech-replay,3.9402,0.039700
speech-replay,3.7492,0.030700
speech-replay,2.8210,0.027700
speech-replay,4.3638,0.032300
speech-replay,4.1401,0.057500
speech-replay,3.7778,0.030900
speech-replay,3.4383,0.031400
speech-replay,3.4460,0.053300
speech-replay,4.2016,0.037200
speech-replay,3.1922,0.033100
speech-replay,3.2601,0.031600
speech-replay,3.5536,0.035600
speech-replay,3.5568,0.040100
speech-replay,4.2264,0.031800
speech-replay,3.4218,0.030600
speech-replay,3.5464,0.037700
speech-replay,3.7750,0.038000
speech-replay,2.9983,0.035400
speech-replay,3.5420,0.036700
speech-replay,3.1259,0.030100
speech-replay,4.1582,0.040000
speech-replay,2.8446,0.030100
speech-replay,3.0774,0.033900
speech-replay,3.5782,0.036000
speech-replay,3.4693,0.040300
speech-replay,4.0764,0.046500
speech-replay,3.9799,0.038400
speech-replay,3.6469,0.040200
speech-replay,4.3692,0.034500
speech-replay,3.8307,0.042400
speech-replay,3.9375,0.030300
speech-replay,3.0022,0.028000
speech-replay,3.3411,0.033200
speech-replay,4.7774,0.122900
speech-replay,5.3196,0.045000
speech-replay,3.9891,0.041400
speech-replay,5.2372,0.036400
speech-replay,3.9307,0.074300
speech-replay,4.3793,0.045000
speech-replay,5.4247,0.055000
speech-replay,6.2841,0.082900
speech-replay,4.9999,0.040100
speech-replay,3.9057,0.031700
speech-replay,3.5678,0.040800
speech-replay,4.6612,0.037700
speech-replay,4.4704,0.038700
speech-replay,3.6354,0.030800
speech-replay,3.9692,0.033800
speech-replay,3.4790,0.033800
speech-replay,3.8809,0.038400
speech-replay,4.1127,0.037700
speech-replay,3.7896,0.030600
speech-replay,3.8044,0.036400
speech-replay,4.3088,0.036700
speech-replay,4.5032,0.034400
speech-replay,3.4305,0.040800
speech-replay,3.3267,0.040000
speech-replay,4.0447,0.031100
speech-replay,3.5150,0.034600
speech-replay,3.2455,0.044900
speech-replay,3.4613,0.028600
speech-replay,2.8232,0.029400
speech-replay,3.8767,0.035400
speech-replay,3.0362,0.029600
speech-replay,3.5041,0.036500
speech-replay,3.4984,0.038300
speech-replay,3.5296,0.034700
speech-replay,3.2586,0.028000
speech-replay,3.6472,0.034200
speech-replay,3.3596,0.033300
speech-replay,3.8613,0.044900
speech-replay,3.6087,0.038400
speech-replay,3.7707,0.027300
speech-replay,3.3167,0.038800
speech-replay,3.3438,0.032400
speech-replay,3.1834,0.030500
speech-replay,3.1320,0.029000
speech-replay,3.2841,0.030600
speech-replay,3.6999,0.058500
speech-replay,3.2778,0.025800
speech-replay,3.1559,0.039100
speech-replay,2.7579,0.024100
speech-replay,2.9279,0.031500
speech-replay,3.0600,0.045600
speech-replay,3.3995,0.031200
speech-replay,3.7490,0.033600
speech-replay,3.5328,0.044500
speech-replay,3.7384,0.029400
speech-replay,3.6328,0.035500
speech-replay,3.7781,0.028100
speech-replay,3.7479,0.036600
speech-replay,3.1879,0.035400
speech-replay,3.5310,0.026400
speech-replay,3.2207,0.032300
speech-replay,3.1830,0.025300
speech-replay,2.9645,0.030900
speech-replay,2.7911,0.030600
speech-replay,3.6597,0.039200
speech-replay,3.6370,0.029500
speech-replay,3.9202,0.033700
speech-replay,3.2909,0.032200
speech-replay,3.2833,0.025800
speech-replay,2.9606,0.052500
speech-replay,3.4821,0.025400
speech-replay,3.2439,0.032200
speech-replay,3.2471,0.062100
speech-replay,3.8360,0.028400
speech-replay,3.5439,0.028500
speech-replay,3.2161,0.042300
speech-replay,3.8017,0.026700
speech-replay,2.8196,0.026700
speech-replay,3.2431,0.031200
speech-replay,3.9754,0.052900
speech-replay,3.5342,0.033300
speech-replay,3.5638,0.032900
speech-replay,3.5612,0.030200
speech-replay,2.9673,0.026400
speech-replay,3.4019,0.041600
speech-replay,3.5345,0.025400
speech-replay,3.8772,0.039800
speech-replay,3.3432,0.049300
speech-replay,4.1197,0.030800
speech-replay,3.7092,0.042300
speech-replay,3.6927,0.046700
speech-replay,4.8367,0.092800
speech-replay,4.7315,0.039300
speech-replay,3.4958,0.028600
speech-replay,3.3301,0.040500
speech-replay,4.2534,0.036900
speech-replay,3.1840,0.028100
speech-replay,3.0878,0.042100
speech-replay,3.7348,0.043600
speech-replay,3.5874,0.030200
speech-replay,3.0145,0.037500
speech-replay,3.3558,0.038800
speech-replay,3.0759,0.023300
speech-replay,3.4906,0.024400
speech-replay,3.2070,0.503800
speech-replay,25.6471,0.035700
speech-replay,4.3052,0.033000
speech-replay,4.7601,0.055200
speech-replay,4.4248,0.032800
speech-replay,3.2570,0.030500
speech-replay,4.1341,0.034500
speech-replay,4.1580,0.068300
speech-replay,3.3406,0.023000
speech-replay,2.7580,0.025900
speech-replay,2.7395,0.024800
speech-replay,3.2918,0.027100
speech-replay,3.0337,0.029600
speech-replay,2.9702,0.030000
speech-replay,3.8409,0.033500
speech-replay,3.7393,0.037400
speech-replay,3.6152,0.026300
speech-replay,3.6419,0.022600
speech-replay,3.2135,0.025300
speech-replay,2.6126,0.019900
speech-replay,2.8575,0.024200
speech-replay,2.9585,0.022300
speech-replay,2.5696,0.024200
speech-replay,3.0583,0.029700
speech-replay,2.5735,0.024900
speech-replay,3.6195,0.035400
speech-replay,3.7793,0.029300
speech-replay,3.1536,0.023300
speech-replay,2.5781,0.022400
speech-replay,2.8024,0.023700
speech-replay,3.1247,0.026900
speech-replay,2.4197,0.020900
speech-replay,2.8692,0.027300
speech-replay,2.9410,0.022100
speech-replay,2.7734,0.024800
speech-replay,2.6711,0.027100
speech-replay,2.7710,0.022500
speech-replay,3.0350,0.054000
speech-replay,2.8995,0.022800
speech-replay,2.7101,0.038100
speech-replay,3.1958,0.024000
speech-replay,3.0365,0.044100
speech-replay,4.3786,0.062500
speech-replay,3.5531,0.031800
speech-replay,3.1902,0.025600
speech-replay,2.8921,0.025700
speech-replay,2.7403,0.023600
speech-replay,2.5690,0.019200
speech-replay,2.7853,0.023600
speech-replay,2.7584,0.022400
speech-replay,2.6173,0.022600
speech-replay,2.8929,0.026400
speech-replay,2.4664,0.021300
speech-replay,2.7037,0.021900
speech-replay,2.8773,0.022400
speech-replay,2.5583,0.021500
speech-replay,3.0726,0.039900
speech-replay,3.0943,0.023600
speech-replay,2.9149,0.022700
speech-replay,2.3532,0.028300
speech-replay,2.7363,0.026200
speech-replay,2.5423,0.022900
speech-replay,2.7220,0.024300
speech-replay,3.6416,0.022200
speech-replay,3.0321,0.027200
speech-replay,2.8225,0.024500
speech-replay,2.5521,0.022400
speech-replay,2.4249,0.018900
speech-replay,2.9430,0.033200
speech-replay,2.7989,0.026000
speech-replay,3.0728,0.026800
speech-replay,2.9079,0.019700
speech-replay,2.6670,0.019500
speech-replay,2.4643,0.022000
speech-replay,2.6544,0.020300
speech-replay,2.2306,0.021400
speech-replay,3.4340,0.034800
speech-replay,2.6069,0.023500
speech-replay,2.9315,0.024300
speech-replay,2.9135,0.026900
speech-replay,2.5122,0.026800
speech-replay,2.8317,0.023200
speech-replay,2.4462,0.025900
speech-replay,2.4550,0.023500
speech-replay,2.2888,0.019300
speech-replay,2.2609,0.021500
speech-replay,2.8516,0.023200
speech-replay,2.7856,0.025800
speech-replay,2.2636,0.017800
speech-replay,2.4001,0.019400
speech-replay,2.4745,0.022900
speech-replay,2.4804,0.024000
speech-replay,2.8788,0.027200
speech-replay,2.8470,0.021900
speech-replay,2.6039,0.024000
speech-replay,2.5554,0.021900
speech-replay,2.5459,0.021400
speech-replay,3.1935,0.026300
speech-replay,2.7135,0.023700
speech-replay,2.4423,0.028400
speech-replay,3.1953,0.022300
speech-replay,2.2899,0.019100
speech-replay,2.4546,0.021100
speech-replay,2.2887,0.027000
speech-replay,2.7304,0.033300
speech-replay,3.0678,0.029000
speech-replay,2.7439,0.021900
speech-replay,2.6361,0.022200
speech-replay,2.3793,0.019700
speech-replay,2.3489,0.033600
speech-replay,3.2547,0.030700
speech-replay,3.0423,0.030800
speech-replay,3.3083,0.029200
speech-replay,3.7939,0.033100
speech-replay,3.5323,0.031400
speech-replay,3.0429,0.024700
speech-replay,3.4974,0.049200
speech-replay,3.0114,0.022900
speech-replay,3.5599,0.031100
speech-replay,3.5678,0.030100
speech-replay,3.2356,0.032500
speech-replay,3.5433,0.040200
speech-replay,3.1302,0.030700
speech-replay,4.3552,0.031200
speech-replay,3.2008,0.030500
speech-replay,3.1192,0.024800
speech-replay,3.4399,0.037400
speech-replay,3.8433,0.041400
speech-replay,3.6970,0.030900
speech-replay,3.3739,0.028300
speech-replay,3.2172,0.028200
speech-replay,3.2712,0.035500
speech-replay,4.0998,0.028300
speech-replay,3.2709,0.030700
speech-replay,3.3113,0.032300
speech-replay,3.1138,0.039400
speech-replay,3.7836,0.045500
speech-replay,3.6956,0.031000
speech-replay,3.3771,0.031200
speech-replay,3.0279,0.027500
speech-replay,2.6589,0.028100
speech-replay,3.0662,0.034000
speech-replay,3.8603,0.058900
speech-replay,3.5018,0.026800
speech-replay,2.9958,0.048300
speech-replay,2.9052,0.026000
speech-replay,2.8747,0.027100
speech-replay,4.6385,0.042800
speech-replay,4.0555,0.037200
speech-replay,3.4624,0.029600
speech-replay,3.0559,0.039200
speech-replay,4.6551,0.031900
speech-replay,3.7252,0.041500
speech-replay,3.6071,0.031500
speech-replay,3.1561,0.045500
speech-replay,3.1483,0.032800
speech-replay,3.5055,0.037100
speech-replay,3.2178,0.039700
speech-replay,2.9759,0.039000
speech-replay,3.6489,0.030100
speech-replay,3.0297,0.027100
speech-replay,2.8670,0.026200
speech-replay,3.5797,0.034600
speech-replay,3.3400,0.033000
speech-replay,3.5780,0.061400
speech-replay,4.3807,0.030300
speech-replay,2.9658,0.032400
speech-replay,2.9252,0.024700
speech-replay,2.5310,0.023900
speech-replay,3.0566,0.037500
speech-replay,3.7686,0.024700
speech-replay,2.8478,0.032200
speech-replay,2.8410,0.025800
speech-replay,2.4700,0.026400
speech-replay,2.6985,0.023800
speech-replay,2.8257,0.019400
speech-replay,2.6961,0.026200
speech-replay,2.7151,0.025200
speech-replay,3.1079,0.024700
speech-replay,2.7043,0.020600
speech-replay,2.4324,0.023100
speech-replay,2.4215,0.024200
speech-replay,2.7512,0.021800
speech-replay,2.6841,0.027700
speech-replay,3.3144,0.042100
speech-replay,2.9015,0.022100
speech-replay,2.8077,0.022600
speech-replay,2.6599,0.020800
speech-replay,2.3660,0.018600
speech-replay,2.3844,0.021800
speech-replay,2.5076,0.020200
speech-replay,2.1736,0.022400
speech-replay,3.5820,0.037900
speech-replay,2.8473,0.026600
speech-replay,2.5982,0.029300
speech-replay,2.6696,0.021300
speech-replay,2.3642,0.052200
speech-replay,3.0734,0.033500
speech-replay,3.2250,0.026000
speech-replay,2.7244,0.036000
speech-replay,2.9306,0.030000
speech-replay,2.6655,0.027400
speech-replay,2.9093,0.026400
speech-replay,2.6025,0.060600
speech-replay,3.7327,0.027900
speech-replay,2.8833,0.031300
speech-replay,2.6705,0.024300
speech-replay,2.8822,0.028400
speech-replay,3.0384,0.046700
speech-replay,4.5780,0.038000
speech-replay,3.6195,0.030900
speech-replay,3.4693,0.026500
speech-replay,3.1146,0.036100
speech-replay,3.4713,0.027900
speech-replay,3.9276,0.051000
speech-replay,4.3821,0.028600
speech-replay,3.4341,0.038400
speech-replay,3.2506,0.029900
speech-replay,3.0275,0.031200
speech-replay,2.8777,0.034100
speech-replay,3.0784,0.032100
speech-replay,3.2567,0.049300
speech-replay,4.0644,0.035200
speech-replay,3.2114,0.033800
speech-replay,2.9307,0.031000
speech-replay,2.9505,0.028800
speech-replay,3.0935,0.067300
speech-replay,3.6215,0.030500
speech-replay,3.4614,0.029900
speech-replay,2.9502,0.025700
speech-replay,2.7696,0.027900
speech-replay,2.5665,0.029100
speech-replay,3.4949,0.029200
speech-replay,3.4122,0.044100
speech-replay,3.8517,0.037100
speech-replay,3.6081,0.037900
speech-replay,3.3972,0.031800
speech-replay,3.1793,0.036000
speech-replay,3.2321,0.028300
speech-replay,2.7556,0.032300
speech-replay,3.1404,0.032400
speech-replay,3.7704,0.034800
speech-replay,3.4669,0.030900
speech-replay,3.5429,0.044100
speech-replay,3.5372,0.029200
speech-replay,2.7835,0.036300
speech-replay,3.2777,0.040600
speech-replay,3.2970,0.029900
speech-replay,3.0459,0.028800
speech-replay,3.4180,0.030900
speech-replay,3.7041,0.062700
speech-replay,4.1655,0.028900
speech-replay,3.0089,0.028900
speech-replay,3.1829,0.026700
speech-replay,3.4061,0.070000
speech-replay,3.5138,0.029000
speech-replay,3.2783,0.032900
speech-replay,3.0348,0.025700
speech-replay,2.6726,0.024400
speech-replay,2.9554,0.025300
speech-replay,2.8882,0.032900
speech-replay,3.3932,0.045700
speech-replay,3.5500,0.032500
speech-replay,2.9886,0.026600
speech-replay,3.3933,0.033800
speech-replay,3.5498,0.030600
speech-replay,3.3529,0.028100
speech-replay,4.2937,0.037200
speech-replay,3.2366,0.027600
speech-replay,3.2233,0.030400
speech-replay,2.7168,0.029600
speech-replay,3.4159,0.036100
speech-replay,5.5526,0.039100
speech-replay,3.5248,0.027000
speech-replay,2.9491,0.026800
speech-replay,3.4386,0.034600
speech-replay,3.4983,0.029600
speech-replay,3.3831,0.037300
speech-replay,3.3175,0.035200
speech-replay,3.6935,0.049500
speech-replay,3.5803,0.063700
speech-replay,3.5318,0.033000
speech-replay,3.1354,0.038200
speech-replay,2.9663,0.033200
speech-replay,2.8757,0.028500
speech-replay,3.1877,0.032100
speech-replay,3.3653,0.035200
speech-replay,3.3260,0.031100
speech-replay,3.1217,0.027900
speech-replay,2.7947,0.034000
speech-replay,4.0447,0.034400
speech-replay,4.0549,0.041000
speech-replay,3.3554,0.035500
speech-replay,3.2997,0.028300
speech-replay,3.0794,0.032500
speech-replay,3.5224,0.037400
speech-replay,3.7156,0.042900
speech-replay,3.4118,0.029100
speech-replay,3.1056,0.028000
speech-replay,2.9873,0.027100
speech-replay,3.1441,0.027200
speech-replay,2.6493,0.024100
speech-replay,3.2446,0.033700
speech-replay,3.7844,0.028200
speech-replay,3.0688,0.029900
speech-replay,3.3837,0.029800
speech-replay,4.1132,0.072100
speech-replay,3.8014,0.052300
speech-replay,4.1042,0.035800
speech-replay,3.1312,0.035400
speech-replay,3.7247,0.039000
speech-replay,4.1666,0.031600
speech-replay,3.5375,0.028900
speech-replay,3.2944,0.032600
speech-replay,3.5552,0.031300
speech-replay,3.1276,0.027100
speech-replay,3.2505,0.031000
speech-replay,3.8954,0.063100
speech-replay,3.3626,0.039800
speech-replay,4.1850,0.065200
speech-replay,4.5061,0.033200
speech-replay,3.4510,0.032100
speech-replay,3.5535,0.033000
speech-replay,3.8315,0.072900
speech-replay,4.4565,0.041400
speech-replay,4.2994,0.033000
speech-replay,3.7886,0.029100
speech-replay,3.8349,0.036700
speech-replay,3.9149,0.050900
speech-replay,4.2439,0.035600
speech-replay,3.3131,0.036500
speech-replay,2.7900,0.023800
speech-replay,3.4738,0.033500
speech-replay,3.6855,0.054700
speech-replay,3.5375,0.031100
speech-replay,3.4990,0.033000
speech-replay,3.1681,0.030500
speech-replay,3.0164,0.028800
speech-replay,4.5579,0.039100
speech-replay,3.8072,0.042500
speech-replay,3.6113,0.037000
speech-replay,3.1823,0.027500
speech-replay,4.4992,0.043800
speech-replay,4.5431,0.045000
speech-replay,3.9412,0.031200
speech-replay,3.4317,0.036400
speech-replay,3.8221,0.054600
speech-replay,3.9413,0.033400
speech-replay,3.5602,0.028900
speech-replay,3.2696,0.030400
speech-replay,4.9538,0.041800
speech-replay,4.8993,0.046400
speech-replay,4.4334,0.047100
speech-replay,4.1179,0.058700
speech-replay,4.2791,0.059000
speech-replay,3.7027,0.029600
speech-replay,3.3103,0.028700
speech-replay,3.2442,0.033000
speech-replay,3.8049,0.033600
speech-replay,4.3060,0.033900
speech-replay,4.2117,0.040700
speech-replay,3.9140,0.029200
speech-replay,3.1848,0.025400
speech-replay,2.9443,0.031400
speech-replay,3.2645,0.031300
speech-replay,3.6836,0.035300
speech-replay,3.7633,0.030000
speech-replay,4.5096,0.044800
speech-replay,3.4516,0.041100
speech-replay,4.4110,0.037500
speech-replay,3.8531,0.033700
speech-replay,3.1850,0.027900
speech-replay,3.3471,0.040900
speech-replay,3.8140,0.045000
speech-replay,3.2851,0.029600
speech-replay,2.8925,0.025600
speech-replay,2.6667,0.036100
speech-replay,3.0532,0.024900
speech-replay,2.5209,0.022700
speech-replay,2.8564,0.024900
speech-replay,2.9453,0.033000
speech-replay,3.4582,0.038000
speech-replay,3.6554,0.036300
speech-replay,3.2401,0.037500
speech-replay,4.1313,0.039300
speech-replay,3.4817,0.030300
speech-replay,3.1046,0.024300
speech-replay,2.9189,0.028800
speech-replay,2.6980,0.030800
speech-replay,3.0499,0.024200
speech-replay,3.3516,0.030500
speech-replay,2.7705,0.023300
speech-replay,2.3886,0.021100
speech-replay,2.6535,0.021400
speech-replay,2.4130,0.023200
speech-replay,3.1043,0.027700
speech-replay,3.1760,0.027200
speech-replay,2.8291,0.025500
speech-replay,2.4947,0.025700
speech-replay,2.4342,0.019900
speech-replay,2.7957,0.026400
speech-replay,2.6048,0.020300
speech-replay,2.2183,0.032200
speech-replay,3.0220,0.024700
speech-replay,2.5935,0.019800
speech-replay,2.8361,0.021200
speech-replay,2.9615,0.026300
speech-replay,2.4174,0.025800
speech-replay,2.8873,0.027000
speech-replay,2.5504,0.020400
speech-replay,2.9053,0.024800
speech-replay,2.5408,0.020900
speech-replay,3.0066,0.030400
speech-replay,3.0496,0.025000
speech-replay,2.4204,0.021400
speech-replay,3.1112,0.030200
speech-replay,2.7122,0.022000
speech-replay,2.5676,0.028700
speech-replay,2.9157,0.021200
speech-replay,2.5027,0.022700
speech-replay,2.7719,0.024500
speech-replay,2.5577,0.020800
speech-replay,2.2060,0.018500
speech-replay,3.2260,0.031700
speech-replay,3.2897,0.025500
speech-replay,2.6378,0.022800
speech-replay,2.4668,0.023100
speech-replay,2.3594,0.022600
speech-replay,2.5428,0.022000
speech-replay,3.2408,0.034800
speech-replay,3.5900,0.050000
speech-replay,3.5911,0.033700
speech-replay,3.3726,0.031200
speech-replay,3.7037,0.078900
speech-replay,4.7901,0.049000
speech-replay,3.7456,0.034600
speech-replay,3.8411,0.032500
speech-replay,3.1134,0.033200
speech-replay,3.5751,0.034200
speech-replay,4.4640,0.042700
speech-replay,3.5783,0.036800
speech-replay,3.6831,0.027500
speech-replay,2.8301,0.030600
speech-replay,3.1937,0.038500
speech-replay,4.0083,0.029500
speech-replay,3.3962,0.047700
speech-replay,3.5460,0.032300
speech-replay,4.0234,0.036900
speech-replay,3.6308,0.034900
speech-replay,3.7251,0.043900
speech-replay,3.9473,0.038200
speech-replay,3.4896,0.031800
speech-replay,3.2971,0.026300
speech-replay,3.5053,0.028800
speech-replay,3.3378,0.037200
speech-replay,3.2734,0.027200
speech-replay,2.7364,0.034300
speech-replay,2.7698,0.025100
speech-replay,3.2252,0.025400
speech-replay,2.5286,0.025300
speech-replay,3.2165,0.027200
speech-replay,2.8517,0.028100
speech-replay,2.7322,0.025300
speech-replay,3.1654,0.027800
speech-replay,2.8176,0.031600
speech-replay,3.0817,0.030000
speech-replay,3.0543,0.027000
speech-replay,2.7578,0.028600
speech-replay,2.8292,0.031700
speech-replay,2.7580,0.038200
speech-replay,3.4202,0.028100
speech-replay,2.9509,0.028000
speech-replay,2.6623,0.025600
speech-replay,2.9413,0.028000
speech-replay,2.9427,0.025900
speech-replay,3.0447,0.029000
speech-replay,4.1088,0.034700
speech-replay,3.4807,0.029500
speech-replay,3.0829,0.027500
speech-replay,2.7092,0.034100
speech-replay,2.6121,0.033300
speech-replay,3.1502,0.035600
speech-replay,3.0621,0.028900
speech-replay,2.8749,0.028600
speech-replay,2.5724,0.026500
speech-replay,2.5220,0.027900
speech-replay,3.2054,0.027400
speech-replay,2.6669,0.025400
speech-replay,3.7057,0.038800
speech-replay,3.1733,0.035400
speech-replay,3.7216,0.034300
speech-replay,3.6950,0.035100
speech-replay,4.4200,0.065400
speech-replay,3.7383,0.035800
speech-replay,3.7523,0.065200
speech-replay,3.8435,0.048300
speech-replay,3.1346,0.025500
speech-replay,2.8411,0.029600
speech-replay,3.3260,0.049500
speech-replay,3.2656,0.036200
speech-replay,3.8753,0.041900
speech-replay,3.6925,0.033900
speech-replay,2.9627,0.028200
speech-replay,2.7435,0.025900
speech-replay,2.8972,0.026300
speech-replay,2.9247,0.023600
speech-replay,2.7050,0.026300
speech-replay,3.2387,0.028000
speech-replay,2.5155,0.022600
speech-replay,2.7974,0.024300
speech-replay,2.4707,0.021800
speech-replay,2.8135,0.025800
speech-replay,3.4321,0.030300
speech-replay,2.7164,0.025500
speech-replay,3.1192,0.027900
speech-replay,2.9112,0.029700
speech-replay,3.3491,0.025200
speech-replay,2.6683,0.023400
speech-replay,3.5528,0.068900
speech-replay,3.3225,0.027800
speech-replay,3.1942,0.031000
speech-replay,3.0933,0.023000
speech-replay,2.5172,0.026300
speech-replay,2.5724,0.027100
speech-replay,2.8629,0.024800
speech-replay,2.7446,0.025100
speech-replay,2.6380,0.024900
speech-replay,2.7726,0.027000
speech-replay,2.9569,0.026100
speech-replay,2.4086,0.021100
speech-replay,3.0124,0.028400
speech-replay,3.1080,0.030800
speech-replay,3.1201,0.025500
speech-replay,2.3890,0.024300
speech-replay,2.5903,0.023100
speech-replay,2.3751,0.025800
speech-replay,2.8898,0.030100
speech-replay,2.4997,0.020900
speech-replay,2.3453,0.025100
speech-replay,2.3315,0.020400
speech-replay,2.5119,0.027300
speech-replay,2.9493,0.027000
speech-replay,2.6070,0.020700
speech-replay,2.4133,0.023200
speech-replay,2.2330,0.019200
speech-replay,2.3861,0.023700
speech-replay,2.6068,0.021100
speech-replay,2.5821,0.026300
speech-replay,2.7021,0.024800
speech-replay,2.8476,0.022400
speech-replay,2.6573,0.021500
speech-replay,2.6878,0.021700
speech-replay,3.1168,0.026100
speech-replay,2.4563,0.019300
speech-replay,3.7702,0.038600
speech-replay,2.9308,0.024100
speech-replay,2.4877,0.024400
speech-replay,2.4180,0.023800
speech-replay,2.5924,0.025200
speech-replay,2.5611,0.024500
speech-replay,2.6633,0.023500
speech-replay,2.8152,0.029200
speech-replay,2.5678,0.021100
speech-replay,2.2353,0.020400
speech-replay,2.4836,0.025700
speech-replay,3.4753,0.059100
speech-replay,3.3834,0.037800
speech-replay,3.2859,0.024900
speech-replay,2.7351,0.023900
speech-replay,2.6769,0.022200
speech-replay,2.4002,0.030900
speech-replay,3.1796,0.026500
speech-replay,2.7561,0.022200
speech-replay,2.3821,0.020800
speech-replay,2.7946,0.022400
speech-replay,2.5386,0.022000
speech-replay,2.5275,0.030900
speech-replay,3.0559,0.027100
speech-replay,2.6853,0.019200
speech-replay,2.9572,0.032300
speech-replay,2.6959,0.026300
speech-replay,2.4020,0.025100
speech-replay,3.3494,0.041600
speech-replay,3.0767,0.039500
speech-replay,3.0353,0.028900
speech-replay,2.7280,0.024700
speech-replay,2.7516,0.024800
speech-replay,2.9701,0.026700
speech-replay,2.7460,0.027300
speech-replay,2.5881,0.023900
speech-replay,2.3780,0.026500
speech-replay,2.8501,0.030600
speech-replay,3.1636,0.028500
speech-replay,2.4586,0.020500
speech-replay,2.5916,0.023300
speech-replay,2.3984,0.023200
speech-replay,2.3811,0.021700
speech-replay,2.9874,0.023100
speech-replay,3.3430,0.030500
speech-replay,3.0608,0.025000
speech-replay,2.5029,0.020800
speech-replay,2.9836,0.024700
speech-replay,2.7164,0.021600
speech-replay,2.2894,0.021800
speech-replay,3.4070,0.027700
speech-replay,2.7094,0.024000
speech-replay,3.2793,0.024300
speech-replay,2.5794,0.022300
speech-replay,2.3272,0.020800
speech-replay,2.3646,0.029000
speech-replay,2.9851,0.025600
speech-replay,2.4701,0.026100
speech-replay,2.9956,0.032000
speech-replay,2.5503,0.021200
speech-replay,2.4573,0.021500
speech-replay,2.6477,0.027100
speech-replay,3.0337,0.025000
speech-replay,2.7558,0.024100
speech-replay,2.5376,0.022900
speech-replay,2.8729,0.028000
speech-replay,2.4622,0.020900
speech-replay,2.3356,0.022600
speech-replay,2.4598,0.019700
speech-replay,2.3242,0.023000
speech-replay,2.2897,0.020000
speech-replay,2.8526,0.030100
speech-replay,2.8309,0.058800
speech-replay,3.2223,0.030100
speech-replay,3.6426,0.037000
speech-replay,4.3795,0.038900
speech-replay,3.6214,0.032400
speech-replay,3.3571,0.028600
speech-replay,3.3319,0.028200
speech-replay,2.9329,0.024500
speech-replay,3.1566,0.028900
speech-replay,2.9382,0.024100
speech-replay,2.7818,0.025600
speech-replay,2.5841,0.022100
speech-replay,3.0755,0.027200
speech-replay,2.6772,0.020900
speech-replay,2.7484,0.028900
speech-replay,2.5724,0.021300
speech-replay,2.6171,0.026400
speech-replay,2.8789,0.023500
speech-replay,2.5773,0.021800
speech-replay,3.1256,0.029700
speech-replay,2.6078,0.021400
speech-replay,2.4041,0.021700
speech-replay,2.7126,0.028200
speech-replay,2.9149,0.023700
speech-replay,2.5327,0.025100
speech-replay,2.9298,0.031800
speech-replay,3.0328,0.021300
speech-replay,2.6195,0.029900
speech-replay,3.5720,0.027200
speech-replay,3.1729,0.025000
speech-replay,2.6502,0.024100
speech-replay,2.7312,0.036500
speech-replay,2.8728,0.024000
speech-replay,2.5257,0.023200
speech-replay,2.6472,0.023400
speech-replay,2.7236,0.025500
speech-replay,2.5144,0.019700
speech-replay,2.5789,0.028700
speech-replay,3.0628,0.021300
speech-replay,2.8253,0.030000
speech-replay,3.2575,0.024500
speech-replay,2.4162,0.023900
speech-replay,2.7344,0.028100
speech-replay,2.5235,0.020700
speech-replay,2.8691,0.028200
speech-replay,2.6026,0.022400
speech-replay,2.7694,0.030100
speech-replay,2.9744,0.022800
speech-replay,2.6062,0.020600
speech-replay,2.6451,0.027600
speech-replay,3.0356,0.032800
speech-replay,2.6191,0.025600
speech-replay,2.4517,0.020700
speech-replay,2.3746,0.018300
speech-replay,2.1295,0.018400
speech-replay,2.6526,0.032200
speech-replay,2.6373,0.022900
speech-replay,2.3433,0.031000
speech-replay,3.2658,0.028300
speech-replay,2.4835,0.022900
speech-replay,2.7311,0.023600
speech-replay,3.1297,0.026200
speech-replay,2.6883,0.024700
speech-replay,2.4971,0.021400
speech-replay,2.5728,0.022100
speech-replay,2.6999,0.026800
speech-replay,2.8732,0.025800
speech-replay,3.2648,0.030200
speech-replay,3.0743,0.028000
speech-replay,2.4580,0.020600
speech-replay,3.0523,0.028900
speech-replay,2.6363,0.022500
speech-replay,2.8806,0.026400
speech-replay,2.6236,0.029600
speech-replay,2.9151,0.023200
speech-replay,2.9088,0.021700
speech-replay,2.7073,0.024100
speech-replay,2.2462,0.020800
speech-replay,2.4769,0.022000
speech-replay,2.2233,0.018400
speech-replay,2.8393,0.026700
speech-replay,2.6366,0.025600
speech-replay,2.3933,0.022300
speech-replay,2.6195,0.021700
speech-replay,3.0818,0.025000
speech-replay,2.5681,0.021700
speech-replay,2.8180,0.023800
speech-replay,2.6129,0.020200
speech-replay,2.8067,0.031000
speech-replay,2.9106,0.023200
speech-replay,2.5185,0.025300
speech-replay,3.0846,0.026600
speech-replay,2.7130,0.022100
speech-replay,2.7858,0.027800
speech-replay,2.9380,0.024500
speech-replay,2.8743,0.028600
speech-replay,3.3629,0.024400
speech-replay,2.9234,0.029300
speech-replay,6.0448,0.027700
speech-replay,3.6989,0.092300
speech-replay,4.1579,0.027400
speech-replay,2.9723,0.024000
speech-replay,2.7866,0.025900
speech-replay,2.7823,0.025300
speech-replay,2.7747,0.029100
speech-replay,3.0613,0.043800
speech-replay,2.9570,0.024300
speech-replay,2.4651,0.022600
speech-replay,2.9134,0.027100
speech-replay,2.9251,0.030500
speech-replay,3.1843,0.060200
speech-replay,3.2820,0.024700
speech-replay,2.5031,0.031800
speech-replay,3.1459,0.027300
speech-replay,3.0148,0.032900
speech-replay,2.8480,0.028500
speech-replay,2.7985,0.022800
speech-replay,2.4300,0.021700
speech-replay,2.9613,0.027000
speech-replay,2.9160,0.023900
speech-replay,2.7612,0.020800
speech-replay,2.5328,0.028000
speech-replay,2.8931,0.027200
speech-replay,3.0568,0.022900
speech-replay,2.4637,0.023600
speech-replay,3.1610,0.038800
speech-replay,3.2060,0.024700
speech-replay,2.7232,0.026500
speech-replay,2.7145,0.024400
speech-replay,2.4947,0.019100
speech-replay,2.7371,0.030300
speech-replay,2.7606,0.021400
speech-replay,2.6206,0.026200
speech-replay,3.1436,0.024600
speech-replay,2.6427,0.020500
speech-replay,2.4840,0.021700
speech-replay,2.3408,0.024700
speech-replay,2.8145,0.032100
speech-replay,3.0029,0.023100
speech-replay,2.6810,0.025300
speech-replay,2.9832,0.021800
speech-replay,2.5254,0.020500
speech-replay,2.5526,0.028500
speech-replay,2.7989,0.028900
speech-replay,2.4156,0.021900
speech-replay,2.4781,0.033000
speech-replay,2.8240,0.024400
speech-replay,2.5828,0.021400
speech-replay,2.8878,0.026100
speech-replay,2.9164,0.031700
speech-replay,2.5512,0.023900
speech-replay,2.8656,0.024700
speech-replay,2.7857,0.019400
speech-replay,2.6588,0.022900
speech-replay,3.1491,0.026000
speech-replay,2.6360,0.030900
speech-replay,2.9240,0.023900
speech-replay,2.5837,0.021400
speech-replay,2.6421,0.029700
speech-replay,3.2703,0.030000
speech-replay,2.9477,0.024700
speech-replay,2.5275,0.023200
speech-replay,2.3969,0.023800
speech-replay,2.6948,0.027300
speech-replay,2.5767,0.020800
speech-replay,2.4752,0.024800
speech-replay,2.8761,0.026700
speech-replay,3.0937,0.026700
speech-replay,2.7293,0.022500
speech-replay,2.6430,0.024800
speech-replay,2.3201,0.021600
speech-replay,2.8247,0.026200
speech-replay,2.9544,0.025100
speech-replay,3.1239,0.031500
speech-replay,3.6846,0.036600
speech-replay,3.0050,0.024800
speech-replay,3.2173,0.028200
speech-replay,2.8981,0.025200
speech-replay,3.0812,0.025800
speech-replay,2.9168,0.027100
speech-replay,3.0590,0.024100
speech-replay,2.6004,0.021700
speech-replay,2.4701,0.020300
speech-replay,2.7826,0.027100
speech-replay,2.6654,0.022400
speech-replay,2.7098,0.024100
speech-replay,2.6998,0.028200
speech-replay,2.9869,0.030000
speech-replay,2.8417,0.021400
speech-replay,2.9010,0.023100
speech-replay,2.9109,0.022800
speech-replay,2.5320,0.020800
speech-replay,3.0008,0.025200
speech-replay,2.9163,0.020400
speech-replay,2.4197,0.030200
speech-replay,2.9766,0.022500
speech-replay,2.6163,0.024500
speech-replay,2.5577,0.028000
speech-replay,2.7935,0.029600
speech-replay,2.5704,0.020600
speech-replay,2.6352,0.021800
speech-replay,2.7192,0.022200
speech-replay,2.8548,0.025700
speech-replay,3.4964,0.028400
speech-replay,2.9245,0.024300
speech-replay,2.6493,0.025400
speech-replay,2.5444,0.023500
speech-replay,2.3248,0.021400
speech-replay,2.9047,0.021500
speech-replay,2.9484,0.028300
speech-replay,3.0876,0.026500
speech-replay,2.5877,0.021500
speech-replay,2.3994,0.028700
speech-replay,2.7020,0.038500
speech-replay,3.0096,0.040300
speech-replay,3.4119,0.027500
speech-replay,3.2059,0.021600
speech-replay,2.9045,0.024300
speech-replay,2.6603,0.020800
speech-replay,2.7505,0.032100
speech-replay,2.8678,0.022200
speech-replay,2.5780,0.021500
speech-replay,2.9773,0.024900
speech-replay,2.6951,0.020000
speech-replay,2.3734,0.020800
speech-replay,2.8859,0.023900
speech-replay,2.2880,0.021700
speech-replay,2.3530,0.019300
speech-replay,2.6722,0.022800
speech-replay,2.2706,0.022400
speech-replay,2.6927,0.022900
speech-replay,3.1308,0.027400
speech-replay,2.6754,0.027000
speech-replay,2.9766,0.024700
speech-replay,2.8868,0.022500
speech-replay,2.8314,0.026000
speech-replay,2.6675,0.023700
speech-replay,2.6721,0.029000
speech-replay,3.1270,0.023800
speech-replay,2.5882,0.020900
speech-replay,2.7635,0.024800
speech-replay,2.5653,0.028300
speech-replay,3.8058,0.056200
speech-replay,3.6707,0.030500
speech-replay,2.8197,0.030400
speech-replay,2.8731,0.026200
speech-replay,2.4148,0.021500
speech-replay,3.1592,0.033600
speech-replay,3.1795,0.022800
speech-replay,2.7139,0.023800
speech-replay,2.6383,0.023300
speech-replay,2.5606,0.024000
speech-replay,2.7240,0.030700
speech-replay,2.6048,0.020400
speech-replay,2.4558,0.030200
speech-replay,3.0145,0.022800
speech-replay,2.4972,0.022700
speech-replay,2.6129,0.021300
speech-replay,2.8312,0.029100
speech-replay,2.7286,0.026500
speech-replay,3.0108,0.051300
speech-replay,2.9191,0.022100
speech-replay,2.7546,0.024100
speech-replay,2.9756,0.021400
speech-replay,2.4240,0.024300
speech-replay,2.4490,0.025800
speech-replay,2.3910,0.019600
speech-replay,2.4892,0.025300
speech-replay,2.9276,0.030100
speech-replay,2.5632,0.023100
speech-replay,2.5026,0.019500
speech-replay,2.3393,0.020700
speech-replay,2.2335,0.020800
speech-replay,2.7835,0.023000
speech-replay,2.8072,0.023700
speech-replay,2.7687,0.022200
speech-replay,2.7396,0.023900
speech-replay,2.6059,0.023600
speech-replay,2.4037,0.020000
speech-replay,2.5825,0.019900
speech-replay,2.2078,0.018000
speech-replay,2.6512,0.025500
speech-replay,3.6374,0.033300
speech-replay,3.0233,0.027000
speech-replay,2.4905,0.020200
speech-replay,2.4562,0.018900
speech-replay,2.6233,0.022500
speech-replay,2.8347,0.026100
speech-replay,2.9996,0.023900
speech-replay,3.1508,0.020200
speech-replay,2.7329,0.019900
speech-replay,2.5792,0.022300
speech-replay,2.4587,0.018900
speech-replay,2.9370,0.029100
speech-replay,3.3874,0.024200
speech-replay,2.6219,0.035400
speech-replay,3.4046,0.022700
speech-replay,2.4475,0.018900
speech-replay,3.1032,0.040200
speech-replay,2.7482,0.021300
speech-replay,2.9592,0.044800
speech-replay,2.9838,0.020200
speech-replay,2.5807,0.020600
speech-replay,2.5180,0.020300
speech-replay,2.5931,0.021300
speech-replay,2.8909,0.022800
speech-replay,2.9821,0.023900
speech-replay,2.3938,0.019000
speech-replay,2.3188,0.021600
speech-replay,3.0730,0.020000
speech-replay,2.4084,0.019800
speech-replay,3.2353,0.022500
speech-replay,2.5749,0.024100
speech-replay,2.9501,0.027500
speech-replay,2.6153,0.024600
speech-replay,2.5982,0.028700
speech-replay,2.5617,0.022700
speech-replay,2.5913,0.019000
speech-replay,2.9140,0.037200
speech-replay,2.7954,0.019900
speech-replay,2.1850,0.019500
speech-replay,2.9246,0.030500
speech-replay,3.0393,0.028600
speech-replay,2.8692,0.021600
speech-replay,2.3567,0.020900
speech-replay,2.4530,0.020100
speech-replay,2.6117,0.027300
speech-replay,2.8444,0.018000
speech-replay,2.4713,0.018100
speech-replay,2.7336,0.022700
speech-replay,2.6192,0.020600
speech-replay,2.4126,0.026100
speech-replay,2.5146,0.020400
speech-replay,2.7306,0.019100
speech-replay,2.7014,0.022700
speech-replay,2.6722,0.023700
speech-replay,2.6975,0.019900
speech-replay,2.3799,0.020900
speech-replay,2.3089,0.018900
speech-replay,2.2422,0.021500
speech-replay,2.5039,0.022000
speech-replay,2.3840,0.018600
speech-replay,2.2229,0.021400
speech-replay,3.1040,0.021700
speech-replay,2.4027,0.022800
speech-replay,2.8272,0.022800
speech-replay,2.6988,0.021200
speech-replay,2.6244,0.020200
speech-replay,3.2258,0.027500
speech-replay,2.5231,0.020300
speech-replay,2.7079,0.027800
speech-replay,2.8050,0.023600
speech-replay,2.8519,0.025000
speech-replay,3.1995,0.023100
speech-replay,2.8098,0.021700
speech-replay,2.6969,0.021000
speech-replay,2.7361,0.019800
speech-replay,2.3292,0.027100
speech-replay,2.8884,0.019900
speech-replay,2.7245,0.021800
speech-replay,2.7167,0.022300
speech-replay,2.6312,0.019000
speech-replay,2.4673,0.018900
speech-replay,2.3336,0.023800
speech-replay,2.3392,0.019700
speech-replay,2.1788,0.018900
speech-replay,3.0962,0.021900
speech-replay,2.7517,0.018400
speech-replay,2.8186,0.024500
speech-replay,2.3902,0.022400
speech-replay,2.2690,0.018400
speech-replay,2.7436,0.054100
speech-replay,4.8271,0.023200
speech-replay,24.8142,0.040400
speech-replay,3.2966,0.036800
speech-replay,3.2325,0.028400
speech-replay,3.4534,0.031200
speech-replay,2.9338,0.026700
speech-replay,2.5423,0.023200
speech-replay,2.3934,0.021400
speech-replay,2.5916,0.026400
speech-replay,2.5699,0.032900
speech-replay,2.8745,0.027400
speech-replay,2.5162,0.022000
speech-replay,2.4517,0.022800
speech-replay,2.5986,0.023200
speech-replay,2.8264,0.025500
speech-replay,2.9255,0.029800
speech-replay,2.6449,0.021700
speech-replay,3.0024,0.024000
speech-replay,2.5905,0.023500
speech-replay,2.3183,0.022200
speech-replay,2.5125,0.025300
speech-replay,2.8540,0.026000
speech-replay,3.0722,0.025500
speech-replay,2.8442,0.032300
speech-replay,2.8999,0.024600
speech-replay,2.8474,0.026100
speech-replay,2.9434,0.024700
speech-replay,2.5739,0.023100
speech-replay,2.4739,0.020700
speech-replay,2.5659,0.025500
speech-replay,2.6068,0.025200
speech-replay,2.5275,0.024400
speech-replay,2.4275,0.020300
speech-replay,2.7221,0.025900
speech-replay,2.8260,0.023600
speech-replay,3.0951,0.214400
speech-replay,3.3615,0.028600
speech-replay,2.8597,0.020600
speech-replay,2.6292,0.022100
speech-replay,2.3701,0.021600
speech-replay,2.4663,0.020900
speech-replay,2.6221,0.021000
speech-replay,2.4033,0.020300
speech-replay,2.2912,0.021200
speech-replay,3.6381,0.026400
speech-replay,2.5176,0.022300
speech-replay,2.8828,0.026200
speech-replay,2.5114,0.020600
speech-replay,2.4616,0.029900
speech-replay,3.2897,0.028100
speech-replay,2.6888,0.023200
speech-replay,2.7922,0.023800
speech-replay,2.6866,0.022200
speech-replay,2.5552,0.028300
speech-replay,2.8840,0.023800
speech-replay,3.0855,0.028600
speech-replay,3.0500,0.025600
speech-replay,2.3534,0.024000
speech-replay,2.2207,0.025000
speech-replay,2.5860,0.026000
speech-replay,3.0974,0.025900
speech-replay,3.1772,0.025300
speech-replay,2.5079,0.023300
speech-replay,2.6335,0.027400
speech-replay,3.7803,0.025300
speech-replay,2.4765,0.025700
speech-replay,2.4707,0.026500
speech-replay,2.7852,0.032600
speech-replay,2.4219,0.023800
speech-replay,2.6898,0.028600
speech-replay,2.5954,0.025500
speech-replay,3.0292,0.029400
speech-replay,2.8272,0.023900
speech-replay,2.4602,0.025500
speech-replay,2.7278,0.021100
speech-replay,2.6068,0.022400
speech-replay,2.3594,0.025100
speech-replay,3.3613,0.030500
speech-replay,2.5265,0.020500
speech-replay,2.6431,0.021200
speech-replay,2.3822,0.021100
speech-replay,2.2955,0.025800
speech-replay,2.4742,0.029800
speech-replay,3.3350,0.085900
speech-replay,3.1361,0.032600
speech-replay,2.9294,0.025500
speech-replay,2.4746,0.029100
speech-replay,2.7203,0.022400
speech-replay,2.2748,0.021300
speech-replay,2.7237,0.030200
speech-replay,2.6195,0.023000
speech-replay,2.5181,0.022000
speech-replay,2.4643,0.020600
speech-replay,2.2964,0.022000
speech-replay,2.1659,0.025200
speech-replay,2.4589,0.025400
speech-replay,3.2244,0.029900
speech-replay,2.8645,0.027200
speech-replay,3.0454,0.025800
speech-replay,2.4894,0.019600
speech-replay,3.0953,0.027200
speech-replay,2.8469,0.027200
speech-replay,3.0828,0.040000
speech-replay,2.7659,0.024300
speech-replay,2.4318,0.025100
speech-replay,2.5188,0.025200
speech-replay,2.3922,0.021900
speech-replay,2.5505,0.029400
speech-replay,3.2450,0.028300
speech-replay,2.5930,0.020800
speech-replay,2.4500,0.025200
speech-replay,2.8712,0.023400
speech-replay,2.5481,0.027000
speech-replay,3.0699,0.031100
speech-replay,2.8758,0.022600
speech-replay,2.7776,0.027200
speech-replay,2.5312,0.021200
speech-replay,2.3871,0.022900
speech-replay,2.9545,0.025600
speech-replay,2.6186,0.025100
speech-replay,2.6946,0.026500
speech-replay,2.7304,0.020200
speech-replay,2.3299,0.022200
speech-replay,2.7718,0.024000
speech-replay,2.6863,0.022900
speech-replay,2.9407,0.041900
speech-replay,3.4157,0.022700
speech-replay,2.6522,0.024500
speech-replay,2.7698,0.026300
speech-replay,2.8173,0.023300
speech-replay,2.9462,0.025500
speech-replay,2.7807,0.023100
speech-replay,2.6081,0.030100
speech-replay,3.2545,0.034700
speech-replay,2.8243,0.023500
speech-replay,2.9414,0.026500
speech-replay,2.6947,0.023900
speech-replay,2.4170,0.026600
speech-replay,2.7753,0.022400
speech-replay,2.4517,0.020300
speech-replay,2.5601,0.023000
speech-replay,2.5902,0.021800
speech-replay,2.4908,0.022200
speech-replay,2.6497,0.022200
speech-replay,2.3847,0.019600
speech-replay,2.4041,0.026100
speech-replay,3.1311,0.024700
speech-replay,2.5773,0.025900
speech-replay,2.8694,0.024500
speech-replay,2.9981,0.021600
speech-replay,2.4375,0.020300
speech-replay,2.7041,0.022800
speech-replay,2.3893,0.021800
speech-replay,2.2391,0.026500
speech-replay,2.9716,0.023600
speech-replay,2.5194,0.022000
speech-replay,3.0239,0.027000
speech-replay,3.2474,0.024600
speech-replay,2.8529,0.024600
speech-replay,2.7356,0.024800
speech-replay,2.4986,0.020200
speech-replay,2.5259,0.022000
speech-replay,2.3815,0.022500
speech-replay,2.2403,0.019800
speech-replay,2.4860,0.024900
speech-replay,2.5736,0.021300
speech-replay,2.5190,0.031800
speech-replay,2.6678,0.021800
speech-replay,2.3492,0.019700
speech-replay,2.9221,0.022500
speech-replay,2.5223,0.021300
speech-replay,2.2874,0.020300
speech-replay,2.6967,0.022900
speech-replay,2.9529,0.022800
speech-replay,2.5822,0.026900
speech-replay,2.9011,0.024100
speech-replay,2.3038,0.019400
speech-replay,2.4985,0.022500
speech-replay,2.5621,0.021400
speech-replay,2.6546,0.023000
speech-replay,2.9012,0.042800
speech-replay,2.9997,0.020200
speech-replay,2.3611,0.020100
speech-replay,2.3706,0.023300
speech-replay,2.2778,0.020600
speech-replay,2.4238,0.027500
speech-replay,2.8519,0.025000
speech-replay,2.7128,0.024200
speech-replay,2.4662,0.025000
speech-replay,2.2679,0.021100
speech-replay,2.2899,0.018400
speech-replay,2.4609,0.021900
speech-replay,2.3903,0.032300
speech-replay,2.6090,0.025400
speech-replay,3.0813,0.022000
speech-replay,2.4704,0.020500
speech-replay,2.3053,0.022700
speech-replay,2.5044,0.019800
speech-replay,2.4384,0.026500
speech-replay,3.0300,0.025700
speech-replay,2.6410,0.022600
speech-replay,2.2801,0.020500
speech-replay,2.4740,0.021200
speech-replay,2.2996,0.022100
speech-replay,2.3357,0.020900
speech-replay,2.8894,0.027300
speech-replay,2.9498,0.025200
speech-replay,2.7007,0.024100
speech-replay,2.5803,0.020700
speech-replay,2.3094,0.018600
speech-replay,2.8420,0.028800
speech-replay,3.1840,0.030600
speech-replay,3.0867,0.027600
speech-replay,2.7296,0.023800
speech-replay,2.5686,0.026400
speech-replay,2.5289,0.022700
speech-replay,2.7172,0.024000
speech-replay,2.4627,0.030900
speech-replay,3.0160,0.033000
speech-replay,2.6827,0.021800
speech-replay,2.8564,0.024900
speech-replay,2.8571,0.022200
speech-replay,2.7745,0.030900
speech-replay,2.9765,0.028600
speech-replay,2.6966,0.083200
speech-replay,2.9607,0.023400
speech-replay,2.3746,0.022100
speech-replay,2.6569,0.027500
speech-replay,3.1081,0.029300
speech-replay,2.9474,0.042600
speech-replay,3.8653,0.035200
speech-replay,3.9668,0.041400
speech-replay,4.0382,0.040300
speech-replay,4.0353,0.040800
speech-replay,4.6608,0.037300
speech-replay,3.9567,0.042100
speech-replay,3.9103,0.043200
speech-replay,4.2564,0.057900
speech-replay,5.1717,0.036000
speech-replay,3.3459,0.032200
speech-replay,3.4215,0.033800
speech-replay,3.2137,0.026400
speech-replay,3.1479,0.040400
speech-replay,3.6743,0.031200
speech-replay,3.7146,0.036500
speech-replay,3.3647,0.029300
speech-replay,4.1918,0.040100
speech-replay,4.4907,0.055200
speech-replay,3.5759,0.030600
speech-replay,3.2144,0.029300
speech-replay,3.4281,0.028200
speech-replay,2.9231,0.036300
speech-replay,3.5483,0.026800
speech-replay,3.0041,0.024800
speech-replay,3.0692,0.029300
speech-replay,2.9061,0.031300
speech-replay,3.1386,0.038500
speech-replay,3.7760,0.031100
speech-replay,3.2110,0.072300
speech-replay,3.0400,0.023500
speech-replay,2.8657,0.031400
speech-replay,3.6651,0.035500
speech-replay,3.3246,0.039900
speech-replay,3.3175,0.035000
speech-replay,2.8708,0.038700
speech-replay,3.6306,0.036300
speech-replay,2.9559,0.029000
speech-replay,3.4213,0.034000
speech-replay,3.4414,0.031500
speech-replay,3.5504,0.034000
speech-replay,3.3678,0.032100
speech-replay,3.9019,0.036500
speech-replay,3.4715,0.049300
speech-replay,3.6913,0.030400
speech-replay,2.9730,0.027500
speech-replay,3.0685,0.037100
speech-replay,3.0316,0.033400
speech-replay,3.4385,0.034700
speech-replay,3.0965,0.026500
speech-replay,2.8905,0.027100
speech-replay,2.9405,0.035700
speech-replay,2.7970,0.036900
speech-replay,3.0903,0.034800
speech-replay,3.2456,0.031800
speech-replay,2.9127,0.028800
speech-replay,2.9132,0.030600
speech-replay,2.8251,0.028600
speech-replay,3.1073,0.027200
speech-replay,2.8963,0.045700
speech-replay,3.2985,0.028300
speech-replay,2.8350,0.027400
speech-replay,3.2266,0.029200
speech-replay,3.1206,0.035200
speech-replay,3.1366,0.033800
speech-replay,2.8123,0.028900
speech-replay,2.7979,0.028500
speech-replay,3.5319,0.031000
speech-replay,3.0714,0.037700
speech-replay,3.6658,0.055900
speech-replay,3.4361,0.054100
speech-replay,3.2518,0.029900
speech-replay,2.8707,0.026200
speech-replay,3.9343,0.033100
speech-replay,2.8837,0.032500
speech-replay,3.3572,0.031400
speech-replay,2.6907,0.022500
speech-replay,2.7269,0.024900
speech-replay,2.6129,0.022700
speech-replay,2.4480,0.024400
speech-replay,2.7880,0.028500
speech-replay,2.5930,0.022500
speech-replay,2.4491,0.030500
speech-replay,3.0183,0.024200
speech-replay,2.5322,0.021700
speech-replay,2.4985,0.021600
speech-replay,2.3077,0.021800
speech-replay,2.2855,0.021000
speech-replay,2.4757,0.023600
speech-replay,3.0644,0.026900
speech-replay,3.0459,0.025200
speech-replay,2.7167,0.022300
speech-replay,2.4776,0.019800
speech-replay,2.5789,0.024300
speech-replay,2.5941,0.021500
speech-replay,2.2111,0.017800
speech-replay,3.1560,0.033900
speech-replay,2.6308,0.024600
speech-replay,2.5533,0.030900
speech-replay,3.6682,0.050700
speech-replay,3.1101,0.025700
speech-replay,2.8208,0.029100
speech-replay,2.6007,0.024700
speech-replay,3.2979,0.034300
speech-replay,2.6277,0.023800
speech-replay,2.8876,0.031500
speech-replay,3.0467,0.026800
speech-replay,2.3477,0.020900
speech-replay,2.5211,0.020600
speech-replay,2.2029,0.021200
speech-replay,2.1089,0.019900
speech-replay,2.4044,0.023600
speech-replay,2.3341,0.022400
speech-replay,2.7593,0.028600
speech-replay,2.8122,0.027900
speech-replay,2.5440,0.022100
speech-replay,2.6437,0.024200
speech-replay,3.6962,0.025800
speech-replay,3.0733,0.036800
speech-replay,3.0080,0.024800
speech-replay,2.5237,0.023100
speech-replay,3.1433,0.028300
speech-replay,2.5743,0.026800
speech-replay,2.8225,0.036900
speech-replay,3.7476,0.027500
speech-replay,2.7543,0.026200
speech-replay,3.5640,0.031700
speech-replay,2.9699,0.023900
speech-replay,2.5657,0.021300
speech-replay,2.4156,0.021300
speech-replay,2.8594,0.028700
speech-replay,2.7427,0.026800
speech-replay,2.5503,0.027100
speech-replay,2.9931,0.031300
speech-replay,3.2078,0.023900
speech-replay,2.6886,0.023500
speech-replay,2.4323,0.023300
speech-replay,2.4048,0.021600
speech-replay,2.6690,0.023300
speech-replay,2.7445,0.027900
speech-replay,2.6798,0.026200
speech-replay,3.0301,0.025600
speech-replay,2.9717,0.023000
speech-replay,2.6429,0.020900
speech-replay,2.4584,0.020800
speech-replay,2.2752,0.026400
speech-replay,3.6103,0.029200
speech-replay,2.9552,0.026400
speech-replay,3.0490,0.031300
speech-replay,2.6937,0.025700
speech-replay,2.5799,0.022300
speech-replay,3.4261,0.028500
speech-replay,2.5062,0.023900
speech-replay,2.4842,0.022300
speech-replay,2.8040,0.035500
speech-replay,2.8504,0.023100
speech-replay,2.6070,0.025400
speech-replay,2.3042,0.020900
speech-replay,2.7023,0.026300
speech-replay,3.4225,0.026700
speech-replay,2.5173,0.024900
speech-replay,2.8673,0.021800
speech-replay,2.5338,0.020300
speech-replay,2.8725,0.026500
speech-replay,2.8213,0.021900
speech-replay,2.2983,0.022200
speech-replay,2.3164,0.019400
speech-replay,2.3474,0.026700
speech-replay,2.8255,0.033900
speech-replay,3.0714,0.022400
speech-replay,2.3933,0.020800
speech-replay,2.2645,0.020600
speech-replay,2.7919,0.028600
speech-replay,2.4396,0.024600
speech-replay,3.4714,0.056900
speech-replay,3.0701,0.025300
speech-replay,2.6501,0.023000
speech-replay,2.4381,0.020700
speech-replay,2.6700,0.022500
speech-replay,3.0117,0.026000
speech-replay,2.5911,0.024900
speech-replay,2.8460,0.026200
speech-replay,2.6459,0.023300
speech-replay,2.3318,0.024600
speech-replay,2.8476,0.028200
speech-replay,2.7973,0.021800
speech-replay,2.7857,0.027100
speech-replay,3.0397,0.023500
speech-replay,2.6134,0.029500
speech-replay,2.8969,0.022800
speech-replay,2.7008,0.025500
speech-replay,3.0419,0.024200
speech-replay,2.5747,0.021800
speech-replay,2.5263,0.026600
speech-replay,3.1212,0.028500
speech-replay,2.3477,0.021600
speech-replay,2.4543,0.028200
speech-replay,2.9871,0.029000
speech-replay,2.8868,0.027700
speech-replay,2.5998,0.021900
speech-replay,2.3966,0.021600
speech-replay,2.1854,0.024700
speech-replay,2.9649,0.023400
speech-replay,2.5372,0.021500
speech-replay,2.7442,0.034700
speech-replay,3.1924,0.024100
speech-replay,2.6493,0.022400
speech-replay,2.9863,0.054000
speech-replay,2.7025,0.023400
speech-replay,2.9980,0.023400
speech-replay,3.0013,0.032600
speech-replay,2.6432,0.029800
speech-replay,2.4112,0.020400
speech-replay,2.1571,0.019500
speech-replay,2.5199,0.023600
speech-replay,2.4879,0.020300
speech-replay,2.2291,0.020300
speech-replay,2.9016,0.029500
speech-replay,3.0223,0.021700
speech-replay,2.4586,0.026300
speech-replay,3.1933,0.026600
speech-replay,2.6014,0.025800
speech-replay,3.1043,0.032300
speech-replay,3.1578,0.027300
speech-replay,2.7738,0.029200
speech-replay,3.2606,0.028700
speech-replay,2.5731,0.042600
speech-replay,3.2069,0.026900
speech-replay,2.5361,0.023200
speech-replay,2.4918,0.021600
speech-replay,2.6242,0.084600
speech-replay,3.1036,0.026800
speech-replay,2.7830,0.020700
speech-replay,2.3266,0.022100
speech-replay,2.6330,0.024000
speech-replay,2.5024,0.019700
speech-replay,2.5152,0.020300
speech-replay,2.9576,0.035600
speech-replay,2.9799,0.021800
speech-replay,2.2812,0.027000
speech-replay,2.8428,0.028500
speech-replay,2.7066,0.023200
speech-replay,2.6710,0.025300
speech-replay,2.7438,0.024800
speech-replay,2.8587,0.075800
speech-replay,3.0480,0.024600
speech-replay,2.4138,0.023000
speech-replay,2.7692,0.028000
speech-replay,3.1669,0.028300
speech-replay,2.6211,0.024800
speech-replay,2.7742,0.026400
speech-replay,2.4602,0.022300
speech-replay,3.1477,0.027300
speech-replay,2.4314,0.021200
speech-replay,2.4199,0.025200
speech-replay,2.8447,0.023800
speech-replay,2.4424,0.019900
speech-replay,2.2427,0.022200
speech-replay,2.5896,0.035100
speech-replay,3.7580,0.027700
speech-replay,3.0614,0.035700
speech-replay,3.0987,0.022900
speech-replay,2.7852,0.026900
speech-replay,2.9083,0.034600
speech-replay,3.0562,0.031900
speech-replay,2.5795,0.022600
speech-replay,2.9598,0.025600
speech-replay,3.3397,0.024300
speech-replay,2.4494,0.023000
speech-replay,2.7861,0.029500
speech-replay,2.6951,0.030800
speech-replay,2.9502,0.022100
speech-replay,2.4370,0.021200
speech-replay,2.7636,0.024800
speech-replay,2.6905,0.032900
speech-replay,3.4058,0.026600
speech-replay,3.0566,0.026800
speech-replay,2.9160,0.025800
speech-replay,2.6301,0.026800
speech-replay,2.8801,0.025000
speech-replay,3.2265,0.034200
speech-replay,3.0880,0.029000
speech-replay,2.9223,0.021800
speech-replay,2.6226,0.024300
speech-replay,3.2878,0.024300
speech-replay,2.8029,0.030800
speech-replay,2.7316,0.024000
speech-replay,2.6513,0.021800
speech-replay,2.5722,0.022700
speech-replay,3.0639,0.036300
speech-replay,3.2451,0.027000
speech-replay,3.4378,0.070400
speech-replay,3.1729,0.023900
speech-replay,3.0720,0.029600
speech-replay,2.7903,0.024000
speech-replay,2.4356,0.032000
speech-replay,2.8525,0.040000
speech-replay,3.2253,0.030900
speech-replay,2.6358,0.022600
speech-replay,2.3818,0.020800
speech-replay,2.6324,0.021900
speech-replay,3.4030,0.094500
speech-replay,2.7523,0.022300
speech-replay,2.9172,0.026300
speech-replay,2.5708,0.022200
speech-replay,3.0639,0.037000
speech-replay,2.9676,0.022800
speech-replay,3.1044,0.026300
speech-replay,2.6392,0.024200
speech-replay,2.7100,0.025500
speech-replay,3.2365,0.026800
speech-replay,2.7704,0.026500
speech-replay,2.9391,0.032200
speech-replay,3.0668,0.026300
speech-replay,2.6188,0.021900
speech-replay,2.5859,0.020300
speech-replay,2.4625,0.021200
speech-replay,2.2608,0.020500
speech-replay,2.9142,0.029300
speech-replay,3.4817,0.024900
speech-replay,2.8924,0.027300
speech-replay,2.7360,0.022500
speech-replay,2.3907,0.021600
speech-replay,3.0164,0.026500
speech-replay,2.6792,0.030600
speech-replay,3.0452,0.031500
speech-replay,2.9766,0.024200
speech-replay,2.7084,0.024400
speech-replay,2.6156,0.032200
speech-replay,3.0679,0.026700
speech-replay,2.5912,0.021900
speech-replay,2.4937,0.020400
speech-replay,2.2506,0.020600
speech-replay,2.9201,0.027100
speech-replay,2.6842,0.021200
speech-replay,2.3906,0.027300
speech-replay,2.9179,0.023600
speech-replay,2.8357,0.024300
speech-replay,3.0002,0.026900
speech-replay,2.9826,0.027100
speech-replay,2.9202,0.029500
speech-replay,2.8233,0.022000
speech-replay,2.2682,0.020300
speech-replay,2.6086,0.023900
speech-replay,2.3735,0.023800
speech-replay,2.2152,0.020500
speech-replay,2.7148,0.037400
speech-replay,3.0601,0.029800
speech-replay,2.6529,0.025800
speech-replay,2.3344,0.020800
speech-replay,2.2578,0.023200
speech-replay,3.3175,0.032100
speech-replay,3.1342,0.028200
speech-replay,2.7073,0.025500
speech-replay,2.5984,0.024200
speech-replay,2.8080,0.025200
speech-replay,2.5360,0.028300
speech-replay,2.8704,0.025300
speech-replay,2.8876,0.036300
speech-replay,3.0976,0.024200
speech-replay,2.8155,0.021500
speech-replay,2.4841,0.022800
speech-replay,2.2961,0.025800
speech-replay,3.1243,0.032400
speech-replay,2.8197,0.022900
speech-replay,2.5319,0.022000
speech-replay,2.7749,0.027000
speech-replay,2.4596,0.020500
speech-replay,2.3305,0.020700
speech-replay,3.0847,0.031100
speech-replay,2.6072,0.021700
speech-replay,2.5025,0.023800
speech-replay,2.5686,0.022100
speech-replay,2.2552,0.025400
speech-replay,2.6046,0.028900
speech-replay,2.8521,0.023100
speech-replay,2.4354,0.020800
speech-replay,2.9769,0.027900
speech-replay,2.6897,0.021600
speech-replay,2.3952,0.024000
speech-replay,3.0384,0.025300
speech-replay,2.6898,0.023600
speech-replay,2.9731,0.025900
speech-replay,2.7348,0.021400
speech-replay,2.6312,0.030100
speech-replay,2.7237,0.025100
speech-replay,2.4595,0.021400
speech-replay,2.7263,0.020400
speech-replay,2.5242,0.023000
speech-replay,2.5308,0.028300
speech-replay,2.6030,0.025800
speech-replay,2.6188,0.023700
speech-replay,2.7822,0.027200
speech-replay,3.8181,0.032400
speech-replay,2.7618,0.047200
speech-replay,2.9322,0.027800
speech-replay,2.4395,0.021000
speech-replay,2.5146,0.023300
speech-replay,2.5039,0.020700
speech-replay,2.6027,0.027700
speech-replay,2.8183,0.028500
speech-replay,2.5409,0.022300
speech-replay,2.6140,0.022900
speech-replay,2.9046,0.021600
speech-replay,2.5419,0.021100
speech-replay,2.4062,0.022600
speech-replay,2.9770,0.027500
speech-replay,2.8750,0.027900
speech-replay,2.4546,0.021000
speech-replay,2.4022,0.020600
speech-replay,2.6397,0.024300
speech-replay,2.5051,0.022000
speech-replay,2.3135,0.026100
speech-replay,2.9385,0.038800
speech-replay,3.3823,0.030400
speech-replay,2.6684,0.027400
speech-replay,2.4774,0.025600
speech-replay,2.4523,0.021200
speech-replay,3.0318,0.027500
speech-replay,2.7389,0.029100
speech-replay,3.0286,0.039200
speech-replay,3.0609,0.021900
speech-replay,2.3725,0.022100
speech-replay,2.8068,0.026900
speech-replay,2.6109,0.021000
speech-replay,3.1572,0.026700
speech-replay,2.6547,0.024900
speech-replay,2.4858,0.021000
speech-replay,2.6020,0.021400
speech-replay,2.7086,0.021900
speech-replay,2.5766,0.020200
speech-replay,3.0107,0.028400
speech-replay,2.5362,0.025600
speech-replay,2.6530,0.021000
speech-replay,2.5342,0.019700
speech-replay,2.5717,0.021500
speech-replay,2.5911,0.022800
speech-replay,3.2475,0.024100
speech-replay,2.6478,0.023600
speech-replay,2.8738,0.021100
speech-replay,2.6067,0.021300
speech-replay,2.5020,0.021900
speech-replay,2.8962,0.053300
speech-replay,3.6258,0.028900
speech-replay,2.9678,0.031400
speech-replay,2.6936,0.025400
speech-replay,2.7232,0.027000
speech-replay,2.3359,0.020900
speech-replay,2.9826,0.027200
speech-replay,2.6613,0.024300
speech-replay,2.7234,0.027900
speech-replay,2.7814,0.023800
speech-replay,2.4346,0.024900
speech-replay,2.6150,0.024700
speech-replay,2.9587,0.023900
speech-replay,2.4424,0.020900
speech-replay,3.1574,0.064200
speech-replay,3.0132,0.028700
speech-replay,2.9352,0.034000
speech-replay,3.1764,0.028800
speech-replay,2.6881,0.024900
speech-replay,2.9595,0.032000
speech-replay,2.6360,0.026200
speech-replay,2.9275,0.023700
speech-replay,2.9696,0.026800
speech-replay,2.7860,0.031200
speech-replay,3.0573,0.024300
speech-replay,2.4216,0.020600
speech-replay,2.6857,0.023700
speech-replay,2.4942,0.028400
speech-replay,2.3509,0.027600
speech-replay,3.3968,0.026900
speech-replay,2.4938,0.027900
speech-replay,2.3808,0.022700
speech-replay,2.7679,0.027500
speech-replay,2.3799,0.019000
speech-replay,3.0150,0.033200
speech-replay,2.9828,0.030400
speech-replay,2.9504,0.025300
speech-replay,2.8710,0.022900
speech-replay,2.5998,0.026200
speech-replay,2.7368,0.026700
speech-replay,2.6019,0.021600
speech-replay,3.2546,0.029700
speech-replay,3.0397,0.026100
speech-replay,2.5236,0.028400
speech-replay,2.7164,0.025400
speech-replay,2.6961,0.024100
speech-replay,2.8175,0.024700
speech-replay,3.7164,0.024800
speech-replay,3.0729,0.028600
speech-replay,3.0797,0.024300
speech-replay,2.6956,0.029000
speech-replay,2.8676,0.026300
speech-replay,2.8287,0.025300
speech-replay,3.2894,0.053800
speech-replay,3.4711,0.034500
speech-replay,2.8279,0.028100
speech-replay,2.5507,0.022500
speech-replay,2.6297,0.028400
speech-replay,2.9367,0.032800
speech-replay,3.3128,0.024800
speech-replay,2.8686,0.035700
speech-replay,3.1833,0.023400
speech-replay,2.4097,0.023900
speech-replay,2.4484,0.023100
speech-replay,2.2543,0.021300
speech-replay,2.5812,0.054000
speech-replay,3.6363,0.027900
speech-replay,2.7342,0.023900
speech-replay,2.9520,0.026000
speech-replay,2.3869,0.020900
speech-replay,2.7033,0.027000
speech-replay,3.0484,0.041800
speech-replay,3.0847,0.026200
speech-replay,3.1728,0.026800
speech-replay,2.6752,0.028600
speech-replay,2.7218,0.023700
speech-replay,2.7688,0.022900
speech-replay,2.8126,0.021300
speech-replay,2.3185,0.022200
speech-replay,2.3833,0.021600
speech-replay,2.9381,0.036200
speech-replay,2.8752,0.026800
speech-replay,2.9751,0.036600
speech-replay,3.3638,0.028500
speech-replay,2.9374,0.036200
speech-replay,3.3676,0.027800
speech-replay,2.9037,0.021600
speech-replay,2.9345,0.033700
speech-replay,2.8009,0.031700
speech-replay,2.9415,0.025700
speech-replay,2.9098,0.022800
speech-replay,2.4026,0.021600
speech-replay,3.1700,0.037000
speech-replay,3.3055,0.023100
speech-replay,2.5073,0.023000
speech-replay,2.4798,0.027000
speech-replay,2.6299,0.027000
speech-replay,2.9035,0.030400
speech-replay,2.8006,0.023300
speech-replay,2.6754,0.030100
speech-replay,3.6488,0.027200
speech-replay,2.8735,0.033100
speech-replay,3.1241,0.026300
speech-replay,2.5075,0.021900
speech-replay,2.3775,0.022500
speech-replay,2.4399,0.022300
speech-replay,2.4091,0.021100
speech-replay,3.1318,0.029600
speech-replay,2.7050,0.030900
speech-replay,2.5279,0.022600
speech-replay,2.5692,0.021000
speech-replay,2.3602,0.022400
speech-replay,2.6502,0.022600
speech-replay,2.9223,0.026400
speech-replay,2.9630,0.030600
speech-replay,2.6005,0.024900
speech-replay,2.3375,0.021300
speech-replay,2.1771,0.019600
speech-replay,2.8122,0.021400
speech-replay,2.3929,0.020600
speech-replay,3.0583,0.031400
speech-replay,3.6547,0.034100
speech-replay,3.3438,0.026100
speech-replay,2.5936,0.027100
speech-replay,2.3940,0.031000
speech-replay,3.0811,0.037300
speech-replay,2.7851,0.021500
speech-replay,2.7411,0.022800
speech-replay,2.7244,0.025400
speech-replay,2.7442,0.025300
speech-replay,2.9026,0.029600
speech-replay,2.7694,0.023700
speech-replay,2.9652,0.039000
speech-replay,2.6756,0.023100
speech-replay,2.4612,0.034700
speech-replay,2.8432,0.022900
speech-replay,2.6012,0.026900
speech-replay,2.7349,0.026000
speech-replay,2.7539,0.022400
speech-replay,2.4617,0.032100
speech-replay,3.0809,0.029100
speech-replay,2.5375,0.021600
speech-replay,2.7721,0.026600
speech-replay,3.2309,0.028400
speech-replay,2.5216,0.026900
speech-replay,3.3082,0.024300
speech-replay,2.8817,0.023200
speech-replay,3.5075,0.045400
speech-replay,3.2168,0.027500
speech-replay,3.0180,0.027400
speech-replay,2.7630,0.026900
speech-replay,2.4364,0.021800
speech-replay,2.6207,0.024600
speech-replay,2.6293,0.025900
speech-replay,2.7332,0.025800
speech-replay,2.7668,0.023000
speech-replay,2.2741,0.022400
speech-replay,2.4908,0.022100
speech-replay,2.5110,0.021600
speech-replay,2.3998,0.023600
speech-replay,3.2109,0.029900
speech-replay,2.5432,0.038200
speech-replay,2.9554,0.025300
speech-replay,2.6214,0.022100
speech-replay,2.2890,0.020200
speech-replay,2.4172,0.021300
speech-replay,2.6584,0.029200
speech-replay,2.6632,0.037800
speech-replay,2.9523,0.023800
speech-replay,2.7130,0.020700
speech-replay,2.6909,0.027100
speech-replay,2.7495,0.022700
speech-replay,2.8362,0.023600
speech-replay,2.3585,0.020400
speech-replay,2.1666,0.020300
speech-replay,2.4229,0.026800
speech-replay,2.7207,0.029600
speech-replay,2.7224,0.022700
speech-replay,2.5962,0.022700
speech-replay,2.6680,0.022500
speech-replay,2.7949,0.030700
speech-replay,2.9830,0.026500
speech-replay,2.8605,0.026300
speech-replay,2.7913,0.023300
speech-replay,2.5659,0.023800
speech-replay,2.4289,0.027800
speech-replay,2.6664,0.023800
speech-replay,2.4874,0.025600
speech-replay,2.7757,0.022600
speech-replay,2.4697,0.020800
speech-replay,2.2597,0.018900
speech-replay,2.6844,0.025000
speech-replay,2.7876,0.023500
speech-replay,2.7601,0.028400
speech-replay,3.5255,0.027400
speech-replay,3.0035,0.024200
speech-replay,2.7108,0.025500
speech-replay,2.6252,0.022900
speech-replay,2.5182,0.026800
speech-replay,3.6666,0.025800
speech-replay,2.9059,0.033500
speech-replay,3.4890,0.024500
speech-replay,2.3987,0.020300
speech-replay,2.3374,0.020900
speech-replay,2.9808,0.022100
speech-replay,3.0161,0.037500
speech-replay,2.8759,0.024000
speech-replay,2.4794,0.021400
speech-replay,2.6662,0.020900
speech-replay,2.5276,0.019500
speech-replay,2.5399,0.028000
speech-replay,3.5471,0.025100
speech-replay,2.4820,0.020800
speech-replay,2.8356,0.023600
speech-replay,2.5170,0.021800
speech-replay,2.2567,0.022900
speech-replay,3.1474,0.025400
speech-replay,3.0265,0.028700
speech-replay,2.6270,0.023900
speech-replay,2.3498,0.025800
speech-replay,2.2622,0.019700
speech-replay,2.9313,0.025500
speech-replay,2.8092,0.029000
speech-replay,2.7933,0.037500
speech-replay,2.9567,0.022600
speech-replay,2.7306,0.027900
speech-replay,2.8239,0.029200
speech-replay,3.1562,0.031100
speech-replay,3.3319,0.028300
speech-replay,3.4418,0.065800
speech-replay,2.7052,0.032700
speech-replay,2.7155,0.030100
speech-replay,2.4489,0.019400
speech-replay,3.1311,0.033400
speech-replay,2.9092,0.026100
speech-replay,2.6825,0.031600
speech-replay,2.5913,0.022400
speech-replay,2.4643,0.021900
speech-replay,3.2155,0.028600
speech-replay,3.1610,0.024300
speech-replay,2.6531,0.026200
speech-replay,2.8799,0.027400
speech-replay,2.5532,0.030800
speech-replay,3.1170,0.031200
speech-replay,2.5613,0.022600
speech-replay,2.2862,0.024400
speech-replay,2.7719,0.023900
speech-replay,2.2527,0.021600
speech-replay,2.7186,0.069600
speech-replay,3.0099,0.022500
speech-replay,2.7960,0.029800
speech-replay,3.5153,0.032000
speech-replay,2.6403,0.021200
speech-replay,2.8428,0.026300
speech-replay,2.9469,0.024300
speech-replay,3.4799,0.035300
speech-replay,3.7407,0.034300
speech-replay,3.0215,0.032700
speech-replay,2.9974,0.029300
speech-replay,2.9892,0.031700
speech-replay,2.8767,0.024700
speech-replay,2.6175,0.022900
speech-replay,2.7660,0.033600
speech-replay,3.0022,0.026300
speech-replay,2.9669,0.027700
speech-replay,2.7826,0.023700
speech-replay,2.4407,0.020900
speech-replay,3.4185,0.027300
speech-replay,2.8561,0.026800
speech-replay,3.2050,0.026200
speech-replay,2.7542,0.041800
speech-replay,2.8533,0.029800
speech-replay,2.8343,0.025800
speech-replay,2.5026,0.026300
speech-replay,2.9337,0.025700
speech-replay,2.9580,0.024100
speech-replay,2.5775,0.027500
speech-replay,2.5862,0.022700
speech-replay,2.7876,0.024400
speech-replay,2.3935,0.022300
speech-replay,2.4732,0.020500
speech-replay,3.5306,0.038300
speech-replay,2.9511,0.031800
speech-replay,2.9175,0.026100
speech-replay,3.5024,0.026500
speech-replay,2.8026,0.022100
speech-replay,3.2350,0.031000
speech-replay,2.8307,0.024000
speech-replay,2.4201,0.024800
speech-replay,2.5001,0.025200
speech-replay,2.6736,0.023800
speech-replay,2.7413,0.036000
speech-replay,3.3460,0.025300
speech-replay,2.4656,0.026300
speech-replay,2.7980,0.021500
speech-replay,2.4614,0.021700
speech-replay,2.7184,0.028000
speech-replay,3.9197,0.027800
speech-replay,2.7684,0.034800
speech-replay,3.0422,0.028700
speech-replay,2.5036,0.021800
speech-replay,2.6658,0.024700
speech-replay,2.6653,0.026100
speech-replay,2.7202,0.025700
speech-replay,3.0314,0.032000
speech-replay,2.6883,0.024000
speech-replay,2.7400,0.023000
speech-replay,2.3550,0.019900
speech-replay,2.4777,0.022000
speech-replay,2.9779,0.026200
speech-replay,2.8303,0.027700
speech-replay,2.7545,0.022600
speech-replay,2.6057,0.022100
speech-replay,2.3301,0.019100
speech-replay,3.1963,0.091300
speech-replay,2.6409,0.022500
speech-replay,2.6906,0.048200
speech-replay,3.2421,0.031800
speech-replay,2.9350,0.027600
speech-replay,3.2266,0.027700
speech-replay,2.9945,0.022100
speech-replay,2.8392,0.026500
speech-replay,2.8043,0.027900
speech-replay,2.9106,0.027700
speech-replay,2.6153,0.021700
speech-replay,2.3305,0.023000
speech-replay,2.4107,0.020300
speech-replay,2.4207,0.020900
speech-replay,2.5161,0.022200
speech-replay,2.4380,0.020900
speech-replay,2.3966,0.020900
speech-replay,2.5636,0.022200
speech-replay,2.8950,0.021100
speech-replay,2.5390,0.022300
speech-replay,2.9391,0.023400
speech-replay,2.3974,0.020800
speech-replay,2.3091,0.023100
speech-replay,2.8113,0.024900
speech-replay,2.4329,0.020700
speech-replay,2.3458,0.022700
speech-replay,2.4225,0.026300
speech-replay,2.6718,0.024500
speech-replay,2.6916,0.021600
speech-replay,2.8300,0.024800
speech-replay,2.3552,0.020500
speech-replay,2.8022,0.026100
speech-replay,3.1935,0.028700
speech-replay,2.8315,0.028600
speech-replay,2.5797,0.029700
speech-replay,3.2803,0.024600
speech-replay,2.7245,0.024400
speech-replay,2.3779,0.019600
speech-replay,2.4603,0.025000
speech-replay,2.5943,0.026800
speech-replay,3.4141,0.028400
speech-replay,3.1207,0.028900
speech-replay,2.8549,0.026800
speech-replay,3.5447,0.034600
speech-replay,3.7293,0.031300
speech-replay,4.5470,0.045300
speech-replay,5.6574,0.046400
speech-replay,3.6238,0.032100
speech-replay,4.0624,0.045500
speech-replay,4.1159,0.042100
speech-replay,4.6395,0.037600
speech-replay,3.4667,0.050500
speech-replay,3.9754,0.029200
speech-replay,2.9239,0.027300
speech-replay,3.2814,0.029500
speech-replay,3.1116,0.032900
speech-replay,3.2949,0.036300
speech-replay,3.1620,0.031400
speech-replay,3.5766,0.037300
speech-replay,3.7921,0.049800
speech-replay,3.2902,0.036200
speech-replay,3.1717,0.040800
speech-replay,3.8332,0.030100
speech-replay,2.7995,0.024900
speech-replay,2.6833,0.024500
speech-replay,2.6153,0.027400
speech-replay,2.9040,0.026200
speech-replay,3.6397,0.045200
speech-replay,3.2452,0.029300
speech-replay,3.0329,0.026300
speech-replay,2.7800,0.022900
speech-replay,3.0736,0.030300
speech-replay,3.0703,0.027200
speech-replay,4.5389,0.057200
speech-replay,5.1266,0.036900
speech-replay,3.9060,0.038600
speech-replay,3.9560,0.060300
speech-replay,4.4270,0.032900
speech-replay,3.5795,0.032800
speech-replay,3.7266,0.042900
speech-replay,3.8551,0.229900
speech-replay,3.7348,0.038300
speech-replay,4.2203,0.034100
speech-replay,3.7454,0.042100
speech-replay,3.5103,0.029300
speech-replay,2.8810,0.026300
speech-replay,2.9049,0.029500
speech-replay,3.4417,0.052600
speech-replay,3.9645,0.030300
speech-replay,3.3526,0.027400
speech-replay,2.7782,0.023200
speech-replay,2.3378,0.023000
speech-replay,3.2592,0.032600
speech-replay,3.4568,0.033000
speech-replay,2.9974,0.031400
speech-replay,2.5209,0.026100
speech-replay,2.8705,0.023600
speech-replay,2.7098,0.024800
speech-replay,2.7162,0.028100
speech-replay,2.9402,0.026700
speech-replay,2.6520,0.029100
speech-replay,2.8827,0.025300
speech-replay,3.1699,0.084700
speech-replay,4.6937,0.041000
speech-replay,3.3117,0.027800
speech-replay,2.8763,0.036800
speech-replay,3.1123,0.028000
speech-replay,3.1811,0.038400
speech-replay,4.3499,0.037200
speech-replay,4.1608,0.035700
speech-replay,3.2874,0.051200
speech-replay,2.7912,0.091800
speech-replay,4.3695,0.049400
speech-replay,3.3217,0.027500
speech-replay,3.4280,0.032700
speech-replay,2.9975,0.026900
speech-replay,3.4756,0.084000
speech-replay,3.1999,0.024900
speech-replay,2.5954,0.024400
speech-replay,3.1356,0.026500
speech-replay,3.1945,0.030900
speech-replay,3.3732,0.032900
speech-replay,3.5145,0.025600
speech-replay,2.9397,0.028900
speech-replay,3.1937,0.029000
speech-replay,2.7595,0.026600
speech-replay,3.0373,0.027500
speech-replay,3.8534,0.034600
speech-replay,3.2242,0.030700
speech-replay,3.1036,0.024600
speech-replay,2.9726,0.035600
speech-replay,3.6282,0.030000
speech-replay,3.2346,0.026900
speech-replay,3.4010,0.040700
speech-replay,3.5061,0.031800
speech-replay,2.8828,0.034400
speech-replay,3.0490,0.023300
speech-replay,2.6508,0.026400
speech-replay,2.6230,0.024200
speech-replay,3.2105,0.037100
speech-replay,3.0724,0.026700
speech-replay,2.8007,0.024200
speech-replay,2.8143,0.026800
speech-replay,2.6801,0.023700
speech-replay,2.4674,0.034400
speech-replay,3.2037,0.031000
speech-replay,3.2553,0.029800
speech-replay,3.0781,0.034500
speech-replay,3.0569,0.031100
speech-replay,3.0404,0.043800
speech-replay,3.3184,0.023900
speech-replay,3.3330,0.026800
speech-replay,3.5443,0.050200
speech-replay,3.2622,0.034200
speech-replay,3.0996,0.027200
speech-replay,2.8028,0.059200
speech-replay,3.9917,0.034600
speech-replay,3.8688,0.046500
speech-replay,3.6244,0.029900
speech-replay,2.8795,0.032000
speech-replay,3.2060,0.029200
speech-replay,2.9079,0.035900
speech-replay,3.2585,0.031700
speech-replay,3.0648,0.050200
speech-replay,3.0048,0.038200
speech-replay,3.0294,0.028400
speech-replay,2.6849,0.026700
speech-replay,2.6968,0.030000
speech-replay,2.8194,0.032300
speech-replay,3.9685,0.041100
speech-replay,3.3786,0.054000
speech-replay,3.5857,0.027900
speech-replay,3.0766,0.033000
speech-replay,2.7299,0.025800
speech-replay,3.1119,0.034700
speech-replay,3.6645,0.039300
speech-replay,3.3487,0.027000
speech-replay,3.2019,0.031900
speech-replay,3.0464,0.033000
speech-replay,3.2291,0.035700
speech-replay,3.3015,0.031100
speech-replay,3.6777,0.048100
speech-replay,3.6346,0.033000
speech-replay,3.1449,0.027700
speech-replay,3.3357,0.052800
speech-replay,3.9946,0.031800
speech-replay,3.9995,0.050100
speech-replay,3.0127,0.026100
speech-replay,2.7508,0.025000
speech-replay,2.5275,0.044500
speech-replay,3.4788,0.039700
speech-replay,3.8425,0.043300
speech-replay,3.3289,0.035000
speech-replay,3.0436,0.034200
speech-replay,3.4957,0.037400
speech-replay,3.0609,0.029900
speech-replay,4.1392,0.040000
speech-replay,3.4616,0.034200
speech-replay,3.4727,0.032100
speech-replay,2.9904,0.027100
speech-replay,3.1852,0.030800
speech-replay,2.9723,0.029900
speech-replay,3.2393,0.036600
speech-replay,3.2051,0.025800
speech-replay,3.3659,0.035500
speech-replay,3.4581,0.029500
speech-replay,3.1478,0.033300
speech-replay,3.1302,0.028600
speech-replay,3.2049,0.032100
speech-replay,3.5671,0.038400
speech-replay,3.2166,0.039300
speech-replay,3.3998,0.029100
speech-replay,2.8093,0.044000
speech-replay,4.0503,0.035700
speech-replay,3.8770,0.038400
speech-replay,3.4210,0.066700
speech-replay,3.9509,0.045400
speech-replay,3.7683,0.031200
speech-replay,3.4657,0.042700
speech-replay,3.5973,0.030200
speech-replay,3.4945,0.030000
speech-replay,3.8183,0.036100
speech-replay,3.3721,0.033900
speech-replay,3.4041,0.028900
speech-replay,3.4488,0.059300
speech-replay,3.4127,0.030200
speech-replay,3.2204,0.033700
speech-replay,3.4506,0.063700
speech-replay,3.2322,0.031900
speech-replay,3.0594,0.029700
speech-replay,3.5439,0.031000
speech-replay,3.0190,0.032400
speech-replay,2.8283,0.026600
speech-replay,3.2791,0.032400
speech-replay,3.2221,0.079300
speech-replay,3.4355,0.045900
speech-replay,4.1879,0.034700
speech-replay,3.0324,0.030100
speech-replay,2.7296,0.023200
speech-replay,2.8483,0.029500
speech-replay,3.1450,0.068400
speech-replay,3.4009,0.030100
speech-replay,2.8997,0.025000
speech-replay,2.5453,0.021700
speech-replay,2.6606,0.030000
speech-replay,3.4715,0.029600
speech-replay,3.1408,0.026500
speech-replay,3.3670,0.029200
speech-replay,2.9949,0.032400
speech-replay,2.7842,0.023400
speech-replay,2.7825,0.023900
speech-replay,2.6013,0.022900
speech-replay,3.0793,0.025800
speech-replay,2.7557,0.025100
speech-replay,2.4870,0.020500
speech-replay,2.7009,0.035900
speech-replay,3.5341,0.024700
speech-replay,2.5683,0.021300
speech-replay,2.7494,0.024000
speech-replay,2.6657,0.025100
speech-replay,2.1912,0.027800
speech-replay,3.7182,0.044400
speech-replay,3.3357,0.038500
speech-replay,3.5518,0.040700
speech-replay,3.1235,0.027400
speech-replay,3.0704,0.027300
speech-replay,3.0562,0.029200
speech-replay,2.7243,0.025300
speech-replay,2.7343,0.024600
speech-replay,2.7226,0.024400
speech-replay,3.3638,0.026600
speech-replay,2.7686,0.032700
speech-replay,2.7933,0.022500
speech-replay,2.7305,0.027600
speech-replay,2.8906,0.027600
speech-replay,2.7899,0.022900
speech-replay,2.2696,0.021000
speech-replay,2.8850,0.032700
speech-replay,4.0361,0.027600
speech-replay,3.2520,0.028800
speech-replay,2.7036,0.022300
speech-replay,2.3001,0.020900
speech-replay,2.4558,0.022200
speech-replay,3.0116,0.024400
speech-replay,2.8991,0.026000
speech-replay,2.8765,0.030500
speech-replay,2.7008,0.030500
speech-replay,2.5181,0.021500
speech-replay,2.3416,0.021100
speech-replay,3.3514,0.026600
speech-replay,2.4925,0.024600
speech-replay,2.8895,0.031000
speech-replay,3.0485,0.024600
speech-replay,2.6559,0.025100
speech-replay,2.7546,0.021900
speech-replay,2.9461,0.021800
speech-replay,3.0793,0.035500
speech-replay,3.2868,0.026700
speech-replay,2.8892,0.028200
speech-replay,2.8306,0.026600
speech-replay,2.9493,0.023400
speech-replay,2.3125,0.020400
speech-replay,2.4030,0.020900
speech-replay,2.8624,0.026700
speech-replay,2.7634,0.026200
speech-replay,2.8706,0.027200
speech-replay,3.2639,0.019900
speech-replay,2.4901,0.021000
speech-replay,2.2288,0.016700
speech-replay,2.7516,0.026500
speech-replay,2.8837,0.020400
speech-replay,2.4906,0.022200
speech-replay,2.6211,0.018100
speech-replay,2.4793,0.020400
speech-replay,2.5077,0.023900
speech-replay,2.6241,0.020800
speech-replay,2.4034,0.026300
speech-replay,3.1198,0.036200
speech-replay,3.1495,0.026600
speech-replay,2.5354,0.020800
speech-replay,2.3548,0.019300
speech-replay,2.5602,0.017300
speech-replay,2.5421,0.023000
speech-replay,3.2529,0.027400
speech-replay,2.8872,0.023400
speech-replay,2.6957,0.031700
speech-replay,2.7963,0.020900
speech-replay,2.7394,0.022800
speech-replay,2.7075,0.024000
speech-replay,2.8836,0.024500
speech-replay,2.7115,0.022600
speech-replay,2.7896,0.024100
speech-replay,2.9162,0.025800
speech-replay,2.4390,0.020100
speech-replay,2.2586,0.020000
speech-replay,2.4781,0.019000
speech-replay,2.9219,0.019600
speech-replay,2.7474,0.023400
speech-replay,2.3327,0.025800
speech-replay,2.7335,0.022800
speech-replay,2.9279,0.024600
speech-replay,2.5142,0.019500
speech-replay,2.3413,0.016700
speech-replay,2.6373,0.023400
speech-replay,2.6427,0.026100
speech-replay,2.4907,0.024900
speech-replay,2.9698,0.024400
speech-replay,2.7502,0.018200
speech-replay,2.5744,0.021300
speech-replay,2.3268,0.018300
speech-replay,2.4668,0.028000
speech-replay,2.6915,0.020600
speech-replay,2.5542,0.019100
speech-replay,2.8035,0.023900
speech-replay,2.7038,0.020000
speech-replay,2.4084,0.021400
speech-replay,2.6934,0.582100
speech-replay,24.9666,0.030200
speech-replay,4.0809,0.027800
speech-replay,3.0773,0.029200
speech-replay,3.3225,0.024500
speech-replay,2.8014,0.037900
speech-replay,2.8913,0.024100
speech-replay,2.5871,0.022900
speech-replay,2.3277,0.017900
speech-replay,3.1562,0.035000
speech-replay,2.9824,0.019500
speech-replay,3.1039,0.021800
speech-replay,2.6470,0.018700
speech-replay,2.5356,0.021700
speech-replay,2.5290,0.021200
speech-replay,2.2419,0.020400
speech-replay,2.8236,0.040700
speech-replay,2.9469,0.022500
speech-replay,2.3480,0.018300
speech-replay,2.2019,0.018400
speech-replay,2.8758,0.057300
speech-replay,2.9579,0.021300
speech-replay,2.6958,0.022600
speech-replay,2.7608,0.021400
speech-replay,2.8473,0.039400
speech-replay,3.2276,0.023800
speech-replay,2.5182,0.019700
speech-replay,2.5834,0.019500
speech-replay,2.5585,0.019200
speech-replay,2.5081,0.024400
speech-replay,2.7256,0.019100
speech-replay,2.1553,0.018100
speech-replay,2.2979,0.017700
speech-replay,2.4545,0.018800
speech-replay,2.5080,0.020800
speech-replay,2.9249,0.025900
speech-replay,2.8703,0.022600
speech-replay,2.9980,0.027700
speech-replay,2.9988,0.023500
speech-replay,2.5683,0.022500
speech-replay,2.9301,0.022000
speech-replay,2.6699,0.021500
speech-replay,2.5929,0.031100
speech-replay,2.8763,0.023900
speech-replay,2.4805,0.018700
speech-replay,2.9066,0.030800
speech-replay,3.1359,0.027400
speech-replay,2.4432,0.022500
speech-replay,2.7219,0.020200
speech-replay,2.7249,0.023100
speech-replay,3.1583,0.040700
speech-replay,2.7339,0.021600
speech-replay,2.2502,0.021000
speech-replay,2.4613,0.020900
speech-replay,2.3948,0.022300
speech-replay,2.3715,0.022300
speech-replay,2.7768,0.022900
speech-replay,2.6700,0.023400
speech-replay,3.4140,0.028500
speech-replay,3.1213,0.025500
speech-replay,2.6628,0.024000
speech-replay,2.5295,0.021000
speech-replay,2.9430,0.028500
speech-replay,3.3521,0.032500
speech-replay,2.7287,0.022400
speech-replay,2.4965,0.025400
speech-replay,2.4076,0.021900
speech-replay,2.9978,0.035100
speech-replay,2.9422,0.026500
speech-replay,2.4872,0.019800
speech-replay,2.5541,0.022600
speech-replay,2.4304,0.020000
speech-replay,2.4251,0.020700
speech-replay,2.5229,0.021100
speech-replay,2.7554,0.027000
speech-replay,2.7501,0.036700
speech-replay,3.7580,0.036100
speech-replay,2.9465,0.023900
speech-replay,3.6827,0.038500
speech-replay,2.8174,0.023600
speech-replay,2.7299,0.027600
speech-replay,2.7476,0.025400
speech-replay,2.5112,0.033700
speech-replay,3.0735,0.022100
speech-replay,2.3672,0.032900
speech-replay,2.9899,0.032500
speech-replay,2.9944,0.023700
speech-replay,2.3775,0.024500
speech-replay,2.4127,0.026100
speech-replay,2.6100,0.022200
speech-replay,2.8080,0.042700
speech-replay,3.4033,0.029700
speech-replay,2.8188,0.024100
speech-replay,2.5692,0.023600
speech-replay,2.5992,0.022600
speech-replay,2.7304,0.020900
speech-replay,2.7732,0.022600
speech-replay,2.7442,0.029300
speech-replay,3.1661,0.033500
speech-replay,2.5817,0.020900
speech-replay,2.6622,0.026600
speech-replay,2.3679,0.028200
speech-replay,2.5716,0.024800
speech-replay,2.9490,0.034300
speech-replay,3.5641,0.026000
speech-replay,3.3433,0.027500
speech-replay,2.8624,0.022700
speech-replay,2.8071,0.024500
speech-replay,2.5422,0.020900
speech-replay,2.7086,0.022500
speech-replay,3.2044,0.028800
speech-replay,2.7372,0.023600
speech-replay,2.3898,0.023000
speech-replay,2.8756,0.059800
speech-replay,2.8880,0.021500
speech-replay,2.8151,0.023000
speech-replay,2.5766,0.023900
speech-replay,2.7428,0.032700
speech-replay,2.5642,0.023200
speech-replay,2.4148,0.021500
speech-replay,2.8342,0.029800
speech-replay,3.2043,0.023500
speech-replay,2.8192,0.023400
speech-replay,2.8152,0.024500
speech-replay,2.6894,0.022000
speech-replay,2.4619,0.021700
speech-replay,2.6413,0.021800
speech-replay,2.4680,0.018100
speech-replay,2.8573,0.022000
speech-replay,2.7686,0.025300
speech-replay,2.8300,0.027000
speech-replay,2.9336,0.022400
speech-replay,2.4510,0.019500
speech-replay,2.5114,0.022700
speech-replay,2.8729,0.022400
speech-replay,2.6073,0.026700
speech-replay,2.8680,0.028400
speech-replay,3.1558,0.031600
speech-replay,3.1141,0.025900
speech-replay,2.6526,0.020200
speech-replay,3.1966,0.029000
speech-replay,2.7639,0.027000
speech-replay,2.7907,0.025800
speech-replay,3.3663,0.027000
speech-replay,2.4584,0.019900
speech-replay,2.7258,0.028600
speech-replay,2.5106,0.020100
speech-replay,2.3437,0.037400
speech-replay,3.0226,0.022400
speech-replay,2.2836,0.020600
speech-replay,2.3927,0.020400
speech-replay,2.4626,0.023000
speech-replay,2.5019,0.022300
speech-replay,2.5100,0.023500
speech-replay,3.0394,0.021600
speech-replay,2.3564,0.020500
speech-replay,2.8264,0.026700
speech-replay,2.7941,0.024800
speech-replay,2.6845,0.020500
speech-replay,2.3395,0.021000
speech-replay,2.3167,0.020600
speech-replay,2.8100,0.025200
speech-replay,2.6114,0.019700
speech-replay,2.2275,0.018700
speech-replay,2.2644,0.020600
speech-replay,2.2964,0.022900
speech-replay,2.3985,0.020700
speech-replay,2.7465,0.021500
speech-replay,2.1438,0.018300
speech-replay,2.1287,0.018400
speech-replay,2.7549,0.025500
speech-replay,2.6684,0.023900
speech-replay,2.4371,0.022900
speech-replay,2.7836,0.039200
speech-replay,2.8521,0.022800
speech-replay,2.6166,0.025700
speech-replay,2.6444,0.020300
speech-replay,2.4445,0.026100
speech-replay,2.7135,0.023100
speech-replay,2.7466,0.024800
speech-replay,3.2964,0.024100
speech-replay,2.9494,0.028000
speech-replay,2.9175,0.030000
speech-replay,2.5654,0.023800
speech-replay,2.4588,0.019100
speech-replay,2.5156,0.024300
speech-replay,2.8894,0.025400
speech-replay,2.5987,0.024300
speech-replay,3.2200,0.024800
speech-replay,2.4632,0.024400
speech-replay,2.4407,0.021300
speech-replay,2.4973,0.024600
speech-replay,2.4173,0.020500
speech-replay,3.0721,0.026900
speech-replay,3.1514,0.024100
speech-replay,2.6599,0.023900
speech-replay,2.5968,0.021500
speech-replay,2.3649,0.021100
speech-replay,2.9830,0.025400
speech-replay,2.6095,0.023700
speech-replay,3.0454,0.038000
speech-replay,3.2432,0.025500
speech-replay,2.5249,0.024100
speech-replay,2.6099,0.023900
speech-replay,2.5396,0.024100
speech-replay,2.8567,0.021200
speech-replay,2.9027,0.025500
speech-replay,2.3308,0.019900
speech-replay,2.5496,0.035900
speech-replay,2.6745,0.021400
speech-replay,2.7306,0.032400
speech-replay,3.4940,0.028200
speech-replay,2.9609,0.022500
speech-replay,2.4307,0.022000
speech-replay,2.2080,0.020500
speech-replay,2.4886,0.022900
speech-replay,2.7505,0.026500
speech-replay,2.6584,0.031100
speech-replay,2.5432,0.029400
speech-replay,2.7853,0.025500
speech-replay,2.5041,0.020400
speech-replay,2.7793,0.022000
speech-replay,2.4349,0.021000
speech-replay,2.1973,0.024200
speech-replay,2.6934,0.026100
speech-replay,2.5791,0.020300
speech-replay,2.4904,0.023600
speech-replay,2.7710,0.023800
speech-replay,2.9194,0.021900
speech-replay,2.9887,0.040400
speech-replay,3.1064,0.024400
speech-replay,2.3879,0.023400
speech-replay,2.4680,0.027900
speech-replay,2.7986,0.020800
speech-replay,2.4668,0.024100
speech-replay,2.4623,0.022500
speech-replay,2.3589,0.026300
speech-replay,2.7250,0.021000
speech-replay,2.5271,0.020300
speech-replay,2.2137,0.019900
speech-replay,2.2686,0.020700
speech-replay,2.3559,0.020300
speech-replay,2.3574,0.021300
speech-replay,2.9033,0.022600
speech-replay,2.2698,0.019200
speech-replay,2.2011,0.029500
speech-replay,2.5907,0.031800
speech-replay,2.7129,0.021900
speech-replay,2.6305,0.023100
speech-replay,2.3475,0.024300
speech-replay,2.6902,0.021800
speech-replay,2.4996,0.025600
speech-replay,2.9258,0.032200
speech-replay,2.7860,0.025700
speech-replay,2.3712,0.023400
speech-replay,2.1166,0.020900
speech-replay,2.3267,0.025100
speech-replay,2.8706,0.024000
speech-replay,2.4262,0.023300
speech-replay,2.4588,0.029800
speech-replay,2.7722,0.024000
speech-replay,2.6479,0.021700
speech-replay,3.1031,0.040100
speech-replay,3.0465,0.024800
speech-replay,2.6642,0.023300
speech-replay,2.4975,0.021400
speech-replay,2.2080,0.020700
speech-replay,2.8429,0.027900
speech-replay,3.2079,0.034300
speech-replay,2.7911,0.024000
speech-replay,2.4145,0.021700
speech-replay,2.1733,0.018500
speech-replay,2.5876,0.024400
speech-replay,2.6385,0.020800
speech-replay,2.3182,0.020300
speech-replay,3.5296,0.098800
speech-replay,2.7419,0.024300
speech-replay,2.6619,0.025000
speech-replay,2.8172,0.024600
speech-replay,2.5254,0.027200
speech-replay,4.9466,0.041200
speech-replay,4.0446,0.038200
speech-replay,3.0530,0.026300
speech-replay,2.7249,0.026400
speech-replay,2.8363,0.027000
speech-replay,2.7849,0.025100
speech-replay,2.9505,0.025500
speech-replay,2.7464,0.023600
speech-replay,2.4945,0.025300
speech-replay,2.6477,0.026800
speech-replay,3.4300,0.030300
speech-replay,2.9374,0.023900
speech-replay,3.0114,0.034900
speech-replay,2.7035,0.025900
speech-replay,2.6170,0.023400
speech-replay,2.5505,0.038100
speech-replay,3.3615,0.024800
speech-replay,2.8343,0.023600
speech-replay,2.5059,0.025100
speech-replay,2.5694,0.024700
speech-replay,2.5555,0.025700
speech-replay,3.0779,0.029600
speech-replay,2.9809,0.027600
speech-replay,2.7165,0.024200
speech-replay,2.5440,0.028800
speech-replay,2.5128,0.019900
speech-replay,2.8425,0.028000
speech-replay,2.5891,0.021400
speech-replay,2.5472,0.030500
speech-replay,3.8222,0.026000
speech-replay,2.4932,0.027200
speech-replay,3.4097,0.034300
speech-replay,3.1550,0.024200
speech-replay,3.1078,0.033500
speech-replay,2.9083,0.025500
speech-replay,2.6511,0.029300
speech-replay,2.6961,0.025600
speech-replay,2.3682,0.025200
speech-replay,2.9743,0.029400
speech-replay,2.6934,0.023200
speech-replay,2.4756,0.033900
speech-replay,2.8040,0.022700
speech-replay,2.6046,0.022600
speech-replay,3.2061,0.028300
speech-replay,2.8784,0.025500
speech-replay,2.9092,0.032000
speech-replay,2.6240,0.026400
speech-replay,2.6060,0.024100
speech-replay,2.7455,0.028600
speech-replay,2.7027,0.023600
speech-replay,2.3477,0.025000
speech-replay,2.7073,0.025000
speech-replay,2.5276,0.022900
speech-replay,2.4673,0.046600
speech-replay,3.3821,0.037000
speech-replay,2.7797,0.030500
speech-replay,3.2443,0.028300
speech-replay,2.8528,0.024600
speech-replay,2.9898,0.030000
speech-replay,2.6999,0.031000
speech-replay,3.1843,0.031500
speech-replay,2.9022,0.023000
speech-replay,2.7323,0.032200
speech-replay,2.9832,0.026300
speech-replay,2.6432,0.023100
speech-replay,3.0952,0.035900
speech-replay,3.8461,0.030900
speech-replay,3.2313,0.028500
speech-replay,3.0538,0.023400
speech-replay,2.7944,0.045600
speech-replay,2.9309,0.028800
speech-replay,2.5002,0.023900
speech-replay,2.7407,0.026000
speech-replay,2.5620,0.021200
speech-replay,2.2301,0.020600
speech-replay,2.4855,0.028600
speech-replay,2.7354,0.027300
speech-replay,2.8112,0.028500
speech-replay,2.7494,0.024500
speech-replay,2.4152,0.024500
speech-replay,3.0026,0.034000
speech-replay,2.8370,0.024700
speech-replay,2.6169,0.025600
speech-replay,2.6404,0.032900
speech-replay,2.8523,0.026500
speech-replay,2.5162,0.029200
speech-replay,3.0710,0.023200
speech-replay,2.3225,0.030100
speech-replay,2.9507,0.033100
speech-replay,2.7614,0.023600
speech-replay,3.2844,0.034200
speech-replay,2.7905,0.022800
speech-replay,2.6595,0.033700
speech-replay,3.1272,0.030200
speech-replay,2.6285,0.023900
speech-replay,2.9905,0.028400
speech-replay,2.7978,0.027900
speech-replay,3.1799,0.032900
speech-replay,3.8470,0.028700
speech-replay,2.6786,0.031800
speech-replay,2.9163,0.025000
speech-replay,2.4192,0.022200
speech-replay,2.6877,0.027200
speech-replay,2.6610,0.024700
speech-replay,2.5604,0.035700
speech-replay,3.3118,0.034900
speech-replay,2.9401,0.027900
speech-replay,2.8120,0.031400
speech-replay,2.9927,0.023600
speech-replay,3.6791,0.045600
speech-replay,3.0408,0.026200
speech-replay,3.0909,0.029200
speech-replay,2.9338,0.024900
speech-replay,2.5461,0.023100
speech-replay,2.9367,0.023400
speech-replay,2.6570,0.024100
speech-replay,2.7943,0.025100
speech-replay,2.7005,0.028700
speech-replay,2.9649,0.024300
speech-replay,2.4754,0.024000
speech-replay,2.3370,0.020700
speech-replay,2.3461,0.027400
speech-replay,2.8182,0.023700
speech-replay,2.7366,0.024900
speech-replay,3.0343,0.022900
speech-replay,2.5042,0.025400
speech-replay,2.2672,0.025100
speech-replay,2.8539,0.026400
speech-replay,2.5902,0.026200
speech-replay,3.0487,0.031300
speech-replay,3.9296,0.026200
speech-replay,2.6920,0.024700
speech-replay,2.8297,0.028100
speech-replay,2.7226,0.020200
speech-replay,2.6584,0.024100
speech-replay,2.7042,0.026000
speech-replay,3.4033,0.028000
speech-replay,2.7418,0.024000
speech-replay,2.3744,0.023900
speech-replay,2.4188,0.021200
speech-replay,2.6607,0.026800
speech-replay,2.6156,0.026300
speech-replay,3.0334,0.027400
speech-replay,2.3831,0.020100
speech-replay,2.3500,0.019700
speech-replay,2.2700,0.025800
speech-replay,2.6206,0.025500
speech-replay,2.6891,0.023200
speech-replay,2.9245,0.023400
speech-replay,2.6088,0.024300
speech-replay,2.5071,0.023700
speech-replay,2.3854,0.020600
speech-replay,2.3523,0.021100
speech-replay,2.4676,0.041600
speech-replay,2.7170,0.021700
speech-replay,2.5235,0.021000
speech-replay,2.3047,0.022700
speech-replay,2.1787,0.018300
speech-replay,2.5229,0.022700
speech-replay,2.2375,0.021200
speech-replay,2.8092,0.026000
speech-replay,3.1026,0.022500
speech-replay,2.8067,0.023500
speech-replay,2.7362,0.020600
speech-replay,2.4259,0.022100
speech-replay,2.6054,0.021700
speech-replay,2.9998,0.026000
speech-replay,2.5754,0.024100
speech-replay,2.7444,0.037300
speech-replay,3.8373,0.032800
speech-replay,4.0030,0.035300
speech-replay,3.7509,0.036000
speech-replay,3.2603,0.030400
speech-replay,3.5790,0.043900
speech-replay,3.0381,0.027100
speech-replay,2.9888,0.023800
speech-replay,2.7812,0.028800
speech-replay,3.1588,0.025900
speech-replay,2.8507,0.023900
speech-replay,3.1123,0.023400
speech-replay,3.0298,0.032300
speech-replay,3.7549,0.037000
speech-replay,3.1434,0.025000
speech-replay,2.8430,0.030400
speech-replay,2.7314,0.033500
speech-replay,3.0927,0.038300
speech-replay,4.3266,0.029100
speech-replay,3.5328,0.033900
speech-replay,3.0591,0.034800
speech-replay,3.6768,0.028600
speech-replay,2.8456,0.026200
speech-replay,2.6044,0.022200
speech-replay,2.9796,0.024200
speech-replay,2.5895,0.020900
speech-replay,2.5186,0.023900
speech-replay,2.6097,0.020800
speech-replay,2.4505,0.025000
speech-replay,2.6185,0.026000
speech-replay,2.5912,0.026700
speech-replay,2.4975,0.019500
speech-replay,2.9289,0.027200
speech-replay,2.4075,0.019600
speech-replay,2.2471,0.029800
speech-replay,3.0549,0.036100
speech-replay,2.6807,0.023900
speech-replay,2.6416,0.025800
speech-replay,2.6878,0.021900
speech-replay,2.3078,0.022000
speech-replay,2.8731,0.071900
speech-replay,2.8389,0.020700
speech-replay,2.2807,0.020500
speech-replay,2.5608,0.025200
speech-replay,2.5038,0.020500
speech-replay,2.5756,0.023600
speech-replay,2.4590,0.022600
speech-replay,2.3195,0.019600
speech-replay,2.5158,0.022500
speech-replay,3.0684,0.021600
speech-replay,2.8420,0.034800
speech-replay,3.3833,0.031800
speech-replay,2.5894,0.022800
speech-replay,3.1678,0.026600
speech-replay,2.7777,0.024600
speech-replay,3.4081,0.042300
speech-replay,2.8763,0.024500
speech-replay,2.6493,0.023400
speech-replay,2.9438,0.024800
speech-replay,2.5599,0.021700
speech-replay,2.7135,0.028200
speech-replay,2.8068,0.023100
speech-replay,2.6639,0.026900
speech-replay,3.4441,0.024500
speech-replay,2.8278,0.024600
speech-replay,3.1132,0.030700
speech-replay,2.9377,0.025700
speech-replay,2.8808,0.029800
speech-replay,2.5373,0.025500
speech-replay,2.5781,0.021300
speech-replay,2.5166,0.022000
speech-replay,2.2896,0.019500
speech-replay,2.4330,0.022700
speech-replay,2.6955,0.022600
speech-replay,2.3863,0.019400
speech-replay,3.1685,0.029800
speech-replay,2.6326,0.020500
speech-replay,2.3547,0.019900
speech-replay,2.9176,0.026300
speech-replay,2.9878,0.038800
speech-replay,3.0310,0.022300
speech-replay,2.5179,0.021000
speech-replay,2.3323,0.018900
speech-replay,2.6401,0.031600
speech-replay,2.7454,0.022100
speech-replay,2.5074,0.023300
speech-replay,2.4994,0.019600
speech-replay,2.5582,0.021900
speech-replay,2.5838,0.025100
speech-replay,2.6529,0.019400
speech-replay,2.2417,0.021400
speech-replay,2.3992,0.023300
speech-replay,2.7351,0.020800
speech-replay,2.3829,0.019400
speech-replay,2.6306,0.024500
speech-replay,2.6567,0.023100
speech-replay,2.5247,0.026200
speech-replay,2.5053,0.022800
speech-replay,2.6215,0.021100
speech-replay,3.2097,0.028300
speech-replay,3.4126,0.023300
speech-replay,2.7124,0.028100
speech-replay,2.7149,0.022800
speech-replay,2.3735,0.020100
speech-replay,2.4703,0.028200
speech-replay,2.2758,0.022100
speech-replay,2.6032,0.025800
speech-replay,3.5169,0.042400
speech-replay,2.8599,0.022500
speech-replay,2.2589,0.020400
speech-replay,2.2658,0.020200
speech-replay,2.2118,0.020400
speech-replay,2.6118,0.022300
speech-replay,2.4468,0.021500
speech-replay,2.3501,0.026300
speech-replay,2.5342,0.021600
speech-replay,2.2532,0.022200
speech-replay,2.2714,0.021800
speech-replay,2.8801,0.021000
speech-replay,2.7368,0.022800
speech-replay,2.5818,0.028000
speech-replay,2.7152,0.021800
speech-replay,2.2947,0.020900
speech-replay,2.6340,0.028200
speech-replay,2.6393,0.025600
speech-replay,3.7334,0.044400
speech-replay,3.2826,0.023800
speech-replay,2.3468,0.021100
speech-replay,2.7382,0.022400
speech-replay,2.6049,0.023600
speech-replay,2.8501,0.031900
speech-replay,2.6125,0.023200
speech-replay,2.3612,0.028500
speech-replay,2.9739,0.024500
speech-replay,2.3953,0.020700
speech-replay,2.2712,0.022300
speech-replay,2.4470,0.024600
speech-replay,3.0606,0.026600
speech-replay,2.5263,0.022600
speech-replay,2.4810,0.022100
speech-replay,2.3856,0.021200
speech-replay,3.1228,0.050700
speech-replay,3.7089,0.025500
speech-replay,2.6828,0.022500
speech-replay,2.5685,0.021400
speech-replay,2.9199,0.023200
speech-replay,2.5751,0.026100
speech-replay,2.7136,0.030000
speech-replay,2.8096,0.032700
speech-replay,3.0131,0.029600
speech-replay,2.7976,0.029000
speech-replay,3.4968,0.037500
speech-replay,3.4106,0.031900
speech-replay,3.8203,0.074500
speech-replay,3.5395,0.060500
speech-replay,4.6261,0.038400
speech-replay,4.4374,0.034200
speech-replay,4.8840,0.104800
speech-replay,3.7141,0.033000
speech-replay,3.9272,0.032700
speech-replay,4.1518,0.035700
speech-replay,3.6049,0.040500
speech-replay,3.8766,0.030500
speech-replay,4.3435,0.036300
speech-replay,3.5518,0.028500
speech-replay,4.0488,0.037200
speech-replay,3.1863,0.032700
speech-replay,4.3538,0.086900
speech-replay,4.1564,0.035800
speech-replay,3.4550,0.035600
speech-replay,4.0884,0.032500
speech-replay,3.2869,0.027400
speech-replay,3.2017,0.028900
speech-replay,3.2123,0.035500
speech-replay,2.9538,0.026900
speech-replay,2.8188,0.028100
speech-replay,2.4102,0.019400
speech-replay,2.5743,0.028700
speech-replay,3.2577,0.030000
speech-replay,2.9452,0.032600
speech-replay,3.1069,0.024600
speech-replay,2.5255,0.023100
speech-replay,4.4049,0.038500
speech-replay,3.1080,0.038600
speech-replay,3.3309,0.027200
speech-replay,3.1111,0.025900
speech-replay,3.6847,0.043200
speech-replay,4.0402,0.087200
speech-replay,4.1315,0.084700
speech-replay,3.7160,0.073100
speech-replay,3.3115,0.030300
speech-replay,3.0088,0.029400
speech-replay,3.2077,0.027400
speech-replay,3.3093,0.029800
speech-replay,3.2584,0.044100
speech-replay,3.0445,0.025700
speech-replay,2.8263,0.027000
speech-replay,2.7297,0.025100
speech-replay,2.6884,0.034600
speech-replay,2.7869,0.026400
speech-replay,2.8542,0.028600
speech-replay,2.9061,0.028800
speech-replay,3.1813,0.026700
speech-replay,2.5334,0.026400
speech-replay,2.8995,0.024300
speech-replay,2.8750,0.028100
speech-replay,3.1638,0.039200
speech-replay,4.4112,0.065800
speech-replay,3.4590,0.040200
speech-replay,4.5196,0.034200
speech-replay,3.4440,0.030300
speech-replay,3.6098,0.049300
speech-replay,4.3562,0.042100
speech-replay,4.0534,0.032600
speech-replay,3.0286,0.027400
speech-replay,3.5166,0.063800
speech-replay,3.7560,0.031700
speech-replay,3.8024,0.036800
speech-replay,3.4527,0.036600
speech-replay,3.5720,0.050600
speech-replay,3.6635,0.040600
speech-replay,3.3755,0.037500
speech-replay,3.3283,0.040100
speech-replay,3.2395,0.028300
speech-replay,2.7959,0.026500
speech-replay,3.0675,0.027000
speech-replay,2.7390,0.036200
speech-replay,2.8953,0.025800
speech-replay,2.5103,0.022400
speech-replay,2.2249,0.023100
speech-replay,2.5003,0.022700
speech-replay,2.4900,0.025200
speech-replay,2.4749,0.021900
speech-replay,3.0322,0.027900
speech-replay,3.1988,0.024700
speech-replay,2.6068,0.036800
speech-replay,3.6040,0.027100
speech-replay,2.4550,0.027100
speech-replay,2.8115,0.027700
speech-replay,2.6132,0.023300
speech-replay,2.8791,0.026600
speech-replay,2.6877,0.021500
speech-replay,2.3791,0.023300
speech-replay,2.5590,0.030400
speech-replay,2.7177,0.023300
speech-replay,2.4811,0.026500
speech-replay,2.4823,0.021400
speech-replay,2.6886,0.022200
speech-replay,2.9310,0.024700
speech-replay,2.7283,0.023600
speech-replay,2.5042,0.037400
speech-replay,3.6144,0.026800
speech-replay,3.1653,0.030300
speech-replay,2.5963,0.031200
speech-replay,2.8519,0.028100
speech-replay,2.5845,0.025000
speech-replay,2.6327,0.025600
speech-replay,2.5585,0.022200
speech-replay,3.0336,0.032600
speech-replay,3.1669,0.024300
speech-replay,2.4968,0.026600
speech-replay,2.6489,0.044700
speech-replay,2.4332,0.023700
speech-replay,3.3741,0.036400
speech-replay,2.9524,0.026200
speech-replay,2.9781,0.032700
speech-replay,2.9605,0.025000
speech-replay,2.6159,0.037900
speech-replay,2.7431,0.025700
speech-replay,2.5079,0.024600
speech-replay,2.2329,0.022700
speech-replay,2.6152,0.034700
speech-replay,2.4445,0.020300
speech-replay,2.6359,0.024400
speech-replay,3.0418,0.024500
speech-replay,2.8301,0.025900
speech-replay,3.4247,0.025800
speech-replay,3.0587,0.025100
speech-replay,3.3381,0.027700
speech-replay,2.7630,0.024900
speech-replay,3.0740,0.033800
speech-replay,2.9237,0.028100
speech-replay,2.6032,0.029100
speech-replay,2.5666,0.024600
speech-replay,3.1851,0.035200
speech-replay,3.7342,0.031000
speech-replay,2.6903,0.023600
speech-replay,2.6463,0.023800
speech-replay,2.5222,0.029000
speech-replay,2.4416,0.021300
speech-replay,3.2194,0.033400
speech-replay,3.6451,0.029500
speech-replay,3.6049,0.032100
speech-replay,3.1617,0.028100
speech-replay,3.6460,0.030200
speech-replay,3.1890,0.033400
speech-replay,2.9883,0.033700
speech-replay,2.9670,0.032300
speech-replay,2.6312,0.029000
speech-replay,3.2968,0.029800
speech-replay,2.7681,0.023600
speech-replay,2.9775,0.026700
speech-replay,2.7574,0.027700
speech-replay,3.0471,0.027400
speech-replay,2.7291,0.026900
speech-replay,3.5974,0.033000
speech-replay,3.0305,0.026700
speech-replay,2.7037,0.023800
speech-replay,2.6254,0.028700
speech-replay,2.9050,0.023400
speech-replay,3.3607,0.023600
speech-replay,2.9857,0.024900
speech-replay,2.8233,0.028300
speech-replay,2.8979,0.024800
speech-replay,2.5270,0.033000
speech-replay,3.3200,0.034200
speech-replay,3.3858,0.027100
speech-replay,3.0813,0.032000
speech-replay,2.9612,0.023600
speech-replay,2.6237,0.023100
speech-replay,2.5596,0.028400
speech-replay,2.8819,0.026800
speech-replay,2.7173,0.029500
speech-replay,3.0726,0.023900
speech-replay,2.4236,0.024800
speech-replay,2.5447,0.023500
speech-replay,2.2957,0.021500
speech-replay,2.8515,0.027700
speech-replay,2.9107,0.024000
speech-replay,2.4222,0.021700
speech-replay,2.7312,0.030600
speech-replay,2.8753,0.023300
speech-replay,2.5909,0.037200
speech-replay,3.5365,0.027900
speech-replay,2.7869,0.029100
speech-replay,3.3517,0.036900
speech-replay,2.9011,0.030400
speech-replay,3.0351,0.031300
speech-replay,2.9649,0.026700
speech-replay,2.6640,0.035500
speech-replay,2.8372,0.026400
speech-replay,2.3328,0.022900
speech-replay,2.7635,0.024800
speech-replay,2.7515,0.031700
speech-replay,3.5202,0.034100
speech-replay,3.1836,0.030900
speech-replay,2.9271,0.026100
speech-replay,3.2355,0.027400
speech-replay,2.5949,0.023200
speech-replay,3.1876,0.048700
speech-replay,3.3293,0.025700
speech-replay,2.5630,0.025100
speech-replay,2.9395,0.025700
speech-replay,2.6626,0.025700
speech-replay,2.8671,0.026700
speech-replay,2.5591,0.023700
speech-replay,3.1065,0.025000
speech-replay,2.7348,0.024600
speech-replay,3.0289,0.031100
speech-replay,2.9444,0.024900
speech-replay,3.2910,0.031700
speech-replay,2.8412,0.032300
speech-replay,2.5902,0.021700
speech-replay,2.7416,0.024900
speech-replay,3.0845,0.026600
speech-replay,2.8113,0.030300
speech-replay,3.0565,0.032200
speech-replay,2.5982,0.023000
speech-replay,2.6849,0.027900
speech-replay,2.7107,0.029800
speech-replay,3.0449,0.032200
speech-replay,3.2284,0.025800
speech-replay,2.5429,0.024200
speech-replay,2.4947,0.023600
speech-replay,3.0965,0.027700
speech-replay,2.6761,0.023300
speech-replay,2.8165,0.025200
speech-replay,2.6890,0.023800
speech-replay,2.7076,0.023000
speech-replay,2.7547,0.023400
speech-replay,2.3423,0.023600
speech-replay,2.9763,0.035200
speech-replay,3.7429,0.027500
speech-replay,3.0988,0.053800
speech-replay,3.3914,0.025500
speech-replay,2.6476,0.025000
speech-replay,2.7277,0.027600
speech-replay,3.2272,0.026000
speech-replay,2.6073,0.023500
speech-replay,2.3454,0.021600
speech-replay,3.4258,0.029300
speech-replay,3.2066,0.024700
speech-replay,2.9435,0.025800
speech-replay,2.9139,0.024200
speech-replay,2.8243,0.039400
speech-replay,2.9325,0.023600
speech-replay,2.4825,0.023000
speech-replay,3.0272,0.033200
speech-replay,3.0249,0.033400
speech-replay,2.6592,0.021900
speech-replay,2.5385,0.022300
speech-replay,2.7589,0.020000
speech-replay,2.3870,0.022200
speech-replay,2.5452,0.027800
speech-replay,2.3562,0.020400
speech-replay,3.0475,0.062700
speech-replay,3.3227,0.024500
speech-replay,2.9829,0.029200
speech-replay,3.5375,0.032900
speech-replay,3.3225,0.026800
speech-replay,3.2202,0.030500
speech-replay,2.8363,0.027000
speech-replay,2.9770,0.030200
speech-replay,2.4956,0.025200
speech-replay,2.8815,0.024000
speech-replay,2.7044,0.026600
speech-replay,2.7560,0.024800
speech-replay,2.6442,0.019700
speech-replay,2.3579,0.020000
speech-replay,2.3931,0.028200
speech-replay,3.1591,0.024100
speech-replay,2.3930,0.019000
speech-replay,2.7984,0.025900
speech-replay,2.4863,0.021700
speech-replay,2.9586,0.029200
speech-replay,3.3143,0.037200
speech-replay,3.2449,0.028500
speech-replay,2.4808,0.021200
speech-replay,2.3047,0.022900
speech-replay,2.7212,0.024700
speech-replay,2.5813,0.021700
speech-replay,2.3361,0.026000
speech-replay,2.4701,0.024700
speech-replay,3.2855,0.023600
speech-replay,2.3664,0.021300
speech-replay,2.8351,0.024400
speech-replay,2.5290,0.034600
speech-replay,2.8754,0.029100
speech-replay,2.9493,0.025100
speech-replay,2.2780,0.022900
speech-replay,2.4744,0.020200
speech-replay,2.4014,0.033400
speech-replay,2.6745,0.026600
speech-replay,2.7772,0.020000
speech-replay,2.1917,0.019200
speech-replay,2.6316,0.026200
speech-replay,2.8504,0.021500
speech-replay,2.6454,0.021400
speech-replay,3.2132,0.031100
speech-replay,2.7118,0.021200
speech-replay,2.4680,0.026000
speech-replay,2.5399,0.023400
speech-replay,2.5330,0.021000
speech-replay,3.2891,0.031200
speech-replay,2.8578,0.022800
speech-replay,2.6802,0.022200
speech-replay,2.5492,0.020300
speech-replay,2.2610,0.019900
speech-replay,2.4309,0.021700
speech-replay,2.5135,0.018700
speech-replay,2.3305,0.023200
speech-replay,2.3831,0.029800
speech-replay,2.5635,0.021300
speech-replay,2.1637,0.018100
speech-replay,2.6109,0.021900
speech-replay,2.5027,0.020800
speech-replay,2.5391,0.025500
speech-replay,3.0701,0.066000
speech-replay,3.1304,0.022000
speech-replay,2.8292,0.025900
speech-replay,2.5664,0.023600
speech-replay,2.4359,0.025800
speech-replay,3.1547,0.026500
speech-replay,2.9422,0.021400
speech-replay,2.9258,0.028900
speech-replay,2.7957,0.021400
speech-replay,2.3452,0.021300
speech-replay,2.4294,0.023400
speech-replay,2.7593,0.020500
speech-replay,2.7973,0.025800
speech-replay,2.4420,0.019800
speech-replay,2.5388,0.030500
speech-replay,2.8565,0.021700
speech-replay,2.2627,0.021000
speech-replay,2.6464,0.027900
speech-replay,2.8417,0.024200
speech-replay,2.3888,0.020900
speech-replay,2.4630,0.026500
speech-replay,2.6867,0.025900
speech-replay,2.5520,0.024100
speech-replay,3.2931,0.027900
speech-replay,2.7024,0.021400
speech-replay,2.5139,0.020700
speech-replay,2.6840,0.024100
speech-replay,2.3809,0.024000
speech-replay,3.3277,0.027300
speech-replay,2.5758,0.019700
speech-replay,2.6257,0.021900
speech-replay,2.3748,0.020500
speech-replay,2.6929,0.021100
speech-replay,2.6252,0.020600
speech-replay,3.0053,0.021800
speech-replay,2.8955,0.026400
speech-replay,2.7968,0.026700
speech-replay,2.5652,0.022400
speech-replay,3.1580,0.032300
speech-replay,2.7638,0.026600
speech-replay,2.3506,0.026600
speech-replay,2.7657,0.024800
speech-replay,2.7594,0.022500
speech-replay,2.7490,0.023400
speech-replay,2.7443,0.021500
speech-replay,2.6771,0.032200
speech-replay,3.8935,0.027600
speech-replay,2.5845,0.020800
speech-replay,2.8617,0.024500
speech-replay,2.4918,0.021600
speech-replay,2.6676,0.022200
speech-replay,2.6191,0.021400
speech-replay,2.5197,0.020000
speech-replay,2.9470,0.022300
speech-replay,2.6334,0.024100
speech-replay,2.4417,0.022600
speech-replay,2.7157,0.022700
speech-replay,2.5108,0.022800
speech-replay,2.6465,0.023400
speech-replay,2.2967,0.018800
speech-replay,2.2236,0.020000
speech-replay,2.4347,0.027500
speech-replay,2.9547,0.024500
speech-replay,2.5142,0.025300
speech-replay,2.9583,0.037800
speech-replay,3.1086,0.033400
speech-replay,3.2116,0.026500
speech-replay,2.8928,0.026000
speech-replay,2.5201,0.031400
speech-replay,3.0077,0.026900
speech-replay,2.6014,0.026100
speech-replay,2.6499,0.022600
speech-replay,2.4711,0.022100
speech-replay,2.4219,0.022500
speech-replay,3.0391,0.023000
speech-replay,2.5770,0.025000
speech-replay,2.2989,0.019600
speech-replay,2.6767,0.024400
speech-replay,2.5177,0.019100
speech-replay,3.3339,0.038100
speech-replay,3.2260,0.023100
speech-replay,2.7991,0.024100
speech-replay,2.4457,0.021100
speech-replay,2.5242,0.020300
speech-replay,2.2575,0.021100
speech-replay,2.7101,0.021300
speech-replay,2.2899,0.021600
speech-replay,2.8860,0.030300
speech-replay,2.7366,0.021700
speech-replay,2.2275,0.021100
speech-replay,2.5362,0.020500
speech-replay,2.6792,0.018900
speech-replay,2.7878,0.023900
speech-replay,3.5098,0.025300
speech-replay,3.0610,0.029800
speech-replay,3.0703,0.026700
speech-replay,2.8402,0.029500
speech-replay,2.9362,0.024900
speech-replay,2.4286,0.018300
speech-replay,2.6284,0.026800
speech-replay,3.2035,0.027900
speech-replay,3.2664,0.030100
speech-replay,2.8746,0.022200
speech-replay,2.6065,0.018800
speech-replay,2.5052,0.021900
speech-replay,2.6053,0.023000
speech-replay,2.5254,0.020400
speech-replay,3.7008,0.030900
speech-replay,2.6523,0.020700
speech-replay,2.8259,0.020700
speech-replay,2.7215,0.020500
speech-replay,2.3420,0.028600
speech-replay,2.7465,0.032900
speech-replay,2.7274,0.026500
speech-replay,2.6475,0.022300
speech-replay,2.5985,0.019600
speech-replay,2.3824,0.019200
speech-replay,2.5692,0.025000
speech-replay,2.7850,0.019000
speech-replay,2.8542,0.020200
speech-replay,2.4410,0.024200
speech-replay,2.6477,0.021500
speech-replay,2.6642,0.025600
speech-replay,2.8854,0.020000
speech-replay,2.2585,0.019700
speech-replay,2.5641,0.018400
speech-replay,2.6424,0.018600
speech-replay,2.6966,0.023300
speech-replay,2.4705,0.023600
speech-replay,2.4899,0.020600
speech-replay,2.7090,0.021600
speech-replay,2.9923,0.021700
speech-replay,2.3622,0.020000
speech-replay,2.4591,0.025600
speech-replay,2.4740,0.020300
speech-replay,2.2608,0.022300
speech-replay,2.5839,0.019900
speech-replay,2.4322,0.038700
speech-replay,2.9194,0.025000
speech-replay,2.5887,0.027500
speech-replay,2.6961,0.019600
speech-replay,2.9451,0.023500
speech-replay,2.4659,0.018700
speech-replay,2.3991,0.019000
speech-replay,2.7192,0.020000
speech-replay,2.4232,0.020200
speech-replay,2.6810,0.025500
speech-replay,2.7348,0.019900
speech-replay,2.3572,0.019200
speech-replay,2.5643,0.021900
speech-replay,2.7043,0.061600
speech-replay,4.0522,0.045700
speech-replay,24.8245,0.030000
speech-replay,3.4659,0.029100
speech-replay,3.1790,0.025800
speech-replay,2.8517,0.036900
speech-replay,3.6861,0.027000
speech-replay,2.7182,0.029000
speech-replay,2.8760,0.025900
speech-replay,2.7466,0.022500
speech-replay,2.7329,0.023700
speech-replay,2.7796,0.031100
speech-replay,2.8372,0.039500
speech-replay,3.9775,0.035300
speech-replay,4.7026,0.044500
speech-replay,3.3791,0.032500
speech-replay,3.5080,0.034800
speech-replay,2.6622,0.023200
speech-replay,2.9203,0.026200
speech-replay,2.8063,0.023900
speech-replay,2.5920,0.022000
speech-replay,4.1032,0.036400
speech-replay,2.8876,0.031400
speech-replay,3.3602,0.034300
speech-replay,2.8154,0.021900
speech-replay,2.7238,0.028100
speech-replay,2.7900,0.025300
speech-replay,2.8757,0.035400
speech-replay,3.1511,0.028400
speech-replay,2.5698,0.020300
speech-replay,2.5389,0.025300
speech-replay,2.8540,0.026900
speech-replay,2.6971,0.024900
speech-replay,2.8540,0.036100
speech-replay,2.9036,0.035900
speech-replay,3.1044,0.027700
speech-replay,3.3496,0.025600
speech-replay,3.1639,0.033500
speech-replay,3.3017,0.028500
speech-replay,2.8872,0.028600
speech-replay,3.7880,0.030100
speech-replay,3.3078,0.035600
speech-replay,2.7141,0.023800
speech-replay,2.3777,0.023700
speech-replay,2.7724,0.035200
speech-replay,2.7781,0.025300
speech-replay,2.2116,0.025800
speech-replay,2.5688,0.020700
speech-replay,2.7000,0.029600
speech-replay,3.1147,0.024800
speech-replay,2.9507,0.031100
speech-replay,2.6375,0.037700
speech-replay,3.1266,0.063200
speech-replay,3.5098,0.036200
speech-replay,3.8895,0.031000
speech-replay,3.0310,0.024000
speech-replay,2.9305,0.033500
speech-replay,2.6963,0.030400
speech-replay,3.6044,0.049200
speech-replay,3.4812,0.027600
speech-replay,2.9305,0.024000
speech-replay,3.0879,0.025900
speech-replay,2.5607,0.026400
speech-replay,3.5954,0.038500
speech-replay,2.7272,0.026100
speech-replay,3.1131,0.024400
speech-replay,2.5396,0.023200
speech-replay,2.5346,0.025400
speech-replay,2.9124,0.027600
speech-replay,2.8679,0.024300
speech-replay,2.4481,0.025200
speech-replay,2.5961,0.022000
speech-replay,2.2899,0.025500
speech-replay,2.5754,0.022500
speech-replay,2.1834,0.021100
speech-replay,2.4870,0.033400
speech-replay,3.1770,0.028600
speech-replay,2.4502,0.020300
speech-replay,2.3467,0.032400
speech-replay,2.7376,0.023100
speech-replay,2.9021,0.028300
speech-replay,2.7831,0.024500
speech-replay,2.3125,0.021300
speech-replay,2.6958,0.032400
speech-replay,3.2842,0.026600
speech-replay,2.6149,0.028000
speech-replay,3.1526,0.028600
speech-replay,2.5300,0.025100
speech-replay,3.0054,0.025300
speech-replay,2.7866,0.030800
speech-replay,3.0431,0.046100
speech-replay,3.9331,0.042100
speech-replay,2.7139,0.026100
speech-replay,3.2281,0.027200
speech-replay,2.6950,0.035300
speech-replay,2.9790,0.023000
speech-replay,2.9084,0.028100
speech-replay,2.9205,0.024300
speech-replay,2.6521,0.021600
speech-replay,2.4098,0.022800
speech-replay,2.6459,0.022700
speech-replay,2.7440,0.028800
speech-replay,2.9186,0.026600
speech-replay,2.6040,0.022700
speech-replay,2.5242,0.021200
speech-replay,2.3915,0.024300
speech-replay,2.5416,0.027900
speech-replay,2.8078,0.021000
speech-replay,2.8572,0.026200
speech-replay,2.5477,0.027200
speech-replay,2.6135,0.022100
speech-replay,3.0967,0.023300
speech-replay,2.4374,0.020900
speech-replay,3.8385,0.029600
speech-replay,2.8448,0.026000
speech-replay,3.1672,0.037400
speech-replay,2.6693,0.021900
speech-replay,2.2590,0.022100
speech-replay,2.5959,0.027000
speech-replay,2.7354,0.022600
speech-replay,2.6076,0.027200
speech-replay,2.5844,0.022800
speech-replay,2.3279,0.021000
speech-replay,2.3524,0.021300
speech-replay,2.3657,0.020300
speech-replay,2.3911,0.021200
speech-replay,2.8079,0.023400
speech-replay,2.5971,0.023000
speech-replay,2.5090,0.024000
speech-replay,2.8641,0.021700
speech-replay,2.4377,0.027300
speech-replay,3.1160,0.025400
speech-replay,2.5653,0.020000
speech-replay,2.6662,0.023300
speech-replay,3.1472,0.032600
speech-replay,2.4519,0.020600
speech-replay,2.5223,0.034800
speech-replay,2.8649,0.021100
speech-replay,2.5163,0.026700
speech-replay,3.0501,0.023900
speech-replay,2.4003,0.021600
speech-replay,2.3794,0.021700
speech-replay,3.0237,0.025000
speech-replay,2.7562,0.022900
speech-replay,3.2235,0.023100
speech-replay,2.5174,0.027000
speech-replay,2.8933,0.024900
speech-replay,2.6169,0.020600
speech-replay,2.9674,0.020700
speech-replay,2.7342,0.024200
speech-replay,2.7024,0.022200
speech-replay,2.8785,0.040700
speech-replay,3.0116,0.023800
speech-replay,2.8232,0.024500
speech-replay,2.7324,0.020700
speech-replay,2.5997,0.027500
speech-replay,2.5174,0.029700
speech-replay,3.3591,0.022900
speech-replay,2.4085,0.027100
speech-replay,3.0867,0.024200
speech-replay,2.4606,0.021200
speech-replay,2.3806,0.024700
speech-replay,2.4512,0.025200
speech-replay,2.5854,0.021000
speech-replay,2.3174,0.027600
speech-replay,2.7497,0.023500
speech-replay,2.3808,0.019200
speech-replay,2.4288,0.024800
speech-replay,2.3921,0.018800
speech-replay,2.2001,0.022300
speech-replay,3.2888,0.041400
speech-replay,3.2206,0.024200
speech-replay,2.4304,0.020800
speech-replay,2.3543,0.020600
speech-replay,2.5914,0.020500
speech-replay,2.6356,0.033200
speech-replay,3.8236,0.025600
speech-replay,3.4089,0.025500
speech-replay,2.6588,0.026800
speech-replay,2.4799,0.026200
speech-replay,2.5620,0.020400
speech-replay,2.6458,0.026300
speech-replay,2.7279,0.024500
speech-replay,2.6055,0.024900
speech-replay,2.4556,0.025300
speech-replay,2.9409,0.022300
speech-replay,2.5677,0.019800
speech-replay,2.8361,0.031100
speech-replay,2.6998,0.023600
speech-replay,2.5377,0.027000
speech-replay,3.2157,0.022200
speech-replay,2.4350,0.021000
speech-replay,2.3440,0.022500
speech-replay,2.7169,0.021600
speech-replay,2.4442,0.020000
speech-replay,2.7077,0.025600
speech-replay,2.7693,0.022400
speech-replay,2.3887,0.026000
speech-replay,2.8808,0.026600
speech-replay,2.7302,0.021600
speech-replay,2.7383,0.028100
speech-replay,2.9177,0.021000
speech-replay,2.5171,0.021300
speech-replay,2.6328,0.022900
speech-replay,2.5791,0.041900
speech-replay,2.6430,0.021500
speech-replay,2.8529,0.026000
speech-replay,2.5192,0.022600
speech-replay,3.0588,0.043100
speech-replay,2.6821,0.021700
speech-replay,2.6251,0.030400
speech-replay,2.6195,0.025600
speech-replay,2.5635,0.023900
speech-replay,2.2492,0.022800
speech-replay,2.5895,0.023700
speech-replay,2.7951,0.024900
speech-replay,3.0640,0.034000
speech-replay,3.0950,0.025200
speech-replay,2.3791,0.025800
speech-replay,2.5036,0.023700
speech-replay,2.3875,0.021100
speech-replay,2.2085,0.021200
speech-replay,2.5226,0.040900
speech-replay,2.9215,0.022000
speech-replay,2.6147,0.028500
speech-replay,2.3732,0.025100
speech-replay,2.2055,0.020000
speech-replay,2.4999,0.022100
speech-replay,2.5117,0.021600
speech-replay,2.6798,0.026100
speech-replay,2.7886,0.024600
speech-replay,2.8564,0.022200
speech-replay,2.6498,0.022700
speech-replay,2.4012,0.019600
speech-replay,2.4487,0.021200
speech-replay,2.7189,0.023400
speech-replay,2.8304,0.028400
speech-replay,3.3208,0.024500
speech-replay,2.5927,0.029600
speech-replay,2.9357,0.026800
speech-replay,2.8048,0.033300
speech-replay,2.2951,0.021300
speech-replay,2.3279,0.025300
speech-replay,2.5821,0.024200
speech-replay,2.3504,0.020600
speech-replay,2.7669,0.049500
speech-replay,2.8568,0.022600
speech-replay,2.4009,0.024900
speech-replay,2.4520,0.021900
speech-replay,2.6458,0.021100
speech-replay,2.2230,0.020300
speech-replay,3.6112,0.038900
speech-replay,2.8106,0.028900
speech-replay,3.1671,0.030700
speech-replay,2.5616,0.024200
speech-replay,2.3707,0.027700
speech-replay,2.3597,0.023000
speech-replay,3.0246,0.028900
speech-replay,3.2627,0.028900
speech-replay,2.7559,0.025800
speech-replay,2.3562,0.027500
speech-replay,2.5410,0.022000
speech-replay,2.2278,0.019300
speech-replay,2.1472,0.019000
speech-replay,2.4461,0.020900
speech-replay,2.1209,0.019200
speech-replay,2.2602,0.022300
speech-replay,2.6221,0.022800
speech-replay,2.4765,0.021400
speech-replay,3.0547,0.023500
speech-replay,2.9777,0.047400
speech-replay,3.2145,0.032500
speech-replay,2.9975,0.022900
speech-replay,2.4392,0.021400
speech-replay,3.1324,0.031800
speech-replay,3.2085,0.025300
speech-replay,3.1347,0.026200
speech-replay,2.8099,0.028700
speech-replay,2.6180,0.025800
speech-replay,3.2917,0.029300
speech-replay,2.9292,0.026500
speech-replay,2.7526,0.026300
speech-replay,2.4559,0.022900
speech-replay,2.5478,0.032400
speech-replay,2.9887,0.033300
speech-replay,2.6383,0.021000
speech-replay,2.3199,0.021900
speech-replay,2.6895,0.029800
speech-replay,2.4519,0.023600
speech-replay,2.5763,0.022800
speech-replay,2.5317,0.022700
speech-replay,3.0282,0.050200
speech-replay,3.5544,0.022700
speech-replay,2.5040,0.024000
speech-replay,2.6443,0.024700
speech-replay,2.8222,0.024600
speech-replay,2.3461,0.025200
speech-replay,2.9151,0.024700
speech-replay,2.7708,0.023400
speech-replay,2.6649,0.029300
speech-replay,2.6228,0.021300
speech-replay,2.2983,0.020800
speech-replay,2.7523,0.024300
speech-replay,2.3064,0.023800
speech-replay,2.4039,0.021900
speech-replay,2.9834,0.035600
speech-replay,2.7732,0.021400
speech-replay,2.3437,0.021000
speech-replay,2.6641,0.021600
speech-replay,2.2770,0.022100
speech-replay,2.8689,0.025700
speech-replay,2.5392,0.025100
speech-replay,2.9864,0.023500
speech-replay,2.6162,0.034400
speech-replay,3.1719,0.021700
speech-replay,2.5220,0.028700
speech-replay,2.3921,0.020500
speech-replay,2.3150,0.027300
speech-replay,2.9713,0.025800
speech-replay,2.7136,0.037800
speech-replay,3.0055,0.025300
speech-replay,2.4515,0.022300
speech-replay,2.6050,0.022500
speech-replay,2.7759,0.021200
speech-replay,2.4779,0.020700
speech-replay,3.0689,0.035800
speech-replay,3.5972,0.041000
speech-replay,3.8128,0.040500
speech-replay,4.5846,0.031000
speech-replay,5.2571,0.052900
speech-replay,4.6988,0.046600
speech-replay,3.7189,0.036000
speech-replay,4.2567,0.050900
speech-replay,3.6426,0.042900
speech-replay,3.8268,0.039200
speech-replay,3.6465,0.042800
speech-replay,3.8398,0.030700
speech-replay,3.0937,0.028900
speech-replay,3.9118,0.029500
speech-replay,3.4819,0.031700
speech-replay,3.3362,0.029000
speech-replay,3.0053,0.057200
speech-replay,4.3991,0.029800
speech-replay,3.8903,0.028100
speech-replay,2.9344,0.027600
speech-replay,3.5030,0.036700
speech-replay,3.3392,0.029300
speech-replay,3.0360,0.037700
speech-replay,2.7269,0.023100
speech-replay,2.4828,0.023600
speech-replay,2.8300,0.031500
speech-replay,3.3710,0.029200
speech-replay,2.6739,0.024200
speech-replay,3.5245,0.032200
speech-replay,2.7526,0.024700
speech-replay,2.8343,0.025200
speech-replay,2.5362,0.023700
speech-replay,3.0904,0.023400
speech-replay,3.0497,0.026900
speech-replay,3.0641,0.027200
speech-replay,2.8491,0.031000
speech-replay,3.0744,0.031700
speech-replay,3.3686,0.029000
speech-replay,2.8539,0.024100
speech-replay,4.0906,0.036800
speech-replay,3.1805,0.035200
speech-replay,3.4403,0.026000
speech-replay,2.9418,0.028400
speech-replay,3.6924,0.034700
speech-replay,3.0638,0.027700
speech-replay,3.0525,0.035000
speech-replay,3.6125,0.030300
speech-replay,3.9238,0.031300
speech-replay,3.0110,0.025900
speech-replay,2.6847,0.029400
speech-replay,3.0391,0.027400
speech-replay,2.9976,0.036000
speech-replay,3.6137,0.037100
speech-replay,2.8574,0.028700
speech-replay,3.0586,0.027800
speech-replay,2.9484,0.032300
speech-replay,3.1091,0.026000
speech-replay,2.9555,0.028000
speech-replay,2.8401,0.042800
speech-replay,3.7496,0.030100
speech-replay,2.9425,0.032400
speech-replay,2.8480,0.027200
speech-replay,2.7043,0.030500
speech-replay,3.0093,0.031800
speech-replay,3.6838,0.036800
speech-replay,3.6635,0.036800
speech-replay,3.4430,0.027600
speech-replay,2.5696,0.032300
speech-replay,3.0201,0.024400
speech-replay,2.9912,0.027200
speech-replay,3.2199,0.030600
speech-replay,3.5375,0.030500
speech-replay,3.2436,0.038100
speech-replay,2.8432,0.025500
speech-replay,3.0654,0.028100
speech-replay,2.7684,0.026400
speech-replay,2.9891,0.034700
speech-replay,2.6454,0.023300
speech-replay,2.3579,0.021000
speech-replay,3.3352,0.026600
speech-replay,2.7373,0.023000
speech-replay,3.7241,0.151300
speech-replay,3.0888,0.025800
speech-replay,2.9225,0.029000
speech-replay,3.5973,0.028700
speech-replay,3.6239,0.038500
speech-replay,3.5838,0.028500
speech-replay,2.9052,0.035000
speech-replay,3.5172,0.029000
speech-replay,3.2084,0.041700
speech-replay,3.5409,0.024900
speech-replay,2.8449,0.027400
speech-replay,2.8617,0.023600
speech-replay,2.6230,0.024700
speech-replay,2.6623,0.022000
speech-replay,2.8585,0.033400
speech-replay,2.9556,0.022000
speech-replay,2.6039,0.021500
speech-replay,2.4999,0.020600
speech-replay,2.9715,0.029500
speech-replay,2.9156,0.028200
speech-replay,3.0001,0.030400
speech-replay,2.7871,0.034200
speech-replay,3.0145,0.025700
speech-replay,2.9304,0.023400
speech-replay,2.4938,0.022000
speech-replay,2.6995,0.026700
speech-replay,2.9820,0.022300
speech-replay,2.7059,0.022200
speech-replay,2.9796,0.026100
speech-replay,2.9232,0.022800
speech-replay,2.3431,0.028800
speech-replay,3.1668,0.052600
speech-replay,3.1802,0.027200
speech-replay,2.7808,0.025000
speech-replay,2.9382,0.022800
speech-replay,2.8590,0.027800
speech-replay,2.8564,0.025200
speech-replay,2.6639,0.025200
speech-replay,2.8689,0.029600
speech-replay,2.7081,0.022200
speech-replay,2.5843,0.024900
speech-replay,2.9728,0.022600
speech-replay,3.3310,0.041700
speech-replay,3.5890,0.029900
speech-replay,3.2809,0.030200
speech-replay,3.1876,0.025200
speech-replay,2.6454,0.025900
speech-replay,2.9925,0.025500
speech-replay,2.8980,0.024900
speech-replay,2.8706,0.023100
speech-replay,2.6253,0.020600
speech-replay,2.4876,0.023800
speech-replay,2.8968,0.037600
speech-replay,3.4561,0.034800
speech-replay,3.3117,0.031800
speech-replay,2.7494,0.023900
speech-replay,2.7897,0.023400
speech-replay,2.8654,0.024700
speech-replay,3.2491,0.052400
speech-replay,3.0571,0.023700
speech-replay,2.5007,0.022600
speech-replay,2.5035,0.022400
speech-replay,2.7791,0.027100
speech-replay,3.2144,0.038200
speech-replay,2.7943,0.021100
speech-replay,2.2852,0.020400
speech-replay,2.2988,0.022600
speech-replay,2.9235,0.021200
speech-replay,2.4721,0.020400
speech-replay,2.8884,0.025300
speech-replay,2.4136,0.024000
speech-replay,2.8193,0.025500
speech-replay,2.7160,0.021300
speech-replay,2.3705,0.021700
speech-replay,2.9929,0.023000
speech-replay,2.4918,0.019500
speech-replay,2.2022,0.018400
speech-replay,2.3104,0.019300
speech-replay,2.3176,0.019500
speech-replay,2.1782,0.018500
speech-replay,2.6664,0.028700
speech-replay,2.9172,0.023700
speech-replay,2.8654,0.023600
speech-replay,2.6066,0.021800
speech-replay,2.2970,0.022100
speech-replay,2.4543,0.025200
speech-replay,2.5947,0.024800
speech-replay,2.7964,0.021300
speech-replay,3.1635,0.028100
speech-replay,2.4411,0.025400
speech-replay,2.3328,0.024200
speech-replay,2.6651,0.030200
speech-replay,3.1934,0.031300
speech-replay,3.2724,0.030200
speech-replay,2.4733,0.026600
speech-replay,2.8794,0.024400
speech-replay,3.0586,0.021900
speech-replay,2.4994,0.024700
speech-replay,2.9818,0.031700
speech-replay,3.4221,0.028900
speech-replay,2.9576,0.028900
speech-replay,3.1380,0.025400
speech-replay,2.6534,0.023700
speech-replay,3.3349,0.032600
speech-replay,3.0552,0.029000
speech-replay,2.8503,0.025600
speech-replay,2.5564,0.023700
speech-replay,2.7557,0.026700
speech-replay,3.0246,0.033000
speech-replay,2.9424,0.028100
speech-replay,2.8572,0.027800
speech-replay,2.5773,0.020700
speech-replay,2.5403,0.034500
speech-replay,2.9194,0.022700
speech-replay,2.4709,0.033600
speech-replay,3.0253,0.029000
speech-replay,3.0844,0.022000
speech-replay,3.0884,0.029200
speech-replay,2.6700,0.024000
speech-replay,2.5595,0.039600
speech-replay,3.4136,0.037600
speech-replay,2.5412,0.026300
speech-replay,3.0317,0.025300
speech-replay,2.6349,0.029700
speech-replay,2.5286,0.031800
speech-replay,3.1629,0.029100
speech-replay,2.7965,0.024600
speech-replay,2.7376,0.022100
speech-replay,2.5424,0.030600
speech-replay,3.0263,0.026900
speech-replay,2.7968,0.024100
speech-replay,2.4682,0.021700
speech-replay,2.6602,0.029600
speech-replay,2.5690,0.029100
speech-replay,2.4649,0.024800
speech-replay,3.0813,0.033400
speech-replay,2.6092,0.023300
speech-replay,2.4389,0.021100
speech-replay,2.9098,0.025100
speech-replay,2.5676,0.024100
speech-replay,2.7434,0.021900
speech-replay,2.3022,0.020400
speech-replay,3.5770,0.029500
speech-replay,3.5862,0.025700
speech-replay,2.8634,0.043000
speech-replay,3.1024,0.027400
speech-replay,2.8197,0.033500
speech-replay,3.2412,0.032300
speech-replay,3.0934,0.030200
speech-replay,2.9103,0.024400
speech-replay,3.0705,0.025500
speech-replay,2.9837,0.027300
speech-replay,2.9433,0.027000
speech-replay,2.7621,0.032200
speech-replay,2.7761,0.024700
speech-replay,2.5038,0.022000
speech-replay,2.6170,0.027600
speech-replay,2.7931,0.022300
speech-replay,2.5130,0.022400
speech-replay,2.7154,0.027100
speech-replay,2.7350,0.023800
speech-replay,2.6782,0.026700
speech-replay,3.1358,0.031800
speech-replay,3.8667,0.029500
speech-replay,2.9740,0.024500
speech-replay,2.6094,0.023900
speech-replay,2.7630,0.034000
speech-replay,2.7323,0.021800
speech-replay,2.3401,0.022600
speech-replay,2.6738,0.022700
speech-replay,2.3616,0.025000
speech-replay,3.1358,0.029500
speech-replay,2.8073,0.023400
speech-replay,2.2908,0.023500
speech-replay,2.4861,0.023800
speech-replay,3.4600,0.031100
speech-replay,2.8924,0.029300
speech-replay,3.1371,0.030800
speech-replay,2.7373,0.030600
speech-replay,2.9498,0.026800
speech-replay,2.6408,0.023300
speech-replay,2.6597,0.023100
speech-replay,2.6047,0.027300
speech-replay,2.9988,0.026600
speech-replay,2.9028,0.028800
speech-replay,2.7128,0.036300
speech-replay,2.9681,0.028600
speech-replay,2.8299,0.022200
speech-replay,2.6360,0.027500
speech-replay,3.4016,0.027400
speech-replay,3.0094,0.030100
speech-replay,3.2500,0.026800
speech-replay,2.6357,0.022400
speech-replay,2.6140,0.030900
speech-replay,2.7878,0.024600
speech-replay,2.6705,0.030100
speech-replay,3.0885,0.031400
speech-replay,2.7508,0.022200
speech-replay,2.5866,0.027900
speech-replay,2.6054,0.024500
speech-replay,2.6580,0.030200
speech-replay,3.4040,0.028300
speech-replay,2.9098,0.024600
speech-replay,2.6859,0.025900
speech-replay,2.6150,0.025600
speech-replay,2.7990,0.027900
speech-replay,3.0819,0.027600
speech-replay,2.7704,0.021900
speech-replay,2.8473,0.031800
speech-replay,2.6468,0.022700
speech-replay,2.3167,0.027700
speech-replay,2.9041,0.021200
speech-replay,2.3879,0.025700
speech-replay,2.8074,0.025500
speech-replay,3.0740,0.028000
speech-replay,2.5412,0.022400
speech-replay,2.4136,0.020400
speech-replay,2.4177,0.020000
speech-replay,2.5369,0.023300
speech-replay,3.3461,0.022800
speech-replay,3.0298,0.034800
speech-replay,2.7555,0.022700
speech-replay,2.2686,0.020500
speech-replay,2.5154,0.030100
speech-replay,2.7449,0.023300
speech-replay,2.3553,0.021100
speech-replay,2.2464,0.020400
speech-replay,2.5201,0.025800
speech-replay,2.6201,0.024900
speech-replay,2.5867,0.021500
speech-replay,2.2964,0.020400
speech-replay,2.3123,0.019400
speech-replay,2.6560,0.025300
speech-replay,2.4768,0.022500
speech-replay,2.7356,0.028400
speech-replay,2.9600,0.022700
speech-replay,2.5808,0.023200
speech-replay,3.2858,0.027400
speech-replay,2.7364,0.024000
speech-replay,2.5778,0.022700
speech-replay,2.5615,0.024900
speech-replay,2.4928,0.023800
speech-replay,2.9520,0.025900
speech-replay,2.9283,0.023600
speech-replay,2.2808,0.023700
speech-replay,2.3523,0.030300
speech-replay,2.5302,0.026500
speech-replay,3.0742,0.041700
speech-replay,2.6269,0.020900
speech-replay,2.3640,0.022700
speech-replay,2.6596,0.021500
speech-replay,2.4870,0.021500
speech-replay,2.4393,0.024800
speech-replay,3.1933,0.045000
speech-replay,2.6368,0.021800
speech-replay,2.5176,0.023200
speech-replay,2.5270,0.021700
speech-replay,2.2724,0.019700
speech-replay,2.5953,0.029100
speech-replay,2.5596,0.021500
speech-replay,2.4182,0.026100
speech-replay,3.2894,0.033900
speech-replay,2.9827,0.033600
speech-replay,3.5067,0.065300
speech-replay,3.0079,0.026500
speech-replay,3.1875,0.035900
speech-replay,3.5496,0.028100
speech-replay,3.2223,0.030600
speech-replay,2.9042,0.025600
speech-replay,2.8474,0.027800
speech-replay,2.9317,0.024900
speech-replay,2.5783,0.026200
speech-replay,2.9451,0.024000
speech-replay,2.6405,0.022700
speech-replay,2.2757,0.023700
speech-replay,2.9131,0.032000
speech-replay,2.9558,0.026100
speech-replay,3.0510,0.031900
speech-replay,3.1376,0.026300
speech-replay,3.1233,0.032900
speech-replay,3.8682,0.046500
speech-replay,3.3541,0.029000
speech-replay,2.8069,0.024600
speech-replay,2.8260,0.035500
speech-replay,3.7235,0.037200
speech-replay,3.8949,0.031500
speech-replay,2.9696,0.025100
speech-replay,2.8576,0.024900
speech-replay,2.9596,0.033800
speech-replay,3.3891,0.023500
speech-replay,2.6476,0.031700
speech-replay,2.7825,0.025500
speech-replay,2.8164,0.028200
speech-replay,2.8213,0.029400
speech-replay,3.2952,0.025800
speech-replay,2.7851,0.025700
speech-replay,2.9339,0.029000
speech-replay,2.8549,0.041800
speech-replay,3.5156,0.038400
speech-replay,2.8444,0.031100
speech-replay,2.9700,0.042600
speech-replay,3.1098,0.025700
speech-replay,2.8031,0.023300
speech-replay,2.3983,0.022700
speech-replay,2.3439,0.025800
speech-replay,2.9119,0.030000
speech-replay,2.6292,0.023900
speech-replay,2.9710,0.024600
speech-replay,2.7812,0.036200
speech-replay,3.3971,0.026000
speech-replay,2.5915,0.025100
speech-replay,2.3881,0.022600
speech-replay,2.7965,0.025600
speech-replay,2.6013,0.022600
speech-replay,2.6222,0.037000
speech-replay,3.0763,0.031000
speech-replay,2.9582,0.027900
speech-replay,3.8553,0.034000
speech-replay,3.4392,0.030800
speech-replay,3.9260,0.036900
speech-replay,3.1653,0.041300
speech-replay,3.5828,0.030000
speech-replay,3.3584,0.048300
speech-replay,4.3978,0.048200
speech-replay,4.4102,0.042600
speech-replay,4.1958,0.045600
speech-replay,4.7975,0.067700
speech-replay,4.2451,0.041700
speech-replay,4.6990,0.045200
speech-replay,5.9104,0.051500
speech-replay,6.8586,0.059600
speech-replay,6.8752,0.052200
speech-replay,7.3314,0.064300
speech-replay,6.8869,0.052200
speech-replay,7.5578,0.065600
speech-replay,7.9025,0.074200
speech-replay,7.6469,0.046500
speech-replay,5.4483,0.049200
speech-replay,5.3848,0.051700
speech-replay,6.6843,0.054200
speech-replay,6.1067,0.057300
speech-replay,6.0853,0.055400
speech-replay,6.4915,0.064400
speech-replay,6.6258,0.046100
speech-replay,5.2033,0.039500
speech-replay,4.6038,0.039200
speech-replay,5.8066,0.055300
speech-replay,5.8968,0.052800
speech-replay,7.7737,0.085800
speech-replay,6.3298,0.040600
speech-replay,7.0507,0.122800
speech-replay,6.5395,0.048000
speech-replay,8.2396,0.055700
speech-replay,6.9281,0.046800
speech-replay,5.9104,0.117800
speech-replay,7.2783,0.076500
speech-replay,8.2959,0.055400
speech-replay,9.0940,0.073500
speech-replay,7.4459,0.050300
speech-replay,6.8150,0.056800
speech-replay,8.6698,0.052900
speech-replay,7.5054,0.060400
speech-replay,7.6553,0.069600
speech-replay,6.4476,0.056800
speech-replay,6.7553,0.066400
speech-replay,7.7195,0.057400
speech-replay,8.3654,0.057500
speech-replay,8.1770,0.050000
speech-replay,7.2634,0.045300
speech-replay,6.9432,0.070200
speech-replay,6.2555,0.043600
speech-replay,5.8313,0.060000
speech-replay,6.6824,0.061900
speech-replay,6.3294,0.093100
speech-replay,6.7451,0.102700
speech-replay,7.0578,0.073900
speech-replay,5.4943,0.060600
speech-replay,4.7775,0.036800
speech-replay,4.9681,0.039700
speech-replay,4.7598,0.066200
speech-replay,4.6826,0.039600
speech-replay,5.2446,0.041400
speech-replay,6.1672,0.043000
speech-replay,5.9248,0.068500
speech-replay,7.6508,0.054100
speech-replay,7.4661,0.064000
speech-replay,7.5612,0.049600
speech-replay,6.9215,0.055800
speech-replay,7.2042,0.059000
speech-replay,6.8278,0.080000
speech-replay,7.1880,0.111500
speech-replay,7.2725,0.063500
speech-replay,6.9063,0.044700
speech-replay,5.3664,0.056900
speech-replay,6.0423,0.047900
speech-replay,5.4985,0.046200
speech-replay,5.3910,0.136500
speech-replay,5.5588,0.038800
speech-replay,5.8212,0.042800
speech-replay,4.7344,0.035700
speech-replay,4.6490,0.039200
speech-replay,3.8112,0.037700
speech-replay,3.8202,0.042400
speech-replay,5.1544,0.041900
speech-replay,4.9682,0.057300
speech-replay,3.7401,0.046900
speech-replay,4.0400,0.062500
speech-replay,4.3212,0.046200
speech-replay,4.6801,0.046800
speech-replay,4.5678,0.034200
speech-replay,3.7146,0.047000
speech-replay,4.6328,0.030500
speech-replay,4.7829,0.058900
speech-replay,5.7080,0.057000
speech-replay,5.1553,0.042900
speech-replay,5.4304,0.037300
speech-replay,5.4182,0.041300
speech-replay,6.4781,0.061600
speech-replay,5.4720,0.108100
speech-replay,4.7012,0.040600
speech-replay,4.9831,0.105100
speech-replay,5.9048,0.046400
speech-replay,5.3037,0.137200
speech-replay,7.0005,0.056300
speech-replay,5.8889,0.048000
speech-replay,4.9074,0.036000
speech-replay,4.8126,0.054100
speech-replay,3.9356,0.039800
speech-replay,3.9605,0.034000
speech-replay,3.3753,0.033300
speech-replay,3.5720,0.033400
speech-replay,3.3867,0.033500
speech-replay,3.1693,0.025900
speech-replay,3.5342,0.036800
speech-replay,3.2500,0.025100
speech-replay,2.7739,0.031200
speech-replay,3.0222,0.028700
speech-replay,3.2448,0.030100
speech-replay,3.4422,0.042800
speech-replay,3.1749,0.028400
speech-replay,3.2587,0.034700
speech-replay,2.9547,0.026300
speech-replay,3.5125,0.059200
speech-replay,3.6560,0.035300
speech-replay,2.8700,0.031200
speech-replay,2.8278,0.027000
speech-replay,2.7992,0.024700
speech-replay,2.9087,0.033800
speech-replay,3.6526,0.042600
speech-replay,3.1119,0.027200
speech-replay,2.8253,0.022700
speech-replay,2.7709,0.023400
speech-replay,2.7632,0.022900
speech-replay,3.0485,0.033900
speech-replay,3.1708,0.026400
speech-replay,2.8657,0.023500
speech-replay,2.8534,0.028400
speech-replay,2.6920,0.023300
speech-replay,2.9229,0.028200
speech-replay,2.9554,0.030900
speech-replay,2.7620,0.029700
speech-replay,2.8204,0.027500
speech-replay,2.5129,0.020800
speech-replay,2.6196,0.024300
speech-replay,2.8293,0.024900
speech-replay,2.5435,0.025500
speech-replay,2.9117,0.024800
speech-replay,2.4119,0.022600
speech-replay,2.6665,0.024600
speech-replay,2.7754,0.023200
speech-replay,2.6820,0.022900
speech-replay,3.3440,0.249200
speech-replay,3.1681,0.021500
speech-replay,2.6903,0.023400
speech-replay,2.6623,0.023300
speech-replay,2.5423,0.023300
speech-replay,2.7925,0.024700
speech-replay,2.8402,0.022900
speech-replay,2.6887,0.025100
speech-replay,2.9739,0.024900
speech-replay,2.5116,0.089100
speech-replay,3.7038,0.027300
speech-replay,2.9937,0.024500
speech-replay,2.5826,0.031700
speech-replay,2.5015,0.023400
speech-replay,2.4109,0.031500
speech-replay,3.8827,0.028100
speech-replay,2.5555,0.024400
speech-replay,2.7475,0.024500
speech-replay,2.5026,0.022800
speech-replay,2.6945,0.031200
speech-replay,2.7217,0.023400
speech-replay,2.6063,0.022700
speech-replay,2.9696,0.029200
speech-replay,2.7233,0.021100
speech-replay,2.3135,0.025800
speech-replay,3.1480,0.032200
speech-replay,2.8261,0.022500
speech-replay,2.7440,0.024900
speech-replay,2.9870,0.024000
speech-replay,2.5999,0.022200
speech-replay,2.8215,0.025800
speech-replay,2.6381,0.025400
speech-replay,2.7562,0.030900
speech-replay,2.9546,0.023800
speech-replay,2.4176,0.026000
speech-replay,2.8808,0.023500
speech-replay,2.7740,0.022300
speech-replay,3.0626,0.035200
speech-replay,3.0652,0.023200
speech-replay,3.0668,0.025700
speech-replay,2.8668,0.025700
speech-replay,2.6350,0.026000
speech-replay,3.3876,0.037400
speech-replay,3.1860,0.027200
speech-replay,3.1319,0.033600
speech-replay,3.0047,0.022100
speech-replay,2.5788,0.032700
speech-replay,2.8615,0.025100
speech-replay,2.6456,0.023200
speech-replay,2.9143,0.029300
speech-replay,2.9726,0.023200
speech-replay,3.0519,0.028400
speech-replay,2.8876,0.024600
speech-replay,2.4872,0.024500
speech-replay,2.5961,0.023400
speech-replay,2.8732,0.028200
speech-replay,3.0330,0.023500
speech-replay,2.9880,0.030100
speech-replay,2.7547,0.029400
speech-replay,2.9975,0.026100
speech-replay,2.6700,0.021800
speech-replay,2.8024,0.027300
speech-replay,2.7657,0.027000
speech-replay,2.3562,0.034600
speech-replay,2.9398,0.032200
speech-replay,2.5562,0.020100
speech-replay,2.2998,0.024600
speech-replay,2.9326,0.026400
speech-replay,2.5286,0.019600
speech-replay,2.7722,0.030600
speech-replay,2.8334,0.020900
speech-replay,2.6991,0.064100
speech-replay,3.0714,0.023700
speech-replay,2.3864,0.020700
speech-replay,2.8076,0.026900
speech-replay,2.8999,0.020900
speech-replay,2.7234,0.029800
speech-replay,2.6611,0.023300
speech-replay,2.4865,0.022000
speech-replay,3.1028,0.035600
speech-replay,2.5968,0.020700
speech-replay,2.3005,0.026500
speech-replay,2.9621,0.027600
speech-replay,2.3272,0.021600
speech-replay,2.2793,0.025800
speech-replay,2.6104,0.026800
speech-replay,2.5664,0.022600
speech-replay,2.8009,0.024000
speech-replay,2.7259,0.023400
speech-replay,2.4019,0.023900
speech-replay,2.6195,0.025300
speech-replay,2.7705,0.021000
speech-replay,2.7072,0.032400
speech-replay,2.7499,0.025300
speech-replay,2.8330,0.022100
speech-replay,2.8732,0.028300
speech-replay,2.7287,0.022400
speech-replay,2.6402,0.032000
speech-replay,2.7458,0.029800
speech-replay,2.6479,0.025900
speech-replay,2.7858,0.025300
speech-replay,2.7108,0.022700
speech-replay,2.6562,0.025600
speech-replay,2.6621,0.020900
speech-replay,2.4415,0.020300
speech-replay,2.6960,0.029900
speech-replay,2.9601,0.023300
speech-replay,2.6959,0.022100
speech-replay,2.5876,0.024100
speech-replay,2.4903,0.023000
speech-replay,2.6883,0.027900
speech-replay,3.1561,0.027000
speech-replay,3.2051,0.033400
speech-replay,3.4659,0.030900
speech-replay,3.5531,0.055000
speech-replay,4.8888,0.042300
speech-replay,4.3161,0.035800
speech-replay,4.3634,0.040800
speech-replay,4.2538,0.041900
speech-replay,4.3928,0.077100
speech-replay,4.2869,0.039100
speech-replay,4.0232,0.069500
speech-replay,3.2299,0.026500
speech-replay,3.3347,0.034500
speech-replay,3.4827,0.029900
speech-replay,3.8462,0.038100
speech-replay,3.0591,0.025400
speech-replay,3.3086,0.053900
speech-replay,3.7693,0.047500
speech-replay,3.8912,0.043300
speech-replay,3.2786,0.032600
speech-replay,3.2472,0.048100
speech-replay,3.2010,0.025100
speech-replay,3.0689,0.026900
speech-replay,2.7319,0.032200
speech-replay,3.5433,0.031100
speech-replay,3.0695,0.027200
speech-replay,3.1441,0.027100
speech-replay,3.1360,0.025200
speech-replay,2.7146,0.023600
speech-replay,2.9142,0.026100
speech-replay,2.7560,0.027600
speech-replay,3.2666,0.026900
speech-replay,3.1787,0.029400
speech-replay,3.0329,0.029300
speech-replay,3.4859,0.038400
speech-replay,3.2418,0.030500
speech-replay,4.7336,0.034200
speech-replay,3.4493,0.032300
speech-replay,3.5086,0.047300
speech-replay,3.7173,0.035300
speech-replay,3.3446,0.036700
speech-replay,3.5756,0.039300
speech-replay,3.6390,0.029000
speech-replay,3.8516,0.033500
speech-replay,3.5568,0.034800
speech-replay,3.8574,0.038700
speech-replay,3.3604,0.028700
speech-replay,3.2859,0.040900
speech-replay,3.2914,0.038300
speech-replay,4.0732,0.037800
speech-replay,3.0887,0.029900
speech-replay,3.1660,0.029300
speech-replay,3.1187,0.031100
speech-replay,3.6506,0.037000
speech-replay,3.2606,0.030800
speech-replay,3.3507,0.032500
speech-replay,3.1532,0.030700
speech-replay,3.0481,0.029900
speech-replay,3.2211,0.033300
speech-replay,4.0756,0.034700
speech-replay,3.5136,0.030600
speech-replay,3.3264,0.033700
speech-replay,3.2811,0.031700
speech-replay,4.1197,0.050200
speech-replay,3.7876,0.030800
speech-replay,3.5932,0.035100
speech-replay,3.5173,0.039300
speech-replay,4.3208,0.036800
speech-replay,4.4615,0.049700
speech-replay,4.5264,0.034200
speech-replay,4.4234,0.063200
speech-replay,6.7305,0.064200
speech-replay,5.8671,0.050900
speech-replay,5.5620,0.048800
speech-replay,4.4997,0.065000
speech-replay,4.9541,0.044600
speech-replay,5.0840,0.039500
speech-replay,4.9457,0.046100
speech-replay,4.0199,0.042300
speech-replay,4.0980,0.058300
speech-replay,5.4759,0.042100
speech-replay,3.4525,0.033200
speech-replay,3.9024,0.059500
speech-replay,3.9787,0.036800
speech-replay,3.4067,0.026200
speech-replay,3.4468,0.029100
speech-replay,3.2036,0.026200
speech-replay,3.1705,0.031000
speech-replay,3.2720,0.028700
speech-replay,3.8848,0.065400
speech-replay,4.3564,0.042500
speech-replay,4.8716,0.076500
speech-replay,5.6843,0.043100
speech-replay,5.1337,0.061700
speech-replay,7.0479,0.132600
speech-replay,5.9600,0.068900
speech-replay,6.6633,0.060300
speech-replay,6.1791,0.052400
speech-replay,5.7745,0.069300
speech-replay,7.0441,0.044200
speech-replay,5.6292,0.045400
speech-replay,4.4916,0.043400
speech-replay,5.1500,0.053300
speech-replay,5.7069,0.037100
speech-replay,3.9963,0.033600
speech-replay,3.5413,0.032000
speech-replay,3.3801,0.032600
speech-replay,3.3659,0.032600
speech-replay,3.6365,0.040300
speech-replay,3.6707,0.046300
speech-replay,4.3805,0.043200
speech-replay,3.3462,0.031300
speech-replay,3.8834,0.039900
speech-replay,3.9144,0.059600
speech-replay,5.6089,0.081200
speech-replay,4.9948,0.035000
speech-replay,3.7621,0.031700
speech-replay,3.5976,0.032900
speech-replay,3.6668,0.038200
speech-replay,4.0554,0.052700
speech-replay,4.7792,0.054500
speech-replay,4.5638,0.034200
speech-replay,3.7889,0.032300
speech-replay,3.3255,0.032800
speech-replay,3.8677,0.036600
speech-replay,3.8208,0.055100
speech-replay,3.1425,0.030800
speech-replay,3.3521,0.036200
speech-replay,3.9295,0.027900
speech-replay,4.5434,0.057200
speech-replay,4.6362,0.046000
speech-replay,4.0008,0.041200
speech-replay,4.1050,0.063200
speech-replay,3.7174,0.036100
speech-replay,4.1176,0.052900
speech-replay,3.4256,0.033900
speech-replay,3.5856,0.030000
speech-replay,3.7261,0.057100
speech-replay,4.3756,0.031200
speech-replay,3.3223,0.032200
speech-replay,3.1832,0.041900
speech-replay,4.0068,0.031200
speech-replay,3.7704,0.030900
speech-replay,3.7348,0.064400
speech-replay,3.3002,0.027000
speech-replay,3.7907,0.042200
speech-replay,3.8622,0.061200
speech-replay,3.9434,0.042600
speech-replay,3.6392,0.025700
speech-replay,4.0052,0.035800
speech-replay,3.4829,0.043100
speech-replay,4.3887,0.043700
speech-replay,3.8415,0.027300
speech-replay,3.7749,0.042200
speech-replay,4.1317,0.029900
speech-replay,3.5997,0.031300
speech-replay,4.0364,0.039400
speech-replay,3.8696,0.038200
speech-replay,3.9412,0.049100
speech-replay,4.5321,0.056200
speech-replay,5.6690,0.073000
speech-replay,4.6491,0.115300
speech-replay,4.6270,0.034500
speech-replay,3.7589,0.039900
speech-replay,3.8905,0.055900
speech-replay,3.5988,0.037700
speech-replay,3.8120,0.034300
speech-replay,3.0541,0.038400
speech-replay,4.1114,0.046100
speech-replay,3.6163,0.032000
speech-replay,3.6612,0.027400
speech-replay,3.2473,0.032900
speech-replay,3.3542,0.031200
speech-replay,3.7613,0.052800
speech-replay,4.1020,0.031400
speech-replay,3.2947,0.031900
speech-replay,3.6335,0.036200
speech-replay,3.4776,0.040300
speech-replay,4.2976,0.032800
speech-replay,4.5803,0.034300
speech-replay,3.2719,0.028600
speech-replay,4.5087,0.065800
speech-replay,4.4951,0.037300
speech-replay,4.2099,0.088900
speech-replay,4.1108,0.031500
speech-replay,3.4439,0.035000
speech-replay,3.6573,0.031900
speech-replay,3.0774,0.024800
speech-replay,3.2501,0.038600
speech-replay,3.7466,0.029600
speech-replay,3.6963,0.040800
speech-replay,3.6794,0.036700
speech-replay,4.2149,0.564900
speech-replay,27.4823,0.054400
speech-replay,5.1101,0.042900
speech-replay,5.6710,0.046700
speech-replay,5.8317,0.076900
speech-replay,5.6929,0.067200
speech-replay,4.6210,0.040800
speech-replay,4.3400,0.050000
speech-replay,5.2400,0.051100
speech-replay,4.2726,0.056700
speech-replay,3.6103,0.032600
speech-replay,4.7179,0.037400
speech-replay,5.5347,0.045500
speech-replay,5.7565,0.051900
speech-replay,5.0045,0.148700
speech-replay,4.7723,0.035900
speech-replay,4.2141,0.031300
speech-replay,5.1809,0.083000
speech-replay,5.7061,0.040500
speech-replay,5.0881,0.044000
speech-replay,5.1074,0.059800
speech-replay,5.7491,0.049500
speech-replay,5.0334,0.036200
speech-replay,5.3569,0.056500
speech-replay,5.0898,0.061800
speech-replay,5.0067,0.056600
speech-replay,5.7810,0.051900
speech-replay,5.5401,0.040400
speech-replay,6.6136,0.046200
speech-replay,5.0864,0.058300
speech-replay,5.6361,0.035800
speech-replay,3.8356,0.036900
speech-replay,4.7286,0.038800
speech-replay,4.4806,0.049900
speech-replay,4.6802,0.039000
speech-replay,3.8407,0.033200
speech-replay,4.4324,0.038000
speech-replay,3.7611,0.037500
speech-replay,4.0825,0.053100
speech-replay,3.5417,0.067200
speech-replay,3.6480,0.035100
speech-replay,4.2792,0.039200
speech-replay,3.9228,0.041400
speech-replay,3.8041,0.039900
speech-replay,4.7910,0.065200
speech-replay,4.4680,0.045200
speech-replay,4.4768,0.038800
speech-replay,5.0522,0.036500
speech-replay,5.0365,0.050800
speech-replay,4.2630,0.032300
speech-replay,4.0901,0.034700
speech-replay,3.7389,0.054300
speech-replay,4.4857,0.032500
speech-replay,4.2562,0.047700
speech-replay,4.5115,0.047000
speech-replay,3.5933,0.037300
speech-replay,3.0920,0.030400
speech-replay,3.8414,0.050600
speech-replay,3.8885,0.048500
speech-replay,3.9451,0.031200
speech-replay,3.8745,0.038400
speech-replay,3.7532,0.037400
speech-replay,4.3496,0.032900
speech-replay,3.9684,0.030100
speech-replay,3.8533,0.035800
speech-replay,3.3539,0.028200
speech-replay,3.6676,0.042100
speech-replay,3.7441,0.029600
speech-replay,3.0511,0.029500
speech-replay,2.8147,0.024600
speech-replay,2.9138,0.041200
speech-replay,3.3581,0.024400
speech-replay,2.9371,0.030400
speech-replay,3.2479,0.031200
speech-replay,2.9768,0.040300
speech-replay,3.4729,0.052800
speech-replay,3.5921,0.034000
speech-replay,3.1579,0.025900
speech-replay,2.5040,0.023100
speech-replay,3.3903,0.042400
speech-replay,3.8202,0.030700
speech-replay,3.4659,0.047100
speech-replay,3.8322,0.037800
speech-replay,3.0338,0.029600
speech-replay,3.1637,0.029400
speech-replay,3.6263,0.034900
speech-replay,3.3707,0.025400
speech-replay,3.0939,0.032700
speech-replay,3.1115,0.025700
speech-replay,3.3119,0.029300
speech-replay,3.7263,0.030200
speech-replay,3.3426,0.033100
speech-replay,2.9580,0.026900
speech-replay,2.7686,0.028700
speech-replay,4.2743,0.035400
speech-replay,3.3121,0.036400
speech-replay,3.8214,0.039700
speech-replay,3.9258,0.060900
speech-replay,3.6193,0.029900
speech-replay,2.7671,0.027700
speech-replay,3.0401,0.026800
speech-replay,2.7006,0.029200
speech-replay,3.5332,0.029200
speech-replay,3.1066,0.024600
speech-replay,3.4866,0.036100
speech-replay,3.9011,0.064100
speech-replay,3.5503,0.039300
speech-replay,3.1248,0.030100
speech-replay,2.9706,0.025800
speech-replay,2.9404,0.024900
speech-replay,3.6799,0.031300
speech-replay,3.0461,0.026200
speech-replay,2.9114,0.027200
speech-replay,2.8696,0.025300
speech-replay,3.6057,0.045500
speech-replay,3.9455,0.026900
speech-replay,2.7824,0.026600
speech-replay,3.1416,0.032500
speech-replay,3.7548,0.033300
speech-replay,3.1739,0.031300
speech-replay,3.5297,0.031800
speech-replay,3.4319,0.032700
speech-replay,3.0949,0.031800
speech-replay,2.9544,0.033800
speech-replay,2.8378,0.022600
speech-replay,2.8151,0.025500
speech-replay,3.2983,0.025600
speech-replay,3.1086,0.034200
speech-replay,3.0453,0.031500
speech-replay,2.7464,0.028700
speech-replay,2.9940,0.024500
speech-replay,3.0840,0.026000
speech-replay,3.1019,0.029700
speech-replay,2.9327,0.023700
speech-replay,3.2947,0.031200
speech-replay,2.8968,0.034400
speech-replay,2.8484,0.036300
speech-replay,3.7806,0.028300
speech-replay,2.6772,0.026100
speech-replay,2.7811,0.027100
speech-replay,2.4578,0.021700
speech-replay,2.6354,0.034100
speech-replay,3.0095,0.021700
speech-replay,2.3366,0.023900
speech-replay,3.1001,0.088300
speech-replay,3.3283,0.025100
speech-replay,2.8442,0.023500
speech-replay,2.6546,0.021600
speech-replay,2.4287,0.019800
speech-replay,2.8404,0.025700
speech-replay,2.7400,0.023600
speech-replay,2.5862,0.028000
speech-replay,2.6849,0.025300
speech-replay,2.5780,0.022500
speech-replay,2.8491,0.027400
speech-replay,2.6792,0.046200
speech-replay,3.3615,0.028300
speech-replay,3.5275,0.024000
speech-replay,2.7424,0.023700
speech-replay,2.7657,0.023400
speech-replay,3.1514,0.024900
speech-replay,3.2558,0.025600
speech-replay,2.8696,0.022000
speech-replay,2.8577,0.028500
speech-replay,2.9647,0.023800
speech-replay,2.5894,0.027100
speech-replay,3.0158,0.026000
speech-replay,2.8685,0.039700
speech-replay,3.0481,0.024300
speech-replay,2.5313,0.024400
speech-replay,2.3657,0.022700
speech-replay,2.9310,0.023700
speech-replay,2.4612,0.022600
speech-replay,2.7346,0.035000
speech-replay,3.7308,0.038500
speech-replay,3.4160,0.032900
speech-replay,4.6129,0.060500
speech-replay,4.9039,0.041600
speech-replay,4.9730,0.037300
speech-replay,4.1209,0.044000
speech-replay,4.2907,0.037100
speech-replay,4.7473,0.047200
speech-replay,5.5650,0.053500
speech-replay,5.6620,0.035100
speech-replay,3.9172,0.067300
speech-replay,3.0946,0.026200
speech-replay,3.5697,0.054800
speech-replay,3.5619,0.030500
speech-replay,3.2469,0.025800
speech-replay,2.6535,0.030200
speech-replay,2.5183,0.030900
speech-replay,2.7539,0.024000
speech-replay,2.5174,0.021900
speech-replay,3.1258,0.063600
speech-replay,3.4253,0.029600
speech-replay,2.9120,0.024700
speech-replay,2.7338,0.026100
speech-replay,2.5519,0.021500
speech-replay,3.1413,0.029800
speech-replay,3.2707,0.043000
speech-replay,2.9076,0.022000
speech-replay,2.7165,0.031900
speech-replay,3.2089,0.028600
speech-replay,2.9149,0.028900
speech-replay,3.1419,0.034400
speech-replay,3.5304,0.032900
speech-replay,2.8367,0.025900
speech-replay,3.2253,0.030500
speech-replay,2.5973,0.023200
speech-replay,2.5240,0.025200
speech-replay,3.0009,0.025600
speech-replay,2.7810,0.022400
speech-replay,3.6821,0.031900
speech-replay,3.0645,0.025600
speech-replay,3.2152,0.027800
speech-replay,2.7843,0.025900
speech-replay,2.8361,0.022600
speech-replay,2.5162,0.023200
speech-replay,2.2703,0.027000
speech-replay,2.5678,0.023400
speech-replay,2.5298,0.021200
speech-replay,2.3690,0.024400
speech-replay,2.9024,0.028500
speech-replay,2.9965,0.030800
speech-replay,2.6801,0.025200
speech-replay,2.6049,0.022300
speech-replay,2.4076,0.022000
speech-replay,2.6660,0.024600
speech-replay,2.7012,0.022700
speech-replay,2.5654,0.034700
speech-replay,3.1568,0.037900
speech-replay,2.5433,0.021900
speech-replay,2.5011,0.022300
speech-replay,2.6621,0.024600
speech-replay,2.3287,0.022300
speech-replay,2.7745,0.024400
speech-replay,2.3778,0.021100
speech-replay,3.0515,0.025300
speech-replay,2.7290,0.021300
speech-replay,2.4908,0.020800
speech-replay,2.8264,0.021600
speech-replay,2.6553,0.027400
speech-replay,2.5125,0.023100
speech-replay,2.4456,0.026400
speech-replay,2.4098,0.019700
speech-replay,2.3314,0.021500
speech-replay,2.8499,0.082400
speech-replay,3.0509,0.022800
speech-replay,2.9438,0.025700
speech-replay,2.7230,0.023400
speech-replay,2.7922,0.025100
speech-replay,3.3755,0.039100
speech-replay,2.9117,0.024000
speech-replay,3.0656,0.029500
speech-replay,3.1884,0.022900
speech-replay,2.6028,0.033800
speech-replay,3.0669,0.022700
speech-replay,2.6606,0.026100
speech-replay,2.9921,0.027100
speech-replay,2.5217,0.022800
speech-replay,2.4456,0.020800
speech-replay,2.3869,0.024200
speech-replay,2.2019,0.019400
speech-replay,2.7305,0.022000
speech-replay,2.5133,0.020200
speech-replay,2.4673,0.031900
speech-replay,2.8957,0.022600
speech-replay,2.5097,0.069900
speech-replay,2.5483,0.019300
speech-replay,3.4120,0.042900
speech-replay,3.7046,0.032200
speech-replay,3.2554,0.032000
speech-replay,3.9205,0.028000
speech-replay,4.0512,0.031300
speech-replay,3.5656,0.029800
speech-replay,2.8699,0.025500
speech-replay,2.5746,0.024800
speech-replay,2.4725,0.022100
speech-replay,2.7444,0.030700
speech-replay,2.9878,0.033200
speech-replay,2.6500,0.024800
speech-replay,2.6028,0.026300
speech-replay,2.8151,0.022500
speech-replay,2.5873,0.021200
speech-replay,2.5416,0.031800
speech-replay,3.5814,0.027700
speech-replay,3.0824,0.028000
speech-replay,3.0542,0.027400
speech-replay,3.2760,0.042400
speech-replay,3.5009,0.027300
speech-replay,2.8970,0.037000
speech-replay,2.8245,0.029900
speech-replay,3.4379,0.036100
speech-replay,3.4606,0.028700
speech-replay,2.9201,0.026200
speech-replay,2.7476,0.024900
speech-replay,2.7763,0.027200
speech-replay,2.7860,0.036400
speech-replay,3.1684,0.027100
speech-replay,2.8372,0.026600
speech-replay,3.0372,0.028300
speech-replay,3.0817,0.031600
speech-replay,3.1784,0.028800
speech-replay,3.4450,0.029900
speech-replay,2.7094,0.025900
speech-replay,3.4777,0.036800
speech-replay,2.9282,0.028500
speech-replay,2.6861,0.025500
speech-replay,2.4578,0.027200
speech-replay,2.8950,0.029700
speech-replay,2.9681,0.022800
speech-replay,2.2481,0.025900
speech-replay,2.5205,0.021900
speech-replay,2.3613,0.024700
speech-replay,2.4745,0.028400
speech-replay,2.9787,0.026300
speech-replay,2.6479,0.023400
speech-replay,2.6581,0.023500
speech-replay,2.4281,0.022000
speech-replay,2.5555,0.039600
speech-replay,2.9977,0.024700
speech-replay,2.4728,0.022000
speech-replay,2.7418,0.028500
speech-replay,3.2429,0.029900
speech-replay,2.9685,0.031200
speech-replay,3.6127,0.035600
speech-replay,3.0859,0.026700
speech-replay,3.2464,0.030700
speech-replay,3.1357,0.032200
speech-replay,3.3029,0.026400
speech-replay,2.8453,0.026600
speech-replay,3.0666,0.027300
speech-replay,3.1187,0.036000
speech-replay,2.7427,0.029500
speech-replay,2.6219,0.022900
speech-replay,2.3006,0.021700
speech-replay,2.8412,0.028200
speech-replay,2.6334,0.036400
speech-replay,2.6835,0.024200
speech-replay,3.6444,0.031800
speech-replay,2.9356,0.023900
speech-replay,2.8824,0.027500
speech-replay,2.8272,0.036900
speech-replay,4.1778,0.028500
speech-replay,3.0741,0.036900
speech-replay,3.0330,0.028200
speech-replay,2.4949,0.024400
speech-replay,2.9214,0.026500
speech-replay,2.7639,0.023800
speech-replay,2.2816,0.021000
speech-replay,2.1920,0.021900
speech-replay,2.3728,0.021200
speech-replay,2.2822,0.021500
speech-replay,3.0832,0.042300
speech-replay,3.1121,0.025300
speech-replay,2.9343,0.028800
speech-replay,2.6218,0.022800
speech-replay,2.6252,0.021400
speech-replay,2.1963,0.022800
speech-replay,3.0068,0.029300
speech-replay,2.8785,0.028900
speech-replay,3.1666,0.030500
speech-replay,2.5878,0.021400
speech-replay,2.3308,0.025100
speech-replay,2.3349,0.020700
speech-replay,2.5697,0.031900
speech-replay,3.0348,0.023400
speech-replay,2.9962,0.032600
speech-replay,2.2412,0.022000
speech-replay,2.5555,0.026300
speech-replay,2.6833,0.026500
speech-replay,2.6736,0.037400
speech-replay,2.8548,0.024400
speech-replay,2.3875,0.021600
speech-replay,2.6939,0.023700
speech-replay,2.4488,0.022100
speech-replay,2.2486,0.021600
speech-replay,3.1899,0.029300
speech-replay,3.1035,0.033000
speech-replay,3.2256,0.030400
speech-replay,3.1551,0.033100
speech-replay,3.1282,0.026700
speech-replay,3.1862,0.030400
speech-replay,2.7072,0.035400
speech-replay,3.2144,0.026500
speech-replay,2.6610,0.026500
speech-replay,2.9853,0.027000
speech-replay,2.8900,0.025400
speech-replay,2.8436,0.025900
speech-replay,2.8739,0.030100
speech-replay,2.7727,0.028800
speech-replay,3.5465,0.040500
speech-replay,3.1450,0.029400
speech-replay,3.2097,0.030800
speech-replay,3.0231,0.039600
speech-replay,3.0219,0.037000
speech-replay,2.9340,0.025900
speech-replay,3.0155,0.028300
speech-replay,2.7909,0.025700
speech-replay,2.6267,0.027300
speech-replay,2.7758,0.023300
speech-replay,2.5011,0.022000
speech-replay,2.3483,0.025500
speech-replay,2.6300,0.022600
speech-replay,2.3922,0.022900
speech-replay,3.2381,0.032100
speech-replay,2.8242,0.024600
speech-replay,2.3766,0.022400
speech-replay,3.0254,0.030500
speech-replay,3.4536,0.025500
speech-replay,3.4262,0.029000
speech-replay,3.1345,0.039900
speech-replay,2.7928,0.025300
speech-replay,2.9564,0.031800
speech-replay,2.8607,0.027600
speech-replay,2.9203,0.028300
speech-replay,2.4507,0.020600
speech-replay,2.9017,0.024300
speech-replay,2.6561,0.022000
speech-replay,2.8044,0.022700
speech-replay,2.7757,0.020900
speech-replay,2.6689,0.023400
speech-replay,2.8208,0.024900
speech-replay,2.7196,0.021300
speech-replay,2.2971,0.019300
speech-replay,3.6288,0.061800
speech-replay,2.8776,0.026000
speech-replay,3.3596,0.084100
speech-replay,3.2261,0.023700
speech-replay,2.8109,0.033100
speech-replay,3.7620,0.027400
speech-replay,2.4966,0.025500
speech-replay,2.6169,0.025900
speech-replay,2.8628,0.030100
speech-replay,3.0844,0.027900
speech-replay,3.0117,0.027700
speech-replay,2.7911,0.028100
speech-replay,2.7120,0.021100
speech-replay,2.3137,0.018900
speech-replay,2.7136,0.024300
speech-replay,2.4110,0.020300
speech-replay,2.6091,0.030500
speech-replay,3.3503,0.029600
speech-replay,2.5368,0.020400
speech-replay,2.6306,0.023200
speech-replay,2.5750,0.019800
speech-replay,2.6444,0.025400
speech-replay,2.8279,0.031300
speech-replay,2.4454,0.020900
speech-replay,2.7913,0.028900
speech-replay,2.7049,0.023200
speech-replay,2.5682,0.020300
speech-replay,2.5849,0.021200
speech-replay,2.8488,0.029600
speech-replay,2.9433,0.024400
speech-replay,2.7347,0.023200
speech-replay,2.7426,0.021300
speech-replay,2.7711,0.027600
speech-replay,3.2018,0.033500
speech-replay,3.3387,0.032000
speech-replay,3.3123,0.033300
speech-replay,4.0657,0.035300
speech-replay,4.1273,0.056900
speech-replay,5.3917,0.056800
speech-replay,4.8622,0.038000
speech-replay,3.7535,0.041100
speech-replay,5.0545,0.054700
speech-replay,3.9855,0.045100
speech-replay,3.8679,0.032400
speech-replay,3.6909,0.044100
speech-replay,3.7834,0.031700
speech-replay,3.3177,0.031800
speech-replay,3.2867,0.033200
speech-replay,4.9072,0.077800
speech-replay,4.8067,0.043400
speech-replay,3.9421,0.034300
speech-replay,4.0629,0.038000
speech-replay,3.7172,0.046600
speech-replay,3.6321,0.039800
speech-replay,3.7179,0.030800
speech-replay,3.3981,0.031000
speech-replay,3.5589,0.036800
speech-replay,3.7091,0.036100
speech-replay,2.8846,0.030600
speech-replay,3.5717,0.032000
speech-replay,3.6049,0.046400
speech-replay,4.1597,0.039800
speech-replay,3.1374,0.046700
speech-replay,3.6671,0.072700
speech-replay,3.9210,0.057300
speech-replay,3.9579,0.034700
speech-replay,3.8934,0.036200
speech-replay,3.4764,0.033800
speech-replay,3.5157,0.036900
speech-replay,3.6997,0.029100
speech-replay,3.9346,0.038300
speech-replay,3.3359,0.027200
speech-replay,3.0932,0.031800
speech-replay,2.8470,0.033700
speech-replay,2.7247,0.030000
speech-replay,3.5058,0.041400
speech-replay,3.8536,0.031400
speech-replay,3.2608,0.030300
speech-replay,2.7929,0.030100
speech-replay,3.0543,0.030500
speech-replay,3.0869,0.028100
speech-replay,3.4085,0.033600
speech-replay,3.4862,0.030300
speech-replay,3.4552,0.034000
speech-replay,3.5315,0.044600
speech-replay,3.9637,0.035000
speech-replay,3.3506,0.033400
speech-replay,3.1248,0.029700
speech-replay,2.9210,0.033000
speech-replay,3.5518,0.042900
speech-replay,3.2220,0.027000
speech-replay,3.1685,0.027300
speech-replay,2.9446,0.038800
speech-replay,2.6605,0.033600
speech-replay,3.6597,0.031300
speech-replay,3.1262,0.044900
speech-replay,4.0914,0.057600
speech-replay,3.2586,0.035700
speech-replay,3.2895,0.085800
speech-replay,3.7980,0.043000
speech-replay,3.6886,0.028700
speech-replay,2.7882,0.033700
speech-replay,3.1838,0.040000
speech-replay,3.3729,0.032800
speech-replay,2.9170,0.027300
speech-replay,2.8699,0.029500
speech-replay,2.9017,0.029200
speech-replay,2.9741,0.026600
speech-replay,3.0327,0.040400
speech-replay,4.5389,0.037700
speech-replay,3.5153,0.031800
speech-replay,3.1490,0.031700
speech-replay,2.7847,0.037100
speech-replay,3.8489,0.086200
speech-replay,4.1455,0.037700
speech-replay,4.5289,0.027700
speech-replay,3.0606,0.025500
speech-replay,3.3888,0.034800
speech-replay,4.1090,0.030500
speech-replay,3.5035,0.028000
speech-replay,4.0109,0.043400
speech-replay,3.1462,0.040000
speech-replay,3.3450,0.025800
speech-replay,2.5452,0.024700
speech-replay,2.4462,0.023000
speech-replay,2.6142,0.021300
speech-replay,2.8503,0.089400
speech-replay,4.2627,0.030000
speech-replay,2.7727,0.028100
speech-replay,3.2716,0.028400
speech-replay,2.6899,0.029200
speech-replay,2.8410,0.037100
speech-replay,2.7967,0.023200
speech-replay,2.5615,0.027200
speech-replay,2.8379,0.028000
speech-replay,2.9427,0.033000
speech-replay,2.9112,0.029000
speech-replay,2.7162,0.024000
speech-replay,2.3573,0.028300
speech-replay,3.1367,0.042600
speech-replay,3.1020,0.024100
speech-replay,2.6367,0.024800
speech-replay,2.4903,0.022900
speech-replay,2.4322,0.024000
speech-replay,3.2401,0.026100
speech-replay,2.8944,0.027600
speech-replay,3.0908,0.028300
speech-replay,2.7690,0.023500
speech-replay,2.8626,0.042800
speech-replay,3.2240,0.027100
speech-replay,2.5871,0.022800
speech-replay,3.0937,0.029400
speech-replay,2.6750,0.027400
speech-replay,2.9795,0.030100
speech-replay,2.7783,0.027600
speech-replay,2.7945,0.033700
speech-replay,3.1257,0.022600
speech-replay,2.6100,0.021700
speech-replay,2.4349,0.022900
speech-replay,2.3827,0.024800
speech-replay,2.8840,0.023100
speech-replay,2.6809,0.022800
speech-replay,2.5793,0.021200
speech-replay,2.6578,0.022000
speech-replay,2.4812,0.020100
speech-replay,2.7547,0.025700
speech-replay,3.3430,0.065000
speech-replay,3.1011,0.030400
speech-replay,3.3483,0.041600
speech-replay,3.2426,0.023000
speech-replay,2.8229,0.026200
speech-replay,2.5810,0.021500
speech-replay,2.5742,0.024300
speech-replay,3.0967,0.056400
speech-replay,2.4681,0.018600
speech-replay,3.0661,0.033000
speech-replay,3.2826,0.025800
speech-replay,2.5348,0.020600
speech-replay,2.9264,0.022100
speech-replay,2.7985,0.025600
speech-replay,3.0528,0.025400
speech-replay,2.8691,0.023000
speech-replay,2.4258,0.022300
speech-replay,2.6432,0.026100
speech-replay,2.7717,0.024400
speech-replay,2.5667,0.022300
speech-replay,2.5474,0.022900
speech-replay,2.4770,0.021000
speech-replay,2.8340,0.024500
speech-replay,2.4240,0.024700
speech-replay,2.5590,0.025200
speech-replay,2.3974,0.031500
speech-replay,2.6604,0.027300
speech-replay,2.6218,0.025300
speech-replay,2.4303,0.024100
speech-replay,2.4933,0.023100
speech-replay,2.6885,0.023700
speech-replay,2.5335,0.020900
speech-replay,2.3239,0.022400
speech-replay,2.9603,0.028300
speech-replay,3.0515,0.024600
speech-replay,2.8383,0.031500
speech-replay,3.0217,0.026100
speech-replay,2.7002,0.022800
speech-replay,2.8133,0.031500
speech-replay,2.9616,0.024100
speech-replay,2.5941,0.025900
speech-replay,2.7130,0.029700
speech-replay,2.7630,0.023300
speech-replay,2.9819,0.023700
speech-replay,2.5598,0.021700
speech-replay,2.5974,0.031200
speech-replay,3.0449,0.021600
speech-replay,2.2932,0.019900
speech-replay,2.8308,0.024400
speech-replay,2.8052,0.026100
speech-replay,2.5731,0.023300
speech-replay,3.4544,0.037500
speech-replay,2.9247,0.032900
speech-replay,2.6956,0.030300
speech-replay,2.7576,0.025300
speech-replay,3.2575,0.037700
speech-replay,2.8351,0.023400
speech-replay,2.4643,0.029100
speech-replay,3.2635,0.027400
speech-replay,2.4801,0.022800
speech-replay,2.7660,0.025200
speech-replay,2.6392,0.027000
speech-replay,2.4557,0.023700
speech-replay,2.4136,0.021800
speech-replay,2.4890,0.025700
speech-replay,2.5426,0.029200
speech-replay,3.7474,0.026300
speech-replay,3.1503,0.031300
speech-replay,3.2233,0.030100
speech-replay,2.6120,0.025100
speech-replay,3.2416,0.034100
speech-replay,3.4407,0.025500
speech-replay,2.5533,0.023900
speech-replay,2.5867,0.025800
speech-replay,2.3300,0.021600
speech-replay,2.8201,0.027500
speech-replay,2.9338,0.027100
speech-replay,2.9014,0.027100
speech-replay,2.6331,0.025000
speech-replay,2.5904,0.036300
speech-replay,3.2408,0.030600
speech-replay,3.3428,0.024600
speech-replay,3.1023,0.033900
speech-replay,2.9340,0.037800
speech-replay,4.9202,0.038100
speech-replay,3.8693,0.036400
speech-replay,3.6241,0.038900
speech-replay,3.6374,0.033600
speech-replay,3.3787,0.028200
speech-replay,2.6108,0.024600
speech-replay,3.0984,0.028000
speech-replay,2.8407,0.030500
speech-replay,3.4264,0.028400
speech-replay,3.3165,0.026400
speech-replay,2.8563,0.024300
speech-replay,2.6714,0.026400
speech-replay,2.8226,0.026100
speech-replay,3.6676,0.032500
speech-replay,2.8689,0.024800
speech-replay,3.0987,0.030500
speech-replay,3.4288,0.037100
speech-replay,2.8941,0.030600
speech-replay,2.6683,0.023400
speech-replay,2.4657,0.026100
speech-replay,3.4018,0.038300
speech-replay,3.4178,0.025900
speech-replay,2.9946,0.024600
speech-replay,2.5512,0.029900
speech-replay,2.8993,0.034000
speech-replay,2.9173,0.023700
speech-replay,2.3886,0.020700
speech-replay,2.5843,0.024800
speech-replay,2.6297,0.023900
speech-replay,2.3729,0.023600
speech-replay,3.1625,0.028200
speech-replay,2.4853,0.023000
speech-replay,2.7247,0.032300
speech-replay,3.0256,0.025600
speech-replay,2.4697,0.025500
speech-replay,2.5669,0.024100
speech-replay,2.7153,0.022200
speech-replay,3.1228,0.032700
speech-replay,2.8324,0.024300
speech-replay,3.4901,0.035700
speech-replay,2.8828,0.023700
speech-replay,2.4865,0.024000
speech-replay,2.8165,0.025900
speech-replay,2.6136,0.020400
speech-replay,3.3330,0.027400
speech-replay,2.9523,0.028200
speech-replay,2.3963,0.020900
speech-replay,2.5643,0.024800
speech-replay,2.4400,0.026200
speech-replay,2.8741,0.032800
speech-replay,2.8308,0.026100
speech-replay,2.3706,0.020200
speech-replay,2.5094,0.022300
speech-replay,2.3221,0.025300
speech-replay,2.6694,0.027500
speech-replay,2.7087,0.026300
speech-replay,2.9158,0.023800
speech-replay,2.4229,0.022900
speech-replay,2.3543,0.021200
speech-replay,2.4192,0.021800
speech-replay,3.1959,0.031500
speech-replay,2.9255,0.025400
speech-replay,2.8364,0.028200
speech-replay,3.6076,0.033000
speech-replay,2.8660,0.032600
speech-replay,2.9822,0.031800
speech-replay,2.8952,0.024500
speech-replay,2.9078,0.025600
speech-replay,2.5246,0.021500
speech-replay,2.2771,0.024300
speech-replay,3.0751,0.028800
speech-replay,2.8968,0.034900
speech-replay,2.5746,0.021700
speech-replay,3.1330,0.022400
speech-replay,2.3342,0.023000
speech-replay,3.0453,0.028000
speech-replay,2.6308,0.022800
speech-replay,2.5900,0.027600
speech-replay,2.7758,0.031000
speech-replay,2.6894,0.022300
speech-replay,2.9600,0.024600
speech-replay,2.8115,0.022200
speech-replay,2.4054,0.022000
speech-replay,2.3694,0.021600
speech-replay,2.2487,0.020800
speech-replay,2.8081,0.031600
speech-replay,2.9861,0.024200
speech-replay,3.2858,0.060200
speech-replay,4.4006,0.028100
speech-replay,3.4946,0.036500
speech-replay,3.2103,0.029300
speech-replay,3.4494,0.035400
speech-replay,3.9299,0.033500
speech-replay,2.7634,0.040100
speech-replay,3.7150,0.029400
speech-replay,3.1621,0.026900
speech-replay,3.0020,0.029100
speech-replay,2.7549,0.023900
speech-replay,3.1705,0.057000
speech-replay,3.0035,0.025700
speech-replay,2.6819,0.024300
speech-replay,2.7225,0.024600
speech-replay,2.4515,0.034100
speech-replay,3.3923,0.029500
speech-replay,2.7968,0.025200
speech-replay,2.8847,0.023600
speech-replay,2.5421,0.023800
speech-replay,2.5665,0.038500
speech-replay,2.7183,0.028300
speech-replay,2.5921,0.028600
speech-replay,2.9873,0.032600
speech-replay,2.6460,0.024000
speech-replay,2.3380,0.022300
speech-replay,2.4338,0.021700
speech-replay,2.5874,0.023100
speech-replay,2.7230,0.038000
speech-replay,2.8808,0.028800
speech-replay,2.5391,0.022800
speech-replay,2.3612,0.022000
speech-replay,2.4628,0.022100
speech-replay,2.7201,0.021700
speech-replay,2.9570,0.026700
speech-replay,3.3022,0.029500
speech-replay,2.8439,0.027900
speech-replay,2.8493,0.027100
speech-replay,2.4734,0.024900
speech-replay,2.7408,0.033500
speech-replay,3.5849,0.033200
speech-replay,2.9722,0.026500
speech-replay,2.6518,0.025800
speech-replay,2.4855,0.026900
speech-replay,2.7735,0.024500
speech-replay,2.7919,0.022300
speech-replay,3.0206,0.077200
speech-replay,3.6974,0.027400
speech-replay,3.1961,0.035200
speech-replay,3.2263,0.032200
speech-replay,2.9033,0.027600
speech-replay,2.9685,0.024500
speech-replay,2.5136,0.030800
speech-replay,3.3442,0.027500
speech-replay,2.9107,0.025800
speech-replay,2.9746,0.030200
speech-replay,3.0889,0.026500
speech-replay,3.1736,0.032800
speech-replay,3.0898,0.033200
speech-replay,3.0779,0.033100
speech-replay,3.1565,0.033600
speech-replay,3.0092,0.038100
speech-replay,3.6536,0.026200
speech-replay,2.7237,0.024000
speech-replay,2.5392,0.021900
speech-replay,2.4480,0.027900
speech-replay,2.4616,0.024500
speech-replay,3.0098,0.024400
speech-replay,2.7183,0.022200
speech-replay,2.5702,0.021900
speech-replay,2.6962,0.021000
speech-replay,2.6008,0.024100
speech-replay,2.7370,0.029900
speech-replay,2.9893,0.030200
speech-replay,3.0574,0.026100
speech-replay,2.6211,0.024600
speech-replay,2.6140,0.022800
speech-replay,3.3543,0.029100
speech-replay,2.9915,0.030900
speech-replay,2.8205,0.022000
speech-replay,2.5743,0.023300
speech-replay,2.3794,0.023200
speech-replay,2.5194,0.024100
speech-replay,2.6143,0.022100
speech-replay,2.3662,0.031300
speech-replay,3.1214,0.032200
speech-replay,2.5029,0.020000
speech-replay,2.7000,0.024300
speech-replay,2.4594,0.025100
speech-replay,2.6444,0.032000
speech-replay,3.4443,0.097600
speech-replay,3.0681,0.021100
speech-replay,2.5946,0.023100
speech-replay,2.4160,0.021000
speech-replay,2.4677,0.026300
speech-replay,3.1486,0.024100
speech-replay,2.8276,0.025400
speech-replay,2.8805,0.024200
speech-replay,2.7541,0.023000
speech-replay,2.4848,0.029500
speech-replay,3.6426,0.040600
speech-replay,3.0494,0.033600
speech-replay,2.7874,0.032000
speech-replay,2.7313,0.023600
speech-replay,2.6771,0.023700
speech-replay,2.6989,0.026000
speech-replay,2.5240,0.023200
speech-replay,3.2798,0.032600
speech-replay,3.1145,0.031800
speech-replay,3.0446,0.023800
speech-replay,2.5201,0.026000
speech-replay,2.5381,0.023200
speech-replay,2.4820,0.026200
speech-replay,2.4548,0.023600
speech-replay,2.5716,0.037700
speech-replay,2.9194,0.026400
speech-replay,2.8323,0.025900
speech-replay,3.2636,0.125300
speech-replay,2.7519,0.020600
speech-replay,2.8047,0.029800
speech-replay,2.8771,0.024400
speech-replay,2.3796,0.022600
speech-replay,3.3242,0.030400
speech-replay,2.6415,0.023900
speech-replay,2.4116,0.025900
speech-replay,2.5553,0.022000
speech-replay,2.5396,0.025700
speech-replay,3.1484,0.027600
speech-replay,2.7056,0.021000
speech-replay,2.2721,0.024400
speech-replay,2.4098,0.025200
speech-replay,2.4859,0.019800
speech-replay,2.7669,0.038400
speech-replay,3.0506,0.027800
speech-replay,2.7711,0.023400
speech-replay,2.7677,0.027600
speech-replay,2.6217,0.021700
speech-replay,2.3630,0.025200
speech-replay,2.9970,0.023000
speech-replay,2.5173,0.033800
speech-replay,2.9905,0.025200
speech-replay,2.8310,0.022600
speech-replay,2.3454,0.022100
speech-replay,2.5166,0.020500
speech-replay,2.2375,0.020400
speech-replay,2.5897,0.024500
speech-replay,2.8039,0.022800
speech-replay,2.5307,0.021500
speech-replay,2.4621,0.025700
speech-replay,2.7120,0.023500
speech-replay,2.3767,0.020300
speech-replay,2.8269,0.033400
speech-replay,3.2389,0.021700
speech-replay,3.3229,0.027500
speech-replay,3.0029,0.021000
speech-replay,2.5507,0.021200
speech-replay,3.0806,0.022600
speech-replay,3.1028,0.037300
speech-replay,3.2982,0.022800
speech-replay,2.6272,0.024300
speech-replay,2.6740,0.019200
speech-replay,2.6772,0.020100
speech-replay,2.4667,0.029400
speech-replay,3.7226,0.025500
speech-replay,2.8606,0.028100
speech-replay,2.9543,0.024100
speech-replay,3.0755,0.024900
speech-replay,2.8449,0.025800
speech-replay,3.8170,0.046600
speech-replay,3.3788,0.098800
speech-replay,3.2624,0.026800
speech-replay,3.1556,0.022800
speech-replay,2.9784,0.023500
speech-replay,2.9105,0.021800
speech-replay,3.1688,0.025100
speech-replay,2.7102,0.029500
speech-replay,3.2983,0.026200
speech-replay,2.7591,0.024100
speech-replay,2.5470,0.029600
speech-replay,2.8519,0.021400
speech-replay,2.7184,0.022500
speech-replay,2.6088,0.021300
speech-replay,2.5665,0.021500
speech-replay,2.4291,0.019500
speech-replay,4.2490,0.025800
speech-replay,3.0088,0.029600
speech-replay,3.0027,0.022100
speech-replay,2.5057,0.022300
speech-replay,3.0075,0.026400
speech-replay,3.0764,0.023000
speech-replay,3.3289,0.026300
speech-replay,3.2049,0.031000
speech-replay,2.9811,0.028000
speech-replay,2.6959,0.030800
speech-replay,2.7381,0.022100
speech-replay,2.9863,0.024300
speech-replay,2.8710,0.023900
speech-replay,2.9566,0.025400
speech-replay,3.5526,0.022400
speech-replay,2.9901,0.026600
speech-replay,2.9339,0.022500
speech-replay,2.7829,0.024300
speech-replay,3.2119,0.028100
speech-replay,2.7613,0.023500
speech-replay,3.3937,0.031400
speech-replay,3.2603,0.024200
speech-replay,3.2560,0.026000
speech-replay,3.0873,0.055500
speech-replay,4.0799,0.020700
speech-replay,24.4956,0.052100
speech-replay,3.5142,0.032600
speech-replay,3.0798,0.035100
speech-replay,3.1841,0.034000
speech-replay,3.7099,0.032200
speech-replay,3.1646,0.028000
speech-replay,2.9119,0.026600
speech-replay,2.8350,0.029800
speech-replay,2.9803,0.031100
speech-replay,2.7647,0.022300
speech-replay,3.8284,0.050600
speech-replay,3.0507,0.028600
speech-replay,3.3044,0.033200
speech-replay,2.6824,0.024200
speech-replay,2.3463,0.022800
speech-replay,2.5654,0.030000
speech-replay,2.7340,0.020500
speech-replay,2.8172,0.033200
speech-replay,3.4040,0.026000
speech-replay,2.5855,0.029900
speech-replay,3.5251,0.027400
speech-replay,2.7438,0.026700
speech-replay,2.8575,0.035500
speech-replay,2.8116,0.024800
speech-replay,3.0655,0.030500
speech-replay,3.0826,0.024700
speech-replay,2.4620,0.028600
speech-replay,3.1935,0.028300
speech-replay,3.0983,0.027400
speech-replay,2.7819,0.025700
speech-replay,2.6272,0.021600
speech-replay,2.5749,0.024700
speech-replay,2.9248,0.032500
speech-replay,2.6371,0.024500
speech-replay,3.0987,0.042400
speech-replay,3.1122,0.025800
speech-replay,2.8196,0.026600
speech-replay,3.3266,0.027700
speech-replay,2.5211,0.030900
speech-replay,3.1266,0.026800
speech-replay,2.8239,0.031700
speech-replay,3.2494,0.026900
speech-replay,2.8406,0.022100
speech-replay,2.7867,0.023400
speech-replay,2.9842,0.027300
speech-replay,2.6701,0.033400
speech-replay,2.6293,0.025600
speech-replay,2.3093,0.021600
speech-replay,2.2281,0.019900
speech-replay,2.4183,0.023900
speech-replay,2.5267,0.022900
speech-replay,2.4181,0.028000
speech-replay,2.7067,0.028600
speech-replay,2.7011,0.022700
speech-replay,2.7452,0.025100
speech-replay,2.5936,0.023100
speech-replay,2.9656,0.032600
speech-replay,3.1244,0.028100
speech-replay,2.4691,0.023500
speech-replay,2.8294,0.025000
speech-replay,2.6559,0.027800
speech-replay,2.8415,0.032700
speech-replay,2.9125,0.034500
speech-replay,3.4442,0.025200
speech-replay,2.8842,0.024300
speech-replay,2.4628,0.024200
speech-replay,2.4722,0.026000
speech-replay,2.8607,0.023700
speech-replay,2.4287,0.022000
speech-replay,2.7038,0.027300
speech-replay,2.7646,0.030400
speech-replay,2.4333,0.022600
speech-replay,3.0852,0.026400
speech-replay,2.6608,0.022300
speech-replay,2.7081,0.026500
speech-replay,2.7703,0.025900
speech-replay,2.3912,0.023300
speech-replay,2.9826,0.024000
speech-replay,2.7299,0.024900
speech-replay,2.4547,0.023200
speech-replay,2.3618,0.021800
speech-replay,2.7973,0.032100
speech-replay,2.9314,0.023200
speech-replay,2.6830,0.021100
speech-replay,2.6652,0.023000
speech-replay,2.7661,0.025900
speech-replay,2.6039,0.020800
speech-replay,2.5776,0.023000
speech-replay,2.7201,0.022400
speech-replay,2.4429,0.022200
speech-replay,3.3598,0.024500
speech-replay,2.5191,0.024600
speech-replay,2.8703,0.028000
speech-replay,2.7340,0.024400
speech-replay,2.4107,0.020800
speech-replay,2.8590,0.027800
speech-replay,2.7238,0.023600
speech-replay,2.9039,0.025500
speech-replay,2.6063,0.027300
speech-replay,3.1557,0.042200
speech-replay,3.7335,0.032100
speech-replay,2.7277,0.026000
speech-replay,2.8364,0.022000
speech-replay,2.5111,0.023900
speech-replay,2.7345,0.025900
speech-replay,2.4858,0.021400
speech-replay,2.5957,0.028400
speech-replay,2.9025,0.024500
speech-replay,2.9841,0.030300
speech-replay,2.6510,0.032200
speech-replay,2.6440,0.023100
speech-replay,2.7332,0.023400
speech-replay,2.7226,0.028900
speech-replay,2.9701,0.025600
speech-replay,2.6585,0.028800
speech-replay,3.5158,0.065300
speech-replay,2.8842,0.026500
speech-replay,3.8571,0.028100
speech-replay,3.2140,0.026300
speech-replay,3.1432,0.075600
speech-replay,2.8248,0.022100
speech-replay,2.6808,0.025000
speech-replay,2.9531,0.021700
speech-replay,2.4304,0.021700
speech-replay,2.5525,0.023500
speech-replay,2.5645,0.020400
speech-replay,2.3930,0.029000
speech-replay,2.6706,0.021200
speech-replay,2.6754,0.023600
speech-replay,2.6331,0.026700
speech-replay,2.4523,0.030600
speech-replay,2.7197,0.020900
speech-replay,2.6076,0.026500
speech-replay,2.4746,0.025100
speech-replay,2.3374,0.024000
speech-replay,3.3436,0.032000
speech-replay,2.9752,0.024900
speech-replay,3.3227,0.032600
speech-replay,3.1215,0.031700
speech-replay,3.3580,0.044600
speech-replay,3.6760,0.032400
speech-replay,4.3049,0.057900
speech-replay,3.1526,0.032200
speech-replay,3.2724,0.029600
speech-replay,3.3029,0.027400
speech-replay,2.9430,0.029300
speech-replay,2.7342,0.025800
speech-replay,2.9049,0.023900
speech-replay,2.6359,0.024800
speech-replay,2.6199,0.023700
speech-replay,2.5661,0.022500
speech-replay,2.5706,0.026300
speech-replay,2.4520,0.023100
speech-replay,3.2766,0.026100
speech-replay,2.5583,0.021700
speech-replay,2.8758,0.022700
speech-replay,2.5817,0.024700
speech-replay,2.9738,0.025300
speech-replay,2.6099,0.023200
speech-replay,2.4063,0.021400
speech-replay,3.0108,0.030600
speech-replay,3.3343,0.047700
speech-replay,3.2686,0.029900
speech-replay,2.5227,0.021300
speech-replay,2.2316,0.021300
speech-replay,3.0239,0.027400
speech-replay,2.8580,0.025100
speech-replay,2.8459,0.021800
speech-replay,2.4132,0.022700
speech-replay,2.5240,0.022000
speech-replay,2.9443,0.023600
speech-replay,2.5107,0.020600
speech-replay,2.3659,0.025700
speech-replay,2.7788,0.023800
speech-replay,2.4463,0.022200
speech-replay,2.5527,0.029400
speech-replay,2.9926,0.022300
speech-replay,2.4033,0.022600
speech-replay,2.5052,0.022200
speech-replay,2.5528,0.025700
speech-replay,2.6145,0.022000
speech-replay,2.5156,0.022800
speech-replay,2.9566,0.024300
speech-replay,2.6829,0.031700
speech-replay,3.1128,0.030300
speech-replay,2.7182,0.025000
speech-replay,2.8563,0.024000
speech-replay,2.7381,0.024100
speech-replay,2.6163,0.025300
speech-replay,3.2781,0.024100
speech-replay,2.3731,0.022700
speech-replay,2.6369,0.023400
speech-replay,2.8769,0.074800
speech-replay,3.3081,0.023400
speech-replay,2.7057,0.036400
speech-replay,3.0434,0.033000
speech-replay,3.0959,0.023000
speech-replay,2.6181,0.024200
speech-replay,2.9715,0.023600
speech-replay,2.7507,0.022800
speech-replay,2.4432,0.026300
speech-replay,2.7079,0.023600
speech-replay,2.6267,0.021200
speech-replay,2.9000,0.025800
speech-replay,2.9801,0.023900
speech-replay,2.5545,0.022400
speech-replay,3.1677,0.022400
speech-replay,2.3835,0.022100
speech-replay,2.5192,0.023900
speech-replay,2.6302,0.020900
speech-replay,2.2093,0.029400
speech-replay,4.0449,0.051800
speech-replay,2.7568,0.021300
speech-replay,2.6466,0.020400
speech-replay,2.4782,0.021800
speech-replay,2.4773,0.020800
speech-replay,2.4296,0.021400
speech-replay,2.5855,0.021500
speech-replay,2.4668,0.023200
speech-replay,2.3726,0.024900
speech-replay,2.6970,0.024400
speech-replay,2.4317,0.020400
speech-replay,2.3470,0.019800
speech-replay,2.2193,0.018700
speech-replay,2.9036,0.025200
speech-replay,2.7563,0.022800
speech-replay,2.7797,0.023600
speech-replay,2.5146,0.023300
speech-replay,2.5047,0.022200
speech-replay,2.6409,0.030700
speech-replay,2.8080,0.025200
speech-replay,2.7369,0.021800
speech-replay,2.7221,0.024600
speech-replay,2.5457,0.024400
speech-replay,2.2685,0.019700
speech-replay,2.4889,0.024200
speech-replay,2.5536,0.023000
speech-replay,2.5735,0.029400
speech-replay,2.8457,0.028200
speech-replay,2.5240,0.027300
speech-replay,2.9571,0.021600
speech-replay,2.6514,0.024800
speech-replay,2.4219,0.021000
speech-replay,3.1326,0.033600
speech-replay,2.6893,0.021400
speech-replay,2.8960,0.024700
speech-replay,2.8633,0.028100
speech-replay,2.9758,0.038400
speech-replay,3.4204,0.026600
speech-replay,2.5970,0.021400
speech-replay,2.4896,0.022800
speech-replay,2.4991,0.025400
speech-replay,2.5441,0.030000
speech-replay,4.2244,0.050400
speech-replay,3.7266,0.048000
speech-replay,3.4119,0.028000
speech-replay,3.3786,0.048500
speech-replay,4.8608,0.035000
speech-replay,4.3585,0.043000
speech-replay,3.7963,0.052100
speech-replay,4.1204,0.037600
speech-replay,3.5216,0.030600
speech-replay,3.5681,0.046800
speech-replay,3.9599,0.062400
speech-replay,4.4570,0.037300
speech-replay,4.2957,0.031300
speech-replay,3.2343,0.030500
speech-replay,3.1636,0.028700
speech-replay,3.1801,0.031800
speech-replay,3.8878,0.060600
speech-replay,3.6319,0.032100
speech-replay,3.4509,0.037100
speech-replay,3.6057,0.057500
speech-replay,3.3031,0.027200
speech-replay,2.9498,0.027400
speech-replay,3.4705,0.027900
speech-replay,2.9790,0.026400
speech-replay,3.3556,0.039300
speech-replay,2.9589,0.028100
speech-replay,3.0981,0.035800
speech-replay,3.3235,0.031400
speech-replay,2.9764,0.036500
speech-replay,3.3937,0.033300
speech-replay,3.3697,0.032200
speech-replay,2.9608,0.026900
speech-replay,2.7937,0.024200
speech-replay,3.0196,0.026500
speech-replay,3.2639,0.024000
speech-replay,3.6963,0.054500
speech-replay,3.3608,0.028600
speech-replay,3.2183,0.077500
speech-replay,4.1558,0.052200
speech-replay,4.1262,0.032000
speech-replay,3.0178,0.026700
speech-replay,3.1884,0.031700
speech-replay,3.0827,0.027600
speech-replay,3.3637,0.038300
speech-replay,3.8622,0.032900
speech-replay,3.1242,0.028100
speech-replay,2.9559,0.031900
speech-replay,3.5059,0.035000
speech-replay,3.2390,0.027500
speech-replay,2.7812,0.035200
speech-replay,2.9167,0.031400
speech-replay,2.7890,0.023800
speech-replay,2.9448,0.029900
speech-replay,2.7770,0.023400
speech-replay,2.9066,0.041200
speech-replay,3.1050,0.030000
speech-replay,2.7939,0.022600
speech-replay,2.9977,0.028000
speech-replay,3.0816,0.026100
speech-replay,6.1210,0.109000
speech-replay,3.4498,0.029100
speech-replay,2.9308,0.027800
speech-replay,3.5384,0.033600
speech-replay,2.9777,0.059500
speech-replay,2.8285,0.029400
speech-replay,3.0423,0.027100
speech-replay,2.8390,0.039700
speech-replay,3.2148,0.026200
speech-replay,2.7325,0.025700
speech-replay,3.8144,0.067600
speech-replay,3.5168,0.027100
speech-replay,2.8052,0.030700
speech-replay,3.7642,0.040400
speech-replay,2.9247,0.030400
speech-replay,3.1811,0.028600
speech-replay,3.2475,0.048100
speech-replay,3.4008,0.034400
speech-replay,2.6844,0.025800
speech-replay,2.5516,0.038800
speech-replay,2.7954,0.023400
speech-replay,2.3463,0.026300
speech-replay,2.8281,0.023100
speech-replay,2.6377,0.023500
speech-replay,2.3186,0.021500
speech-replay,2.3443,0.022600
speech-replay,2.3130,0.020400
speech-replay,2.6464,0.034400
speech-replay,3.2320,0.028600
speech-replay,3.1500,0.031800
speech-replay,2.8084,0.027400
speech-replay,2.8658,0.023300
speech-replay,2.9750,0.024000
speech-replay,2.6171,0.021700
speech-replay,2.7054,0.030600
speech-replay,3.4064,0.027000
speech-replay,2.8136,0.026600
speech-replay,3.6566,0.024900
speech-replay,2.5018,0.022700
speech-replay,3.0469,0.028200
speech-replay,2.6956,0.024600
speech-replay,2.5941,0.042900
speech-replay,4.4523,0.044400
speech-replay,4.2024,0.064100
speech-replay,4.7097,0.049900
speech-replay,3.6461,0.029200
speech-replay,2.9062,0.032300
speech-replay,2.8948,0.036800
speech-replay,2.9994,0.045700
speech-replay,3.7340,0.032000
speech-replay,3.1931,0.027800
speech-replay,2.8304,0.035600
speech-replay,3.3198,0.032100
speech-replay,3.6048,0.055300
speech-replay,3.2691,0.034300
speech-replay,3.1617,0.027700
speech-replay,3.5401,0.031200
speech-replay,3.0741,0.031300
speech-replay,3.0442,0.030500
speech-replay,3.3357,0.047200
speech-replay,3.7399,0.029700
speech-replay,2.7502,0.023900
speech-replay,3.2449,0.033300
speech-replay,2.9096,0.024000
speech-replay,2.5493,0.030400
speech-replay,2.6662,0.023400
speech-replay,2.5172,0.023700
speech-replay,3.2495,0.036200
speech-replay,3.0124,0.023700
speech-replay,2.5502,0.023700
speech-replay,2.7790,0.024700
speech-replay,2.7664,0.027000
speech-replay,3.3222,0.027600
speech-replay,2.8128,0.029100
speech-replay,3.0695,0.030000
speech-replay,3.0421,0.025000
speech-replay,2.8368,0.025200
speech-replay,2.8039,0.050000
speech-replay,2.9421,0.033100
speech-replay,3.1232,0.031000
speech-replay,3.2946,0.034900
speech-replay,3.2070,0.074500
speech-replay,2.9744,0.025700
speech-replay,2.6769,0.025100
speech-replay,2.8245,0.023300
speech-replay,2.6098,0.023200
speech-replay,3.8211,0.031400
speech-replay,2.9209,0.028600
speech-replay,3.2249,0.030800
speech-replay,2.7646,0.026300
speech-replay,2.6431,0.032200
speech-replay,2.9413,0.026900
speech-replay,2.6972,0.029500
speech-replay,3.1095,0.026600
speech-replay,2.5550,0.021100
speech-replay,2.8139,0.023500
speech-replay,4.2549,0.052000
speech-replay,3.1275,0.024700
speech-replay,2.6350,0.022800
speech-replay,2.4974,0.022800
speech-replay,3.0214,0.028600
speech-replay,3.2303,0.030000
speech-replay,3.0221,0.026400
speech-replay,2.6154,0.026300
speech-replay,2.3335,0.022300
speech-replay,2.7846,0.022600
speech-replay,2.5510,0.021000
speech-replay,3.7452,0.035400
speech-replay,3.1439,0.031500
speech-replay,3.6397,0.073400
speech-replay,3.6134,0.024400
speech-replay,2.7179,0.032000
speech-replay,2.7833,0.023700
speech-replay,2.8396,0.027600
speech-replay,2.6254,0.023900
speech-replay,2.8527,0.035700
speech-replay,3.8344,0.027200
speech-replay,2.8700,0.025600
speech-replay,2.6004,0.023100
speech-replay,2.6728,0.023000
speech-replay,2.7438,0.039800
speech-replay,3.1667,0.028500
speech-replay,2.5357,0.022200
speech-replay,2.7453,0.029000
speech-replay,2.8668,0.029600
speech-replay,3.1523,0.030300
speech-replay,3.1953,0.023800
speech-replay,2.5258,0.024900
speech-replay,2.7877,0.023500
speech-replay,2.6282,0.024800
speech-replay,2.7407,0.031300
speech-replay,3.1775,0.024200
speech-replay,2.7524,0.023500
speech-replay,2.9692,0.038800
speech-replay,3.1257,0.033100
speech-replay,3.1520,0.031100
speech-replay,3.1950,0.024800
speech-replay,2.5249,0.025700
speech-replay,2.5484,0.022100
speech-replay,2.8953,0.048100
speech-replay,3.7827,0.049700
speech-replay,3.2319,0.030100
speech-replay,2.8491,0.026300
speech-replay,2.8414,0.027800
speech-replay,2.9391,0.040600
speech-replay,3.0904,0.031500
speech-replay,2.4518,0.023800
speech-replay,3.2463,0.033200
speech-replay,2.9957,0.023000
speech-replay,3.6081,0.032800
speech-replay,2.7567,0.029300
speech-replay,2.9958,0.033400
speech-replay,3.1288,0.025300
speech-replay,3.0123,0.028900
speech-replay,2.8625,0.031100
speech-replay,2.9155,0.025100
speech-replay,3.5956,0.061900
speech-replay,3.2850,0.028500
speech-replay,3.5217,0.031600
speech-replay,3.2762,0.031700
speech-replay,3.2508,0.041400
speech-replay,2.9302,0.024000
speech-replay,3.0066,0.033300
speech-replay,4.0728,0.036100
speech-replay,4.3535,0.043700
speech-replay,3.0307,0.072800
speech-replay,3.0278,0.027100
speech-replay,2.9217,0.030100
speech-replay,3.4579,0.042600
speech-replay,3.8009,0.045200
speech-replay,3.3925,0.028900
speech-replay,2.9090,0.028200
speech-replay,2.6931,0.028700
speech-replay,2.8563,0.033500
speech-replay,3.2420,0.031900
speech-replay,4.4444,0.037100
speech-replay,2.9559,0.027900
speech-replay,3.0835,0.028100
speech-replay,3.1023,0.050100
speech-replay,3.6281,0.028200
speech-replay,2.9521,0.023800
speech-replay,3.1375,0.042800
speech-replay,3.3585,0.027500
speech-replay,2.9771,0.033100
speech-replay,3.2232,0.051200
speech-replay,3.2284,0.035200
speech-replay,3.0874,0.029000
speech-replay,2.6953,0.028900
speech-replay,2.8579,0.029200
speech-replay,2.5783,0.027100
speech-replay,3.0941,0.026300
speech-replay,2.8425,0.033300
speech-replay,2.7006,0.022700
speech-replay,3.2534,0.043700
speech-replay,3.0902,0.028200
speech-replay,3.2473,0.026700
speech-replay,3.1868,0.025100
speech-replay,2.8868,0.033400
speech-replay,2.9912,0.028900
speech-replay,3.1643,0.037000
speech-replay,3.5185,0.027000
speech-replay,3.0035,0.045100
speech-replay,3.1173,0.030900
speech-replay,2.7421,0.032300
speech-replay,2.9860,0.038200
speech-replay,2.8958,0.024700
speech-replay,2.9534,0.028900
speech-replay,3.2728,0.034600
speech-replay,3.3090,0.026700
speech-replay,3.3715,0.025600
speech-replay,2.6757,0.044000
speech-replay,3.5999,0.025500
speech-replay,2.8504,0.028100
speech-replay,3.9714,0.035300
speech-replay,3.1535,0.024800
speech-replay,3.1183,0.033000
speech-replay,3.2588,0.027500
speech-replay,2.9261,0.027200
speech-replay,3.1583,0.027500
speech-replay,3.0812,0.027500
speech-replay,3.0257,0.030400
speech-replay,3.0369,0.027400
speech-replay,2.6373,0.025100
speech-replay,2.5612,0.028100
speech-replay,2.7442,0.027300
speech-replay,2.8352,0.026500
speech-replay,2.7205,0.030700
speech-replay,3.4336,0.033400
speech-replay,2.9129,0.023200
speech-replay,3.4223,0.040500
speech-replay,3.0529,0.032500
speech-replay,2.9227,0.032900
speech-replay,3.0396,0.035400
speech-replay,2.6993,0.028800
speech-replay,2.8810,0.026400
speech-replay,2.4856,0.026400
speech-replay,2.9369,0.030200
speech-replay,2.9727,0.029100
speech-replay,2.6459,0.028900
speech-replay,2.6392,0.041400
speech-replay,2.8427,0.026600
speech-replay,3.3084,0.025500
speech-replay,2.7505,0.022400
speech-replay,2.8700,0.026600
speech-replay,3.0377,0.029900
speech-replay,2.7214,0.027100
speech-replay,3.4763,0.032800
speech-replay,2.9309,0.026000
speech-replay,3.2533,0.042200
speech-replay,2.7405,0.024200
speech-replay,2.7362,0.023800
speech-replay,2.9874,0.032000
speech-replay,2.9514,0.034600
speech-replay,4.1556,0.029100
speech-replay,2.6188,0.028700
speech-replay,3.7942,0.029600
speech-replay,2.9365,0.025000
speech-replay,3.2789,0.027100
speech-replay,2.7246,0.027500
speech-replay,2.7712,0.024900
speech-replay,3.1189,0.024900
speech-replay,4.8088,0.035500
speech-replay,3.3553,0.028200
speech-replay,2.8218,0.037000
speech-replay,2.9909,0.026600
speech-replay,3.8951,0.044300
speech-replay,3.5177,0.028000
speech-replay,2.9597,0.025400
speech-replay,3.0422,0.027400
speech-replay,3.1673,0.039100
speech-replay,3.1741,0.032200
speech-replay,3.6525,0.031200
speech-replay,3.3183,0.027100
speech-replay,2.6339,0.024000
speech-replay,2.9782,0.024800
speech-replay,2.8926,0.024400
speech-replay,3.5714,0.039600
speech-replay,3.7661,0.035400
speech-replay,3.0758,0.029100
speech-replay,3.0327,0.027300
speech-replay,2.6596,0.031200
speech-replay,2.7181,0.029300
speech-replay,2.7804,0.034000
speech-replay,2.9588,0.027800
speech-replay,2.9582,0.029900
speech-replay,3.3067,0.028400
speech-replay,2.8367,0.030100
speech-replay,2.5789,0.022200
speech-replay,3.2805,0.026600
speech-replay,3.1492,0.026500
speech-replay,2.8572,0.023800
speech-replay,3.0076,0.029500
speech-replay,2.9350,0.028800
speech-replay,2.6642,0.024400
speech-replay,2.5999,0.022800
speech-replay,2.9063,0.023400
speech-replay,2.9965,0.024900
speech-replay,2.7014,0.023400
speech-replay,3.0038,0.026500
speech-replay,2.8619,0.031600
speech-replay,3.5222,0.045100
speech-replay,3.5722,0.135800
speech-replay,4.0832,0.031100
speech-replay,3.6007,0.066800
speech-replay,4.1928,0.073200
speech-replay,3.8035,0.041100
speech-replay,3.5176,0.050500
speech-replay,4.6688,0.044100
speech-replay,6.1580,0.067400
speech-replay,4.9422,0.062500
speech-replay,4.2254,0.036700
speech-replay,4.0692,0.044200
speech-replay,4.8077,0.035600
speech-replay,3.7683,0.035100
speech-replay,3.6303,0.031700
speech-replay,4.1656,0.032500
speech-replay,3.5828,0.045600
speech-replay,4.8719,0.038000
speech-replay,5.1751,0.048700
speech-replay,3.8909,0.035800
speech-replay,3.4626,0.039600
speech-replay,4.8168,0.065900
speech-replay,7.2756,0.039100
speech-replay,3.8434,0.036800
speech-replay,3.3693,0.049600
speech-replay,3.7619,0.037900
speech-replay,3.4317,0.033600
speech-replay,3.1028,0.083200
speech-replay,3.6917,0.035600
speech-replay,3.4152,0.030600
speech-replay,3.3211,0.027000
speech-replay,3.2068,0.032200
speech-replay,3.1503,0.032200
speech-replay,3.2958,0.025100
speech-replay,2.9413,0.029100
speech-replay,3.4258,0.034200
speech-replay,3.1414,0.034600
speech-replay,3.3224,0.028300
speech-replay,2.8625,0.034000
speech-replay,3.4402,0.031700
speech-replay,2.7702,0.022400
speech-replay,2.7925,0.025900
speech-replay,2.5614,0.022500
speech-replay,2.3832,0.021700
speech-replay,2.9820,0.025900
speech-replay,2.7266,0.024400
speech-replay,2.6331,0.023200
speech-replay,2.8093,0.022500
speech-replay,3.0310,0.026900
speech-replay,3.1066,0.023800
speech-replay,2.6237,0.021000
speech-replay,2.8103,0.026900
speech-replay,2.8229,0.022400
speech-replay,2.9046,0.030600
speech-replay,2.8122,0.025500
speech-replay,2.5485,0.022100
speech-replay,3.1954,0.028000
speech-replay,3.2518,0.023200
speech-replay,2.4473,0.032900
speech-replay,2.8047,0.030500
speech-replay,2.8671,0.044500
speech-replay,3.6337,0.028800
speech-replay,2.8594,0.023000
speech-replay,2.4980,0.022400
speech-replay,2.7745,0.024400
speech-replay,2.5216,0.026300
speech-replay,2.8864,0.037700
speech-replay,2.8223,0.022800
speech-replay,2.8666,0.040600
speech-replay,2.7144,0.021500
speech-replay,2.3485,0.021700
speech-replay,2.7991,0.022000
speech-replay,2.5477,0.020500
speech-replay,2.6065,0.022900
speech-replay,2.8602,0.026100
speech-replay,2.6905,0.026200
speech-replay,2.8299,0.025300
speech-replay,2.8889,0.021600
speech-replay,2.5236,0.022500
speech-replay,2.7328,0.020900
speech-replay,2.3795,0.020300
speech-replay,2.9569,0.025100
speech-replay,2.7976,0.022800
speech-replay,3.1882,0.025400
speech-replay,2.8325,0.022900
speech-replay,2.2938,0.020200
speech-replay,2.8895,0.029400
speech-replay,2.8926,0.023500
speech-replay,2.6592,0.026700
speech-replay,2.8383,0.025700
speech-replay,2.4528,0.020100
speech-replay,2.7669,0.019800
speech-replay,2.4259,0.022500
speech-replay,2.5680,0.029400
speech-replay,3.6838,0.036800
speech-replay,2.9081,0.024800
speech-replay,2.5243,0.023400
speech-replay,2.7596,0.036400
speech-replay,2.8041,0.027900
speech-replay,2.7233,0.025300
speech-replay,2.5180,0.023600
speech-replay,2.9272,0.029500
speech-replay,2.9045,0.021900
speech-replay,3.0001,0.030800
speech-replay,3.5294,0.027700
speech-replay,3.0493,0.031600
speech-replay,2.7595,0.024100
speech-replay,2.6453,0.019900
speech-replay,2.6165,0.023300
speech-replay,2.6735,0.025000
speech-replay,2.6316,0.026400
speech-replay,3.6136,0.029800
speech-replay,2.8166,0.022000
speech-replay,3.2067,0.025800
speech-replay,2.8434,0.026800
speech-replay,3.7089,0.034400
speech-replay,3.2787,0.030000
speech-replay,2.7231,0.027100
speech-replay,2.6514,0.027100
speech-replay,2.5078,0.032600
speech-replay,3.5087,0.036300
speech-replay,3.0856,0.023500
speech-replay,2.9493,0.025300
speech-replay,2.5814,0.021300
speech-replay,2.3614,0.028300
speech-replay,2.7426,0.029000
speech-replay,2.6665,0.030200
speech-replay,2.8833,0.030800
speech-replay,2.7172,0.022400
speech-replay,2.2787,0.023500
speech-replay,3.1362,0.025300
speech-replay,2.5870,0.022000
speech-replay,3.5718,0.034800
speech-replay,3.0074,0.025000
speech-replay,2.7665,0.024900
speech-replay,3.0094,0.028700
speech-replay,2.8721,0.026300
speech-replay,3.0344,0.027900
speech-replay,2.5169,0.020800
speech-replay,2.9522,0.033400
speech-replay,2.6418,0.021200
speech-replay,2.3816,0.022600
speech-replay,3.2294,0.026400
speech-replay,3.0444,0.031400
speech-replay,3.2705,0.034400
speech-replay,3.2906,0.023200
speech-replay,2.9255,0.040300
speech-replay,2.8164,0.023400
speech-replay,2.4351,0.020900
speech-replay,2.4716,0.022700
speech-replay,2.5235,0.022700
speech-replay,2.4485,0.021200
speech-replay,2.5758,0.031400
speech-replay,2.4983,0.021000
speech-replay,3.1085,0.030500
speech-replay,3.0646,0.024700
speech-replay,2.4871,0.024100
speech-replay,2.6422,0.021100
speech-replay,2.4100,0.020500
speech-replay,2.2637,0.021300
speech-replay,3.1501,0.022600
speech-replay,2.8995,0.026700
